sentence_id,entity,tier,template_id,template_type,n_tokens,n_entity_tokens,resid_post_norm,mlp_out_norm,attn_to_mean
T01_child,child,T1,T01,pain_suffering,6,1,118.8125,84.5625,0.055938720703125
T02_child,child,T1,T02,pain_suffering,9,1,134.5,115.8125,0.0251312255859375
T03_child,child,T1,T03,pain_suffering,10,1,118.8125,84.5625,0.043731689453125
T04_child,child,T1,T04,pain_suffering,12,1,127.875,100.8125,0.0277862548828125
T05_child,child,T1,T05,fear,9,1,118.8125,84.5625,0.045440673828125
T06_child,child,T1,T06,fear,10,1,118.8125,84.5625,0.041107177734375
T07_child,child,T1,T07,fear,13,1,107.3125,109.25,0.0203094482421875
T08_child,child,T1,T08,fear,8,1,118.8125,84.5625,0.0450439453125
T09_child,child,T1,T09,scientific_welfare,9,1,115.9375,110.625,0.0238800048828125
T10_child,child,T1,T10,scientific_welfare,12,1,114.4375,108.5,0.0277862548828125
T11_child,child,T1,T11,scientific_welfare,12,1,100.8125,91.8125,0.01947021484375
T12_child,child,T1,T12,scientific_welfare,11,1,120.125,101.0,0.036346435546875
T13_child,child,T1,T13,moral_consideration,10,1,118.8125,84.5625,0.0408935546875
T14_child,child,T1,T14,moral_consideration,13,1,99.8125,91.875,0.02142333984375
T15_child,child,T1,T15,moral_consideration,12,1,92.625,102.625,0.01053619384765625
T16_child,child,T1,T16,moral_consideration,13,1,123.1875,102.4375,0.0261688232421875
T17_child,child,T1,T17,neutral_control,7,1,118.8125,84.5625,0.052490234375
T18_child,child,T1,T18,neutral_control,8,1,118.8125,84.5625,0.0465087890625
T19_child,child,T1,T19,neutral_control,12,1,115.5,102.4375,0.0361328125
T20_child,child,T1,T20,neutral_control,8,1,118.8125,84.5625,0.04510498046875
T21_child,child,T1,T21,cross_framing,14,1,118.8125,84.5625,0.0345458984375
T22_child,child,T1,T22,cross_framing,15,1,109.5,86.0625,0.027130126953125
T23_child,child,T1,T23,cross_framing,17,1,105.875,92.1875,0.0204010009765625
T24_child,child,T1,T24,cross_framing,21,1,128.625,116.625,0.01739501953125
T25_child,child,T1,T25,cross_framing,19,1,118.8125,84.5625,0.034393310546875
T01_elderly_person,elderly person,T1,T01,pain_suffering,7,2,138.625,113.25,0.04425048828125
T02_elderly_person,elderly person,T1,T02,pain_suffering,10,2,142.0,128.5,0.024139404296875
T03_elderly_person,elderly person,T1,T03,pain_suffering,11,2,138.625,113.25,0.036865234375
T04_elderly_person,elderly person,T1,T04,pain_suffering,13,2,147.625,122.25,0.0220794677734375
T05_elderly_person,elderly person,T1,T05,fear,10,2,138.625,113.25,0.035980224609375
T06_elderly_person,elderly person,T1,T06,fear,11,2,138.625,113.25,0.032623291015625
T07_elderly_person,elderly person,T1,T07,fear,14,2,121.125,119.125,0.017730712890625
T08_elderly_person,elderly person,T1,T08,fear,9,2,138.625,113.25,0.035888671875
T09_elderly_person,elderly person,T1,T09,scientific_welfare,10,2,130.5,122.5,0.0236663818359375
T10_elderly_person,elderly person,T1,T10,scientific_welfare,13,2,128.375,122.3125,0.0261383056640625
T11_elderly_person,elderly person,T1,T11,scientific_welfare,13,2,118.0625,111.125,0.0193634033203125
T12_elderly_person,elderly person,T1,T12,scientific_welfare,12,2,143.375,120.375,0.0302581787109375
T13_elderly_person,elderly person,T1,T13,moral_consideration,11,2,138.625,113.25,0.03485107421875
T14_elderly_person,elderly person,T1,T14,moral_consideration,14,2,125.0625,116.75,0.020660400390625
T15_elderly_person,elderly person,T1,T15,moral_consideration,13,2,107.75,121.125,0.01268768310546875
T16_elderly_person,elderly person,T1,T16,moral_consideration,14,2,140.625,128.125,0.023468017578125
T17_elderly_person,elderly person,T1,T17,neutral_control,8,2,138.625,113.25,0.039886474609375
T18_elderly_person,elderly person,T1,T18,neutral_control,9,2,138.625,113.25,0.037689208984375
T19_elderly_person,elderly person,T1,T19,neutral_control,13,2,135.875,121.3125,0.028594970703125
T20_elderly_person,elderly person,T1,T20,neutral_control,9,2,138.625,113.25,0.036224365234375
T21_elderly_person,elderly person,T1,T21,cross_framing,15,2,138.625,113.25,0.02825927734375
T22_elderly_person,elderly person,T1,T22,cross_framing,16,2,127.0,110.75,0.02532958984375
T23_elderly_person,elderly person,T1,T23,cross_framing,18,2,129.375,117.1875,0.0199127197265625
T24_elderly_person,elderly person,T1,T24,cross_framing,22,2,138.5,132.25,0.0163726806640625
T25_elderly_person,elderly person,T1,T25,cross_framing,20,2,138.625,113.25,0.0264434814453125
T01_infant,infant,T1,T01,pain_suffering,6,1,114.875,86.625,0.058990478515625
T02_infant,infant,T1,T02,pain_suffering,9,1,123.125,110.25,0.029052734375
T03_infant,infant,T1,T03,pain_suffering,10,1,114.875,86.625,0.04986572265625
T04_infant,infant,T1,T04,pain_suffering,12,1,128.125,103.4375,0.0273895263671875
T05_infant,infant,T1,T05,fear,9,1,114.875,86.625,0.048980712890625
T06_infant,infant,T1,T06,fear,10,1,114.875,86.625,0.04290771484375
T07_infant,infant,T1,T07,fear,13,1,118.5625,114.0625,0.019195556640625
T08_infant,infant,T1,T08,fear,8,1,114.875,86.625,0.049407958984375
T09_infant,infant,T1,T09,scientific_welfare,9,1,107.6875,105.125,0.026763916015625
T10_infant,infant,T1,T10,scientific_welfare,12,1,105.5625,103.4375,0.0308074951171875
T11_infant,infant,T1,T11,scientific_welfare,12,1,98.6875,94.6875,0.02203369140625
T12_infant,infant,T1,T12,scientific_welfare,11,1,118.4375,101.75,0.038360595703125
T13_infant,infant,T1,T13,moral_consideration,10,1,114.875,86.625,0.042388916015625
T14_infant,infant,T1,T14,moral_consideration,13,1,97.0,93.6875,0.0213623046875
T15_infant,infant,T1,T15,moral_consideration,12,1,94.8125,101.375,0.01177215576171875
T16_infant,infant,T1,T16,moral_consideration,13,1,127.125,105.5,0.027801513671875
T17_infant,infant,T1,T17,neutral_control,7,1,114.875,86.625,0.053009033203125
T18_infant,infant,T1,T18,neutral_control,8,1,114.875,86.625,0.0499267578125
T19_infant,infant,T1,T19,neutral_control,12,1,113.8125,104.5,0.037750244140625
T20_infant,infant,T1,T20,neutral_control,8,1,114.875,86.625,0.047210693359375
T21_infant,infant,T1,T21,cross_framing,14,1,114.875,86.625,0.036590576171875
T22_infant,infant,T1,T22,cross_framing,15,1,105.25,82.75,0.0269012451171875
T23_infant,infant,T1,T23,cross_framing,17,1,108.75,97.875,0.0203857421875
T24_infant,infant,T1,T24,cross_framing,21,1,121.9375,109.8125,0.0178680419921875
T25_infant,infant,T1,T25,cross_framing,19,1,114.875,86.625,0.036468505859375
T01_patient,patient,T1,T01,pain_suffering,6,1,126.5625,98.1875,0.059722900390625
T02_patient,patient,T1,T02,pain_suffering,9,1,133.125,117.625,0.0290985107421875
T03_patient,patient,T1,T03,pain_suffering,10,1,126.5625,98.1875,0.049652099609375
T04_patient,patient,T1,T04,pain_suffering,12,1,159.0,111.6875,0.027496337890625
T05_patient,patient,T1,T05,fear,9,1,126.5625,98.1875,0.046722412109375
T06_patient,patient,T1,T06,fear,10,1,126.5625,98.1875,0.045257568359375
T07_patient,patient,T1,T07,fear,13,1,116.3125,107.8125,0.023223876953125
T08_patient,patient,T1,T08,fear,8,1,126.5625,98.1875,0.049713134765625
T09_patient,patient,T1,T09,scientific_welfare,9,1,135.625,118.75,0.0239105224609375
T10_patient,patient,T1,T10,scientific_welfare,12,1,134.25,119.4375,0.02764892578125
T11_patient,patient,T1,T11,scientific_welfare,12,1,116.8125,102.0,0.018341064453125
T12_patient,patient,T1,T12,scientific_welfare,11,1,147.0,116.25,0.034423828125
T13_patient,patient,T1,T13,moral_consideration,10,1,126.5625,98.1875,0.0469970703125
T14_patient,patient,T1,T14,moral_consideration,13,1,120.4375,108.6875,0.0228729248046875
T15_patient,patient,T1,T15,moral_consideration,12,1,104.0625,108.125,0.01062774658203125
T16_patient,patient,T1,T16,moral_consideration,13,1,141.75,116.25,0.0280609130859375
T17_patient,patient,T1,T17,neutral_control,7,1,126.5625,98.1875,0.054931640625
T18_patient,patient,T1,T18,neutral_control,8,1,126.5625,98.1875,0.05133056640625
T19_patient,patient,T1,T19,neutral_control,12,1,124.6875,111.0625,0.044464111328125
T20_patient,patient,T1,T20,neutral_control,8,1,126.5625,98.1875,0.048675537109375
T21_patient,patient,T1,T21,cross_framing,14,1,126.5625,98.1875,0.03887939453125
T22_patient,patient,T1,T22,cross_framing,15,1,121.25,104.375,0.0304412841796875
T23_patient,patient,T1,T23,cross_framing,17,1,132.875,115.0,0.022979736328125
T24_patient,patient,T1,T24,cross_framing,21,1,138.5,122.4375,0.0200653076171875
T25_patient,patient,T1,T25,cross_framing,19,1,126.5625,98.1875,0.035675048828125
T01_prisoner,prisoner,T1,T01,pain_suffering,6,1,124.5625,105.5,0.0579833984375
T02_prisoner,prisoner,T1,T02,pain_suffering,9,1,139.25,129.5,0.0282135009765625
T03_prisoner,prisoner,T1,T03,pain_suffering,10,1,124.5625,105.5,0.04595947265625
T04_prisoner,prisoner,T1,T04,pain_suffering,12,1,136.75,114.5,0.026763916015625
T05_prisoner,prisoner,T1,T05,fear,9,1,124.5625,105.5,0.041839599609375
T06_prisoner,prisoner,T1,T06,fear,10,1,124.5625,105.5,0.041473388671875
T07_prisoner,prisoner,T1,T07,fear,13,1,112.6875,119.25,0.022430419921875
T08_prisoner,prisoner,T1,T08,fear,8,1,124.5625,105.5,0.042266845703125
T09_prisoner,prisoner,T1,T09,scientific_welfare,9,1,104.0625,116.5,0.024932861328125
T10_prisoner,prisoner,T1,T10,scientific_welfare,12,1,107.5625,117.0625,0.0288848876953125
T11_prisoner,prisoner,T1,T11,scientific_welfare,12,1,94.5,102.375,0.021087646484375
T12_prisoner,prisoner,T1,T12,scientific_welfare,11,1,136.0,115.8125,0.03497314453125
T13_prisoner,prisoner,T1,T13,moral_consideration,10,1,124.5625,105.5,0.04571533203125
T14_prisoner,prisoner,T1,T14,moral_consideration,13,1,94.3125,97.375,0.0230865478515625
T15_prisoner,prisoner,T1,T15,moral_consideration,12,1,99.1875,122.1875,0.0113983154296875
T16_prisoner,prisoner,T1,T16,moral_consideration,13,1,131.625,123.0625,0.0284576416015625
T17_prisoner,prisoner,T1,T17,neutral_control,7,1,124.5625,105.5,0.05047607421875
T18_prisoner,prisoner,T1,T18,neutral_control,8,1,124.5625,105.5,0.049468994140625
T19_prisoner,prisoner,T1,T19,neutral_control,12,1,126.9375,118.3125,0.041717529296875
T20_prisoner,prisoner,T1,T20,neutral_control,8,1,124.5625,105.5,0.045074462890625
T21_prisoner,prisoner,T1,T21,cross_framing,14,1,124.5625,105.5,0.035797119140625
T22_prisoner,prisoner,T1,T22,cross_framing,15,1,101.8125,107.0,0.0295562744140625
T23_prisoner,prisoner,T1,T23,cross_framing,17,1,109.25,110.0,0.021392822265625
T24_prisoner,prisoner,T1,T24,cross_framing,21,1,138.25,129.625,0.0183563232421875
T25_prisoner,prisoner,T1,T25,cross_framing,19,1,124.5625,105.5,0.03338623046875
T01_refugee,refugee,T1,T01,pain_suffering,6,1,110.4375,89.9375,0.0615234375
T02_refugee,refugee,T1,T02,pain_suffering,9,1,114.5,113.8125,0.0305328369140625
T03_refugee,refugee,T1,T03,pain_suffering,10,1,110.4375,89.9375,0.05322265625
T04_refugee,refugee,T1,T04,pain_suffering,12,1,116.5,109.9375,0.0279998779296875
T05_refugee,refugee,T1,T05,fear,9,1,110.4375,89.9375,0.047760009765625
T06_refugee,refugee,T1,T06,fear,10,1,110.4375,89.9375,0.042999267578125
T07_refugee,refugee,T1,T07,fear,13,1,112.375,111.5,0.022186279296875
T08_refugee,refugee,T1,T08,fear,8,1,110.4375,89.9375,0.047149658203125
T09_refugee,refugee,T1,T09,scientific_welfare,9,1,110.75,103.375,0.0292510986328125
T10_refugee,refugee,T1,T10,scientific_welfare,12,1,107.875,104.75,0.032867431640625
T11_refugee,refugee,T1,T11,scientific_welfare,12,1,97.375,95.25,0.025634765625
T12_refugee,refugee,T1,T12,scientific_welfare,11,1,109.3125,103.375,0.039306640625
T13_refugee,refugee,T1,T13,moral_consideration,10,1,110.4375,89.9375,0.047698974609375
T14_refugee,refugee,T1,T14,moral_consideration,13,1,99.9375,89.0625,0.0275726318359375
T15_refugee,refugee,T1,T15,moral_consideration,12,1,98.0,105.25,0.01447296142578125
T16_refugee,refugee,T1,T16,moral_consideration,13,1,114.9375,103.3125,0.032257080078125
T17_refugee,refugee,T1,T17,neutral_control,7,1,110.4375,89.9375,0.056060791015625
T18_refugee,refugee,T1,T18,neutral_control,8,1,110.4375,89.9375,0.052276611328125
T19_refugee,refugee,T1,T19,neutral_control,12,1,114.5,112.9375,0.037322998046875
T20_refugee,refugee,T1,T20,neutral_control,8,1,110.4375,89.9375,0.044769287109375
T21_refugee,refugee,T1,T21,cross_framing,14,1,110.4375,89.9375,0.037261962890625
T22_refugee,refugee,T1,T22,cross_framing,15,1,115.9375,105.625,0.0338134765625
T23_refugee,refugee,T1,T23,cross_framing,17,1,105.5625,92.75,0.0261993408203125
T24_refugee,refugee,T1,T24,cross_framing,21,1,112.5625,109.1875,0.0215911865234375
T25_refugee,refugee,T1,T25,cross_framing,19,1,110.4375,89.9375,0.037811279296875
T01_soldier,soldier,T1,T01,pain_suffering,6,1,145.875,110.9375,0.059356689453125
T02_soldier,soldier,T1,T02,pain_suffering,9,1,140.25,123.75,0.027008056640625
T03_soldier,soldier,T1,T03,pain_suffering,10,1,145.875,110.9375,0.047454833984375
T04_soldier,soldier,T1,T04,pain_suffering,12,1,146.625,120.75,0.0279998779296875
T05_soldier,soldier,T1,T05,fear,9,1,145.875,110.9375,0.04595947265625
T06_soldier,soldier,T1,T06,fear,10,1,145.875,110.9375,0.04339599609375
T07_soldier,soldier,T1,T07,fear,13,1,105.875,113.5625,0.0224456787109375
T08_soldier,soldier,T1,T08,fear,8,1,145.875,110.9375,0.04693603515625
T09_soldier,soldier,T1,T09,scientific_welfare,9,1,122.6875,117.4375,0.02813720703125
T10_soldier,soldier,T1,T10,scientific_welfare,12,1,125.9375,119.125,0.0302581787109375
T11_soldier,soldier,T1,T11,scientific_welfare,12,1,99.625,103.0625,0.023040771484375
T12_soldier,soldier,T1,T12,scientific_welfare,11,1,138.75,118.3125,0.037322998046875
T13_soldier,soldier,T1,T13,moral_consideration,10,1,145.875,110.9375,0.044769287109375
T14_soldier,soldier,T1,T14,moral_consideration,13,1,113.6875,113.0625,0.0238800048828125
T15_soldier,soldier,T1,T15,moral_consideration,12,1,102.125,113.375,0.012603759765625
T16_soldier,soldier,T1,T16,moral_consideration,13,1,131.125,118.6875,0.027740478515625
T17_soldier,soldier,T1,T17,neutral_control,7,1,145.875,110.9375,0.0538330078125
T18_soldier,soldier,T1,T18,neutral_control,8,1,145.875,110.9375,0.05096435546875
T19_soldier,soldier,T1,T19,neutral_control,12,1,133.375,114.1875,0.041473388671875
T20_soldier,soldier,T1,T20,neutral_control,8,1,145.875,110.9375,0.046356201171875
T21_soldier,soldier,T1,T21,cross_framing,14,1,145.875,110.9375,0.037017822265625
T22_soldier,soldier,T1,T22,cross_framing,15,1,121.6875,110.3125,0.02935791015625
T23_soldier,soldier,T1,T23,cross_framing,17,1,121.375,114.1875,0.02294921875
T24_soldier,soldier,T1,T24,cross_framing,21,1,137.375,126.5625,0.0182037353515625
T25_soldier,soldier,T1,T25,cross_framing,19,1,145.875,110.9375,0.035675048828125
T01_teenager,teenager,T1,T01,pain_suffering,6,1,158.375,125.5,0.0574951171875
T02_teenager,teenager,T1,T02,pain_suffering,9,1,156.0,132.0,0.0270843505859375
T03_teenager,teenager,T1,T03,pain_suffering,10,1,158.375,125.5,0.046630859375
T04_teenager,teenager,T1,T04,pain_suffering,12,1,164.625,125.6875,0.0263214111328125
T05_teenager,teenager,T1,T05,fear,9,1,158.375,125.5,0.045562744140625
T06_teenager,teenager,T1,T06,fear,10,1,158.375,125.5,0.043121337890625
T07_teenager,teenager,T1,T07,fear,13,1,114.875,120.0625,0.0220184326171875
T08_teenager,teenager,T1,T08,fear,8,1,158.375,125.5,0.04541015625
T09_teenager,teenager,T1,T09,scientific_welfare,9,1,148.0,129.5,0.024322509765625
T10_teenager,teenager,T1,T10,scientific_welfare,12,1,151.75,129.0,0.0277557373046875
T11_teenager,teenager,T1,T11,scientific_welfare,12,1,116.875,112.5625,0.021728515625
T12_teenager,teenager,T1,T12,scientific_welfare,11,1,163.75,124.5,0.035003662109375
T13_teenager,teenager,T1,T13,moral_consideration,10,1,158.375,125.5,0.044036865234375
T14_teenager,teenager,T1,T14,moral_consideration,13,1,142.625,124.625,0.021820068359375
T15_teenager,teenager,T1,T15,moral_consideration,12,1,111.625,126.1875,0.012725830078125
T16_teenager,teenager,T1,T16,moral_consideration,13,1,160.125,137.25,0.0264739990234375
T17_teenager,teenager,T1,T17,neutral_control,7,1,158.375,125.5,0.05401611328125
T18_teenager,teenager,T1,T18,neutral_control,8,1,158.375,125.5,0.04864501953125
T19_teenager,teenager,T1,T19,neutral_control,12,1,147.625,125.3125,0.0390625
T20_teenager,teenager,T1,T20,neutral_control,8,1,158.375,125.5,0.04718017578125
T21_teenager,teenager,T1,T21,cross_framing,14,1,158.375,125.5,0.036376953125
T22_teenager,teenager,T1,T22,cross_framing,15,1,150.25,124.8125,0.030120849609375
T23_teenager,teenager,T1,T23,cross_framing,17,1,150.25,129.0,0.0218048095703125
T24_teenager,teenager,T1,T24,cross_framing,21,1,156.875,138.75,0.01922607421875
T25_teenager,teenager,T1,T25,cross_framing,19,1,158.375,125.5,0.035064697265625
T01_woman,woman,T1,T01,pain_suffering,6,1,157.375,120.875,0.058685302734375
T02_woman,woman,T1,T02,pain_suffering,9,1,154.0,134.75,0.02728271484375
T03_woman,woman,T1,T03,pain_suffering,10,1,157.375,120.875,0.044525146484375
T04_woman,woman,T1,T04,pain_suffering,12,1,158.125,121.375,0.0262908935546875
T05_woman,woman,T1,T05,fear,9,1,157.375,120.875,0.045745849609375
T06_woman,woman,T1,T06,fear,10,1,157.375,120.875,0.044158935546875
T07_woman,woman,T1,T07,fear,13,1,116.5,115.625,0.0210418701171875
T08_woman,woman,T1,T08,fear,8,1,157.375,120.875,0.046661376953125
T09_woman,woman,T1,T09,scientific_welfare,9,1,134.125,119.1875,0.0248260498046875
T10_woman,woman,T1,T10,scientific_welfare,12,1,141.125,121.25,0.029571533203125
T11_woman,woman,T1,T11,scientific_welfare,12,1,105.5,99.8125,0.0198211669921875
T12_woman,woman,T1,T12,scientific_welfare,11,1,152.875,122.875,0.03570556640625
T13_woman,woman,T1,T13,moral_consideration,10,1,157.375,120.875,0.043304443359375
T14_woman,woman,T1,T14,moral_consideration,13,1,126.5,117.1875,0.02197265625
T15_woman,woman,T1,T15,moral_consideration,12,1,110.4375,117.875,0.010772705078125
T16_woman,woman,T1,T16,moral_consideration,13,1,147.875,130.625,0.025238037109375
T17_woman,woman,T1,T17,neutral_control,7,1,157.375,120.875,0.053192138671875
T18_woman,woman,T1,T18,neutral_control,8,1,157.375,120.875,0.048797607421875
T19_woman,woman,T1,T19,neutral_control,12,1,143.875,123.3125,0.0372314453125
T20_woman,woman,T1,T20,neutral_control,8,1,157.375,120.875,0.046295166015625
T21_woman,woman,T1,T21,cross_framing,14,1,157.375,120.875,0.036376953125
T22_woman,woman,T1,T22,cross_framing,15,1,133.5,114.75,0.0279693603515625
T23_woman,woman,T1,T23,cross_framing,17,1,135.0,120.625,0.0222930908203125
T24_woman,woman,T1,T24,cross_framing,21,1,152.875,136.75,0.0181732177734375
T25_woman,woman,T1,T25,cross_framing,19,1,157.375,120.875,0.034820556640625
T01_worker,worker,T1,T01,pain_suffering,6,1,114.1875,90.5625,0.0595703125
T02_worker,worker,T1,T02,pain_suffering,9,1,114.5,106.875,0.0278472900390625
T03_worker,worker,T1,T03,pain_suffering,10,1,114.1875,90.5625,0.048126220703125
T04_worker,worker,T1,T04,pain_suffering,12,1,125.1875,110.0625,0.02862548828125
T05_worker,worker,T1,T05,fear,9,1,114.1875,90.5625,0.046905517578125
T06_worker,worker,T1,T06,fear,10,1,114.1875,90.5625,0.0438232421875
T07_worker,worker,T1,T07,fear,13,1,105.4375,113.8125,0.023101806640625
T08_worker,worker,T1,T08,fear,8,1,114.1875,90.5625,0.04791259765625
T09_worker,worker,T1,T09,scientific_welfare,9,1,110.0625,116.5,0.0267333984375
T10_worker,worker,T1,T10,scientific_welfare,12,1,109.5,113.8125,0.032379150390625
T11_worker,worker,T1,T11,scientific_welfare,12,1,98.25,99.0625,0.022796630859375
T12_worker,worker,T1,T12,scientific_welfare,11,1,121.5,111.75,0.038116455078125
T13_worker,worker,T1,T13,moral_consideration,10,1,114.1875,90.5625,0.046112060546875
T14_worker,worker,T1,T14,moral_consideration,13,1,93.375,99.5,0.0243377685546875
T15_worker,worker,T1,T15,moral_consideration,12,1,93.0,112.125,0.01270294189453125
T16_worker,worker,T1,T16,moral_consideration,13,1,111.1875,106.125,0.0283203125
T17_worker,worker,T1,T17,neutral_control,7,1,114.1875,90.5625,0.054931640625
T18_worker,worker,T1,T18,neutral_control,8,1,114.1875,90.5625,0.051666259765625
T19_worker,worker,T1,T19,neutral_control,12,1,104.8125,98.75,0.039337158203125
T20_worker,worker,T1,T20,neutral_control,8,1,114.1875,90.5625,0.047760009765625
T21_worker,worker,T1,T21,cross_framing,14,1,114.1875,90.5625,0.03741455078125
T22_worker,worker,T1,T22,cross_framing,15,1,106.5625,101.375,0.0312347412109375
T23_worker,worker,T1,T23,cross_framing,17,1,106.5625,104.875,0.0228424072265625
T24_worker,worker,T1,T24,cross_framing,21,1,106.75,108.1875,0.0195465087890625
T25_worker,worker,T1,T25,cross_framing,19,1,114.1875,90.5625,0.03533935546875
T01_chimpanzee,chimpanzee,T2,T01,pain_suffering,9,4,81.1875,53.9375,0.026336669921875
T02_chimpanzee,chimpanzee,T2,T02,pain_suffering,12,4,88.5,62.1875,0.01544952392578125
T03_chimpanzee,chimpanzee,T2,T03,pain_suffering,13,4,81.1875,53.9375,0.0218505859375
T04_chimpanzee,chimpanzee,T2,T04,pain_suffering,15,4,86.25,59.625,0.01428985595703125
T05_chimpanzee,chimpanzee,T2,T05,fear,12,4,81.1875,53.9375,0.0229949951171875
T06_chimpanzee,chimpanzee,T2,T06,fear,13,4,81.1875,53.9375,0.0202789306640625
T07_chimpanzee,chimpanzee,T2,T07,fear,16,4,81.6875,60.9375,0.01187896728515625
T08_chimpanzee,chimpanzee,T2,T08,fear,11,4,81.1875,53.9375,0.022247314453125
T09_chimpanzee,chimpanzee,T2,T09,scientific_welfare,12,4,76.9375,59.90625,0.0163726806640625
T10_chimpanzee,chimpanzee,T2,T10,scientific_welfare,15,4,77.3125,60.53125,0.0161895751953125
T11_chimpanzee,chimpanzee,T2,T11,scientific_welfare,15,4,67.625,58.21875,0.0135040283203125
T12_chimpanzee,chimpanzee,T2,T12,scientific_welfare,14,4,83.5625,57.84375,0.0186614990234375
T13_chimpanzee,chimpanzee,T2,T13,moral_consideration,13,4,81.1875,53.9375,0.02142333984375
T14_chimpanzee,chimpanzee,T2,T14,moral_consideration,16,4,71.75,58.75,0.01287841796875
T15_chimpanzee,chimpanzee,T2,T15,moral_consideration,15,4,74.9375,59.90625,0.01041412353515625
T16_chimpanzee,chimpanzee,T2,T16,moral_consideration,16,4,86.375,60.15625,0.014739990234375
T17_chimpanzee,chimpanzee,T2,T17,neutral_control,10,4,81.1875,53.9375,0.0249176025390625
T18_chimpanzee,chimpanzee,T2,T18,neutral_control,11,4,81.1875,53.9375,0.023834228515625
T19_chimpanzee,chimpanzee,T2,T19,neutral_control,15,4,85.5625,64.0625,0.017669677734375
T20_chimpanzee,chimpanzee,T2,T20,neutral_control,11,4,81.1875,53.9375,0.0223541259765625
T21_chimpanzee,chimpanzee,T2,T21,cross_framing,17,4,81.1875,53.9375,0.01763916015625
T22_chimpanzee,chimpanzee,T2,T22,cross_framing,18,4,84.6875,56.5625,0.0157928466796875
T23_chimpanzee,chimpanzee,T2,T23,cross_framing,20,4,74.75,59.03125,0.012298583984375
T24_chimpanzee,chimpanzee,T2,T24,cross_framing,24,4,86.0,59.8125,0.0104522705078125
T25_chimpanzee,chimpanzee,T2,T25,cross_framing,22,4,81.1875,53.9375,0.01690673828125
T01_cow,cow,T2,T01,pain_suffering,6,1,96.8125,75.0,0.05078125
T02_cow,cow,T2,T02,pain_suffering,9,1,94.5,88.0625,0.0239410400390625
T03_cow,cow,T2,T03,pain_suffering,10,1,96.8125,75.0,0.038726806640625
T04_cow,cow,T2,T04,pain_suffering,12,1,94.6875,92.0625,0.02447509765625
T05_cow,cow,T2,T05,fear,9,1,96.8125,75.0,0.0386962890625
T06_cow,cow,T2,T06,fear,10,1,96.8125,75.0,0.03521728515625
T07_cow,cow,T2,T07,fear,13,1,86.8125,79.8125,0.0169677734375
T08_cow,cow,T2,T08,fear,8,1,96.8125,75.0,0.0396728515625
T09_cow,cow,T2,T09,scientific_welfare,9,1,83.875,90.875,0.0227813720703125
T10_cow,cow,T2,T10,scientific_welfare,12,1,86.125,91.375,0.0250701904296875
T11_cow,cow,T2,T11,scientific_welfare,12,1,78.1875,84.5625,0.0190887451171875
T12_cow,cow,T2,T12,scientific_welfare,11,1,90.5625,85.625,0.0310516357421875
T13_cow,cow,T2,T13,moral_consideration,10,1,96.8125,75.0,0.0364990234375
T14_cow,cow,T2,T14,moral_consideration,13,1,84.0,80.0625,0.0202178955078125
T15_cow,cow,T2,T15,moral_consideration,12,1,81.6875,97.1875,0.01045989990234375
T16_cow,cow,T2,T16,moral_consideration,13,1,97.0625,87.3125,0.025543212890625
T17_cow,cow,T2,T17,neutral_control,7,1,96.8125,75.0,0.04486083984375
T18_cow,cow,T2,T18,neutral_control,8,1,96.8125,75.0,0.042572021484375
T19_cow,cow,T2,T19,neutral_control,12,1,95.8125,88.3125,0.0340576171875
T20_cow,cow,T2,T20,neutral_control,8,1,96.8125,75.0,0.0372314453125
T21_cow,cow,T2,T21,cross_framing,14,1,96.8125,75.0,0.030853271484375
T22_cow,cow,T2,T22,cross_framing,15,1,91.9375,74.8125,0.02410888671875
T23_cow,cow,T2,T23,cross_framing,17,1,89.375,85.125,0.0183868408203125
T24_cow,cow,T2,T24,cross_framing,21,1,94.9375,88.75,0.0157012939453125
T25_cow,cow,T2,T25,cross_framing,19,1,96.8125,75.0,0.032470703125
T01_dog,dog,T2,T01,pain_suffering,6,1,115.1875,88.625,0.0594482421875
T02_dog,dog,T2,T02,pain_suffering,9,1,112.375,105.0,0.02783203125
T03_dog,dog,T2,T03,pain_suffering,10,1,115.1875,88.625,0.04522705078125
T04_dog,dog,T2,T04,pain_suffering,12,1,120.375,105.0625,0.030487060546875
T05_dog,dog,T2,T05,fear,9,1,115.1875,88.625,0.049530029296875
T06_dog,dog,T2,T06,fear,10,1,115.1875,88.625,0.04400634765625
T07_dog,dog,T2,T07,fear,13,1,91.1875,98.125,0.020599365234375
T08_dog,dog,T2,T08,fear,8,1,115.1875,88.625,0.0499267578125
T09_dog,dog,T2,T09,scientific_welfare,9,1,95.8125,96.625,0.024566650390625
T10_dog,dog,T2,T10,scientific_welfare,12,1,95.8125,100.25,0.02716064453125
T11_dog,dog,T2,T11,scientific_welfare,12,1,86.5625,85.375,0.0225830078125
T12_dog,dog,T2,T12,scientific_welfare,11,1,108.25,99.75,0.0411376953125
T13_dog,dog,T2,T13,moral_consideration,10,1,115.1875,88.625,0.041595458984375
T14_dog,dog,T2,T14,moral_consideration,13,1,90.375,87.0625,0.021392822265625
T15_dog,dog,T2,T15,moral_consideration,12,1,81.75,94.8125,0.010528564453125
T16_dog,dog,T2,T16,moral_consideration,13,1,108.25,100.9375,0.028564453125
T17_dog,dog,T2,T17,neutral_control,7,1,115.1875,88.625,0.05426025390625
T18_dog,dog,T2,T18,neutral_control,8,1,115.1875,88.625,0.048919677734375
T19_dog,dog,T2,T19,neutral_control,12,1,108.75,101.75,0.039093017578125
T20_dog,dog,T2,T20,neutral_control,8,1,115.1875,88.625,0.04718017578125
T21_dog,dog,T2,T21,cross_framing,14,1,115.1875,88.625,0.0380859375
T22_dog,dog,T2,T22,cross_framing,15,1,95.4375,81.6875,0.02764892578125
T23_dog,dog,T2,T23,cross_framing,17,1,98.25,98.8125,0.0218353271484375
T24_dog,dog,T2,T24,cross_framing,21,1,108.375,104.5,0.01898193359375
T25_dog,dog,T2,T25,cross_framing,19,1,115.1875,88.625,0.037445068359375
T01_dolphin,dolphin,T2,T01,pain_suffering,7,2,81.375,77.875,0.040496826171875
T02_dolphin,dolphin,T2,T02,pain_suffering,10,2,87.125,85.0,0.01995849609375
T03_dolphin,dolphin,T2,T03,pain_suffering,11,2,81.375,77.875,0.0338134765625
T04_dolphin,dolphin,T2,T04,pain_suffering,13,2,85.625,81.6875,0.0194549560546875
T05_dolphin,dolphin,T2,T05,fear,10,2,81.375,77.875,0.034942626953125
T06_dolphin,dolphin,T2,T06,fear,11,2,81.375,77.875,0.030975341796875
T07_dolphin,dolphin,T2,T07,fear,14,2,80.625,80.125,0.01502227783203125
T08_dolphin,dolphin,T2,T08,fear,9,2,81.375,77.875,0.033843994140625
T09_dolphin,dolphin,T2,T09,scientific_welfare,10,2,74.9375,88.5,0.0215606689453125
T10_dolphin,dolphin,T2,T10,scientific_welfare,13,2,74.75,92.0625,0.0228118896484375
T11_dolphin,dolphin,T2,T11,scientific_welfare,13,2,64.0,85.9375,0.017486572265625
T12_dolphin,dolphin,T2,T12,scientific_welfare,12,2,79.75,89.125,0.0276947021484375
T13_dolphin,dolphin,T2,T13,moral_consideration,11,2,81.375,77.875,0.03173828125
T14_dolphin,dolphin,T2,T14,moral_consideration,14,2,68.9375,85.125,0.0172119140625
T15_dolphin,dolphin,T2,T15,moral_consideration,13,2,69.0625,87.3125,0.010498046875
T16_dolphin,dolphin,T2,T16,moral_consideration,14,2,82.0,85.3125,0.0199432373046875
T17_dolphin,dolphin,T2,T17,neutral_control,8,2,81.375,77.875,0.0384521484375
T18_dolphin,dolphin,T2,T18,neutral_control,9,2,81.375,77.875,0.036041259765625
T19_dolphin,dolphin,T2,T19,neutral_control,13,2,82.8125,85.75,0.027801513671875
T20_dolphin,dolphin,T2,T20,neutral_control,9,2,81.375,77.875,0.034423828125
T21_dolphin,dolphin,T2,T21,cross_framing,15,2,81.375,77.875,0.0269317626953125
T22_dolphin,dolphin,T2,T22,cross_framing,16,2,80.8125,80.125,0.023101806640625
T23_dolphin,dolphin,T2,T23,cross_framing,18,2,73.1875,85.0625,0.01617431640625
T24_dolphin,dolphin,T2,T24,cross_framing,22,2,84.0,86.125,0.01361846923828125
T25_dolphin,dolphin,T2,T25,cross_framing,20,2,81.375,77.875,0.02642822265625
T01_elephant,elephant,T2,T01,pain_suffering,6,1,104.5625,86.625,0.0625
T02_elephant,elephant,T2,T02,pain_suffering,9,1,115.875,107.375,0.02947998046875
T03_elephant,elephant,T2,T03,pain_suffering,10,1,104.5625,86.625,0.049041748046875
T04_elephant,elephant,T2,T04,pain_suffering,12,1,115.0,109.125,0.03094482421875
T05_elephant,elephant,T2,T05,fear,9,1,104.5625,86.625,0.0523681640625
T06_elephant,elephant,T2,T06,fear,10,1,104.5625,86.625,0.04388427734375
T07_elephant,elephant,T2,T07,fear,13,1,98.0,101.25,0.0238800048828125
T08_elephant,elephant,T2,T08,fear,8,1,104.5625,86.625,0.048828125
T09_elephant,elephant,T2,T09,scientific_welfare,9,1,89.75,97.5,0.0288238525390625
T10_elephant,elephant,T2,T10,scientific_welfare,12,1,92.75,102.0,0.03277587890625
T11_elephant,elephant,T2,T11,scientific_welfare,12,1,76.5625,88.75,0.0246734619140625
T12_elephant,elephant,T2,T12,scientific_welfare,11,1,96.3125,100.625,0.040557861328125
T13_elephant,elephant,T2,T13,moral_consideration,10,1,104.5625,86.625,0.0458984375
T14_elephant,elephant,T2,T14,moral_consideration,13,1,92.4375,98.0,0.0235748291015625
T15_elephant,elephant,T2,T15,moral_consideration,12,1,97.1875,111.0625,0.0123443603515625
T16_elephant,elephant,T2,T16,moral_consideration,13,1,113.3125,106.9375,0.0301971435546875
T17_elephant,elephant,T2,T17,neutral_control,7,1,104.5625,86.625,0.0574951171875
T18_elephant,elephant,T2,T18,neutral_control,8,1,104.5625,86.625,0.052978515625
T19_elephant,elephant,T2,T19,neutral_control,12,1,112.5625,110.8125,0.04193115234375
T20_elephant,elephant,T2,T20,neutral_control,8,1,104.5625,86.625,0.046539306640625
T21_elephant,elephant,T2,T21,cross_framing,14,1,104.5625,86.625,0.03912353515625
T22_elephant,elephant,T2,T22,cross_framing,15,1,93.25,85.0625,0.0310211181640625
T23_elephant,elephant,T2,T23,cross_framing,17,1,100.1875,101.5,0.024078369140625
T24_elephant,elephant,T2,T24,cross_framing,21,1,108.5625,104.625,0.01953125
T25_elephant,elephant,T2,T25,cross_framing,19,1,104.5625,86.625,0.040130615234375
T01_horse,horse,T2,T01,pain_suffering,6,1,117.625,87.0625,0.06268310546875
T02_horse,horse,T2,T02,pain_suffering,9,1,114.6875,103.1875,0.0286712646484375
T03_horse,horse,T2,T03,pain_suffering,10,1,117.625,87.0625,0.04925537109375
T04_horse,horse,T2,T04,pain_suffering,12,1,127.3125,102.25,0.0305328369140625
T05_horse,horse,T2,T05,fear,9,1,117.625,87.0625,0.05108642578125
T06_horse,horse,T2,T06,fear,10,1,117.625,87.0625,0.045257568359375
T07_horse,horse,T2,T07,fear,13,1,97.875,98.4375,0.0229949951171875
T08_horse,horse,T2,T08,fear,8,1,117.625,87.0625,0.0501708984375
T09_horse,horse,T2,T09,scientific_welfare,9,1,94.25,94.3125,0.02642822265625
T10_horse,horse,T2,T10,scientific_welfare,12,1,94.875,96.625,0.0281524658203125
T11_horse,horse,T2,T11,scientific_welfare,12,1,90.9375,91.875,0.02264404296875
T12_horse,horse,T2,T12,scientific_welfare,11,1,106.875,95.9375,0.036651611328125
T13_horse,horse,T2,T13,moral_consideration,10,1,117.625,87.0625,0.042755126953125
T14_horse,horse,T2,T14,moral_consideration,13,1,94.0625,82.9375,0.0215301513671875
T15_horse,horse,T2,T15,moral_consideration,12,1,90.125,99.875,0.01096343994140625
T16_horse,horse,T2,T16,moral_consideration,13,1,115.4375,101.6875,0.028411865234375
T17_horse,horse,T2,T17,neutral_control,7,1,117.625,87.0625,0.055999755859375
T18_horse,horse,T2,T18,neutral_control,8,1,117.625,87.0625,0.05133056640625
T19_horse,horse,T2,T19,neutral_control,12,1,106.5625,101.9375,0.0400390625
T20_horse,horse,T2,T20,neutral_control,8,1,117.625,87.0625,0.0477294921875
T21_horse,horse,T2,T21,cross_framing,14,1,117.625,87.0625,0.040069580078125
T22_horse,horse,T2,T22,cross_framing,15,1,100.9375,87.0625,0.0286102294921875
T23_horse,horse,T2,T23,cross_framing,17,1,104.3125,93.3125,0.0211029052734375
T24_horse,horse,T2,T24,cross_framing,21,1,113.125,105.625,0.0189666748046875
T25_horse,horse,T2,T25,cross_framing,19,1,117.625,87.0625,0.038482666015625
T01_pig,pig,T2,T01,pain_suffering,6,1,102.125,74.5,0.053314208984375
T02_pig,pig,T2,T02,pain_suffering,9,1,104.375,92.375,0.024932861328125
T03_pig,pig,T2,T03,pain_suffering,10,1,102.125,74.5,0.042877197265625
T04_pig,pig,T2,T04,pain_suffering,12,1,94.125,91.9375,0.0235595703125
T05_pig,pig,T2,T05,fear,9,1,102.125,74.5,0.04296875
T06_pig,pig,T2,T06,fear,10,1,102.125,74.5,0.0372314453125
T07_pig,pig,T2,T07,fear,13,1,94.3125,84.875,0.0176849365234375
T08_pig,pig,T2,T08,fear,8,1,102.125,74.5,0.042572021484375
T09_pig,pig,T2,T09,scientific_welfare,9,1,87.8125,87.9375,0.02215576171875
T10_pig,pig,T2,T10,scientific_welfare,12,1,91.1875,91.375,0.024627685546875
T11_pig,pig,T2,T11,scientific_welfare,12,1,87.4375,88.3125,0.02008056640625
T12_pig,pig,T2,T12,scientific_welfare,11,1,95.6875,85.9375,0.031494140625
T13_pig,pig,T2,T13,moral_consideration,10,1,102.125,74.5,0.040924072265625
T14_pig,pig,T2,T14,moral_consideration,13,1,88.5625,84.5625,0.0208740234375
T15_pig,pig,T2,T15,moral_consideration,12,1,87.3125,94.25,0.0100860595703125
T16_pig,pig,T2,T16,moral_consideration,13,1,104.6875,88.0625,0.025421142578125
T17_pig,pig,T2,T17,neutral_control,7,1,102.125,74.5,0.046234130859375
T18_pig,pig,T2,T18,neutral_control,8,1,102.125,74.5,0.044219970703125
T19_pig,pig,T2,T19,neutral_control,12,1,102.4375,93.125,0.032928466796875
T20_pig,pig,T2,T20,neutral_control,8,1,102.125,74.5,0.0399169921875
T21_pig,pig,T2,T21,cross_framing,14,1,102.125,74.5,0.03302001953125
T22_pig,pig,T2,T22,cross_framing,15,1,96.9375,74.0,0.0254974365234375
T23_pig,pig,T2,T23,cross_framing,17,1,94.9375,88.0625,0.0195465087890625
T24_pig,pig,T2,T24,cross_framing,21,1,102.125,90.6875,0.0158538818359375
T25_pig,pig,T2,T25,cross_framing,19,1,102.125,74.5,0.033721923828125
T01_rabbit,rabbit,T2,T01,pain_suffering,6,1,107.5,91.375,0.057373046875
T02_rabbit,rabbit,T2,T02,pain_suffering,9,1,113.625,110.0625,0.02886962890625
T03_rabbit,rabbit,T2,T03,pain_suffering,10,1,107.5,91.375,0.045440673828125
T04_rabbit,rabbit,T2,T04,pain_suffering,12,1,114.125,108.6875,0.025665283203125
T05_rabbit,rabbit,T2,T05,fear,9,1,107.5,91.375,0.047760009765625
T06_rabbit,rabbit,T2,T06,fear,10,1,107.5,91.375,0.04132080078125
T07_rabbit,rabbit,T2,T07,fear,13,1,96.1875,99.5,0.021881103515625
T08_rabbit,rabbit,T2,T08,fear,8,1,107.5,91.375,0.0458984375
T09_rabbit,rabbit,T2,T09,scientific_welfare,9,1,94.6875,103.75,0.0261077880859375
T10_rabbit,rabbit,T2,T10,scientific_welfare,12,1,94.8125,109.0,0.0299835205078125
T11_rabbit,rabbit,T2,T11,scientific_welfare,12,1,98.625,105.0625,0.0224151611328125
T12_rabbit,rabbit,T2,T12,scientific_welfare,11,1,103.375,108.5,0.0350341796875
T13_rabbit,rabbit,T2,T13,moral_consideration,10,1,107.5,91.375,0.044219970703125
T14_rabbit,rabbit,T2,T14,moral_consideration,13,1,85.875,96.4375,0.0230255126953125
T15_rabbit,rabbit,T2,T15,moral_consideration,12,1,91.0625,111.125,0.0120849609375
T16_rabbit,rabbit,T2,T16,moral_consideration,13,1,109.3125,108.75,0.029144287109375
T17_rabbit,rabbit,T2,T17,neutral_control,7,1,107.5,91.375,0.051422119140625
T18_rabbit,rabbit,T2,T18,neutral_control,8,1,107.5,91.375,0.048187255859375
T19_rabbit,rabbit,T2,T19,neutral_control,12,1,107.375,109.0625,0.040985107421875
T20_rabbit,rabbit,T2,T20,neutral_control,8,1,107.5,91.375,0.04412841796875
T21_rabbit,rabbit,T2,T21,cross_framing,14,1,107.5,91.375,0.03692626953125
T22_rabbit,rabbit,T2,T22,cross_framing,15,1,98.9375,92.8125,0.0309906005859375
T23_rabbit,rabbit,T2,T23,cross_framing,17,1,96.8125,103.0625,0.022369384765625
T24_rabbit,rabbit,T2,T24,cross_framing,21,1,105.0,109.0625,0.019256591796875
T25_rabbit,rabbit,T2,T25,cross_framing,19,1,107.5,91.375,0.03790283203125
T01_rat,rat,T2,T01,pain_suffering,6,1,91.75,81.4375,0.052978515625
T02_rat,rat,T2,T02,pain_suffering,9,1,99.625,93.625,0.0255279541015625
T03_rat,rat,T2,T03,pain_suffering,10,1,91.75,81.4375,0.043304443359375
T04_rat,rat,T2,T04,pain_suffering,12,1,108.6875,104.375,0.0253448486328125
T05_rat,rat,T2,T05,fear,9,1,91.75,81.4375,0.043243408203125
T06_rat,rat,T2,T06,fear,10,1,91.75,81.4375,0.0377197265625
T07_rat,rat,T2,T07,fear,13,1,92.3125,85.875,0.0179443359375
T08_rat,rat,T2,T08,fear,8,1,91.75,81.4375,0.042724609375
T09_rat,rat,T2,T09,scientific_welfare,9,1,92.25,96.75,0.024566650390625
T10_rat,rat,T2,T10,scientific_welfare,12,1,90.125,95.125,0.027191162109375
T11_rat,rat,T2,T11,scientific_welfare,12,1,98.4375,98.375,0.020050048828125
T12_rat,rat,T2,T12,scientific_welfare,11,1,96.5625,95.6875,0.033294677734375
T13_rat,rat,T2,T13,moral_consideration,10,1,91.75,81.4375,0.040374755859375
T14_rat,rat,T2,T14,moral_consideration,13,1,83.625,76.625,0.017608642578125
T15_rat,rat,T2,T15,moral_consideration,12,1,77.125,80.6875,0.00926971435546875
T16_rat,rat,T2,T16,moral_consideration,13,1,93.75,84.5,0.0255126953125
T17_rat,rat,T2,T17,neutral_control,7,1,91.75,81.4375,0.048919677734375
T18_rat,rat,T2,T18,neutral_control,8,1,91.75,81.4375,0.044952392578125
T19_rat,rat,T2,T19,neutral_control,12,1,104.9375,98.8125,0.036529541015625
T20_rat,rat,T2,T20,neutral_control,8,1,91.75,81.4375,0.0416259765625
T21_rat,rat,T2,T21,cross_framing,14,1,91.75,81.4375,0.033416748046875
T22_rat,rat,T2,T22,cross_framing,15,1,90.75,72.875,0.0245208740234375
T23_rat,rat,T2,T23,cross_framing,17,1,85.1875,69.0,0.017791748046875
T24_rat,rat,T2,T24,cross_framing,21,1,94.5,85.75,0.0159454345703125
T25_rat,rat,T2,T25,cross_framing,19,1,91.75,81.4375,0.033447265625
T01_whale,whale,T2,T01,pain_suffering,6,1,106.9375,92.0625,0.062103271484375
T02_whale,whale,T2,T02,pain_suffering,9,1,110.375,107.125,0.03228759765625
T03_whale,whale,T2,T03,pain_suffering,10,1,106.9375,92.0625,0.05157470703125
T04_whale,whale,T2,T04,pain_suffering,12,1,112.1875,106.75,0.0322265625
T05_whale,whale,T2,T05,fear,9,1,106.9375,92.0625,0.053741455078125
T06_whale,whale,T2,T06,fear,10,1,106.9375,92.0625,0.046417236328125
T07_whale,whale,T2,T07,fear,13,1,94.5625,96.6875,0.0250244140625
T08_whale,whale,T2,T08,fear,8,1,106.9375,92.0625,0.05035400390625
T09_whale,whale,T2,T09,scientific_welfare,9,1,100.125,111.375,0.03167724609375
T10_whale,whale,T2,T10,scientific_welfare,12,1,100.625,113.9375,0.0364990234375
T11_whale,whale,T2,T11,scientific_welfare,12,1,79.8125,97.75,0.0257110595703125
T12_whale,whale,T2,T12,scientific_welfare,11,1,99.75,107.875,0.044281005859375
T13_whale,whale,T2,T13,moral_consideration,10,1,106.9375,92.0625,0.04522705078125
T14_whale,whale,T2,T14,moral_consideration,13,1,90.625,107.0625,0.0261383056640625
T15_whale,whale,T2,T15,moral_consideration,12,1,89.1875,110.8125,0.01253509521484375
T16_whale,whale,T2,T16,moral_consideration,13,1,106.6875,104.75,0.03125
T17_whale,whale,T2,T17,neutral_control,7,1,106.9375,92.0625,0.0560302734375
T18_whale,whale,T2,T18,neutral_control,8,1,106.9375,92.0625,0.055694580078125
T19_whale,whale,T2,T19,neutral_control,12,1,108.25,108.8125,0.04315185546875
T20_whale,whale,T2,T20,neutral_control,8,1,106.9375,92.0625,0.048828125
T21_whale,whale,T2,T21,cross_framing,14,1,106.9375,92.0625,0.04119873046875
T22_whale,whale,T2,T22,cross_framing,15,1,98.4375,101.375,0.03564453125
T23_whale,whale,T2,T23,cross_framing,17,1,91.0625,100.3125,0.02398681640625
T24_whale,whale,T2,T24,cross_framing,21,1,109.0625,110.6875,0.0213165283203125
T25_whale,whale,T2,T25,cross_framing,19,1,106.9375,92.0625,0.040496826171875
T01_chicken,chicken,T3,T01,pain_suffering,6,1,106.5,86.375,0.057861328125
T02_chicken,chicken,T3,T02,pain_suffering,9,1,104.5,103.3125,0.0289306640625
T03_chicken,chicken,T3,T03,pain_suffering,10,1,106.5,86.375,0.043792724609375
T04_chicken,chicken,T3,T04,pain_suffering,12,1,102.75,105.6875,0.0265350341796875
T05_chicken,chicken,T3,T05,fear,9,1,106.5,86.375,0.04620361328125
T06_chicken,chicken,T3,T06,fear,10,1,106.5,86.375,0.040130615234375
T07_chicken,chicken,T3,T07,fear,13,1,93.625,97.375,0.020416259765625
T08_chicken,chicken,T3,T08,fear,8,1,106.5,86.375,0.046295166015625
T09_chicken,chicken,T3,T09,scientific_welfare,9,1,93.0625,103.375,0.02587890625
T10_chicken,chicken,T3,T10,scientific_welfare,12,1,90.375,97.8125,0.02813720703125
T11_chicken,chicken,T3,T11,scientific_welfare,12,1,93.0,95.9375,0.0223541259765625
T12_chicken,chicken,T3,T12,scientific_welfare,11,1,95.875,97.125,0.03497314453125
T13_chicken,chicken,T3,T13,moral_consideration,10,1,106.5,86.375,0.04058837890625
T14_chicken,chicken,T3,T14,moral_consideration,13,1,87.875,93.25,0.0211944580078125
T15_chicken,chicken,T3,T15,moral_consideration,12,1,83.1875,104.25,0.0113983154296875
T16_chicken,chicken,T3,T16,moral_consideration,13,1,110.1875,102.9375,0.0295562744140625
T17_chicken,chicken,T3,T17,neutral_control,7,1,106.5,86.375,0.051788330078125
T18_chicken,chicken,T3,T18,neutral_control,8,1,106.5,86.375,0.047698974609375
T19_chicken,chicken,T3,T19,neutral_control,12,1,97.5,102.3125,0.041290283203125
T20_chicken,chicken,T3,T20,neutral_control,8,1,106.5,86.375,0.044647216796875
T21_chicken,chicken,T3,T21,cross_framing,14,1,106.5,86.375,0.035369873046875
T22_chicken,chicken,T3,T22,cross_framing,15,1,93.5,88.5625,0.028778076171875
T23_chicken,chicken,T3,T23,cross_framing,17,1,95.5625,101.6875,0.020355224609375
T24_chicken,chicken,T3,T24,cross_framing,21,1,101.9375,103.4375,0.01885986328125
T25_chicken,chicken,T3,T25,cross_framing,19,1,106.5,86.375,0.036590576171875
T01_crow,crow,T3,T01,pain_suffering,6,1,94.1875,69.25,0.051513671875
T02_crow,crow,T3,T02,pain_suffering,9,1,90.5625,85.5625,0.021759033203125
T03_crow,crow,T3,T03,pain_suffering,10,1,94.1875,69.25,0.03582763671875
T04_crow,crow,T3,T04,pain_suffering,12,1,89.375,72.875,0.017364501953125
T05_crow,crow,T3,T05,fear,9,1,94.1875,69.25,0.0401611328125
T06_crow,crow,T3,T06,fear,10,1,94.1875,69.25,0.0355224609375
T07_crow,crow,T3,T07,fear,13,1,88.5625,76.375,0.0157012939453125
T08_crow,crow,T3,T08,fear,8,1,94.1875,69.25,0.0413818359375
T09_crow,crow,T3,T09,scientific_welfare,9,1,84.8125,77.625,0.0195770263671875
T10_crow,crow,T3,T10,scientific_welfare,12,1,86.1875,79.625,0.021148681640625
T11_crow,crow,T3,T11,scientific_welfare,12,1,72.375,64.1875,0.016143798828125
T12_crow,crow,T3,T12,scientific_welfare,11,1,87.5,69.9375,0.02825927734375
T13_crow,crow,T3,T13,moral_consideration,10,1,94.1875,69.25,0.04058837890625
T14_crow,crow,T3,T14,moral_consideration,13,1,79.125,60.9375,0.01885986328125
T15_crow,crow,T3,T15,moral_consideration,12,1,73.75,75.125,0.00875091552734375
T16_crow,crow,T3,T16,moral_consideration,13,1,89.875,74.875,0.0211181640625
T17_crow,crow,T3,T17,neutral_control,7,1,94.1875,69.25,0.047271728515625
T18_crow,crow,T3,T18,neutral_control,8,1,94.1875,69.25,0.0430908203125
T19_crow,crow,T3,T19,neutral_control,12,1,91.1875,80.625,0.030914306640625
T20_crow,crow,T3,T20,neutral_control,8,1,94.1875,69.25,0.03656005859375
T21_crow,crow,T3,T21,cross_framing,14,1,94.1875,69.25,0.0321044921875
T22_crow,crow,T3,T22,cross_framing,15,1,89.6875,58.375,0.023681640625
T23_crow,crow,T3,T23,cross_framing,17,1,82.4375,65.5,0.01812744140625
T24_crow,crow,T3,T24,cross_framing,21,1,93.3125,84.6875,0.0134735107421875
T25_crow,crow,T3,T25,cross_framing,19,1,94.1875,69.25,0.03289794921875
T01_frog,frog,T3,T01,pain_suffering,6,1,101.9375,89.3125,0.059112548828125
T02_frog,frog,T3,T02,pain_suffering,9,1,110.3125,103.8125,0.0284576416015625
T03_frog,frog,T3,T03,pain_suffering,10,1,101.9375,89.3125,0.04388427734375
T04_frog,frog,T3,T04,pain_suffering,12,1,93.75,95.25,0.0234375
T05_frog,frog,T3,T05,fear,9,1,101.9375,89.3125,0.04827880859375
T06_frog,frog,T3,T06,fear,10,1,101.9375,89.3125,0.0413818359375
T07_frog,frog,T3,T07,fear,13,1,98.0,97.875,0.02093505859375
T08_frog,frog,T3,T08,fear,8,1,101.9375,89.3125,0.046539306640625
T09_frog,frog,T3,T09,scientific_welfare,9,1,93.625,104.0,0.0282440185546875
T10_frog,frog,T3,T10,scientific_welfare,12,1,97.875,107.375,0.028900146484375
T11_frog,frog,T3,T11,scientific_welfare,12,1,76.4375,88.3125,0.0206451416015625
T12_frog,frog,T3,T12,scientific_welfare,11,1,93.875,97.75,0.034942626953125
T13_frog,frog,T3,T13,moral_consideration,10,1,101.9375,89.3125,0.041168212890625
T14_frog,frog,T3,T14,moral_consideration,13,1,89.8125,96.1875,0.021087646484375
T15_frog,frog,T3,T15,moral_consideration,12,1,92.0625,105.6875,0.0111846923828125
T16_frog,frog,T3,T16,moral_consideration,13,1,105.0625,99.1875,0.0279998779296875
T17_frog,frog,T3,T17,neutral_control,7,1,101.9375,89.3125,0.05194091796875
T18_frog,frog,T3,T18,neutral_control,8,1,101.9375,89.3125,0.047882080078125
T19_frog,frog,T3,T19,neutral_control,12,1,110.1875,102.0,0.03839111328125
T20_frog,frog,T3,T20,neutral_control,8,1,101.9375,89.3125,0.044403076171875
T21_frog,frog,T3,T21,cross_framing,14,1,101.9375,89.3125,0.0364990234375
T22_frog,frog,T3,T22,cross_framing,15,1,101.0,94.9375,0.02996826171875
T23_frog,frog,T3,T23,cross_framing,17,1,94.5,94.125,0.020416259765625
T24_frog,frog,T3,T24,cross_framing,21,1,109.5625,106.5,0.0191802978515625
T25_frog,frog,T3,T25,cross_framing,19,1,101.9375,89.3125,0.03814697265625
T01_gecko,gecko,T3,T01,pain_suffering,7,2,82.3125,65.5,0.038299560546875
T02_gecko,gecko,T3,T02,pain_suffering,10,2,89.0625,85.25,0.019622802734375
T03_gecko,gecko,T3,T03,pain_suffering,11,2,82.3125,65.5,0.03302001953125
T04_gecko,gecko,T3,T04,pain_suffering,13,2,82.9375,79.375,0.020538330078125
T05_gecko,gecko,T3,T05,fear,10,2,82.3125,65.5,0.032562255859375
T06_gecko,gecko,T3,T06,fear,11,2,82.3125,65.5,0.0286102294921875
T07_gecko,gecko,T3,T07,fear,14,2,77.75,81.875,0.01442718505859375
T08_gecko,gecko,T3,T08,fear,9,2,82.3125,65.5,0.03326416015625
T09_gecko,gecko,T3,T09,scientific_welfare,10,2,78.25,82.6875,0.0218658447265625
T10_gecko,gecko,T3,T10,scientific_welfare,13,2,76.9375,82.4375,0.0218353271484375
T11_gecko,gecko,T3,T11,scientific_welfare,13,2,68.625,71.25,0.0171966552734375
T12_gecko,gecko,T3,T12,scientific_welfare,12,2,83.1875,76.4375,0.0259246826171875
T13_gecko,gecko,T3,T13,moral_consideration,11,2,82.3125,65.5,0.0309295654296875
T14_gecko,gecko,T3,T14,moral_consideration,14,2,77.5625,79.25,0.016021728515625
T15_gecko,gecko,T3,T15,moral_consideration,13,2,72.375,87.3125,0.01061248779296875
T16_gecko,gecko,T3,T16,moral_consideration,14,2,86.0,80.8125,0.019744873046875
T17_gecko,gecko,T3,T17,neutral_control,8,2,82.3125,65.5,0.038421630859375
T18_gecko,gecko,T3,T18,neutral_control,9,2,82.3125,65.5,0.034698486328125
T19_gecko,gecko,T3,T19,neutral_control,13,2,90.6875,85.5625,0.02508544921875
T20_gecko,gecko,T3,T20,neutral_control,9,2,82.3125,65.5,0.03253173828125
T21_gecko,gecko,T3,T21,cross_framing,15,2,82.3125,65.5,0.0250244140625
T22_gecko,gecko,T3,T22,cross_framing,16,2,83.8125,76.9375,0.0209808349609375
T23_gecko,gecko,T3,T23,cross_framing,18,2,80.0625,79.125,0.0154571533203125
T24_gecko,gecko,T3,T24,cross_framing,22,2,86.25,85.8125,0.012451171875
T25_gecko,gecko,T3,T25,cross_framing,20,2,82.3125,65.5,0.0252838134765625
T01_pigeon,pigeon,T3,T01,pain_suffering,7,2,97.75,81.875,0.039337158203125
T02_pigeon,pigeon,T3,T02,pain_suffering,10,2,109.8125,102.625,0.020843505859375
T03_pigeon,pigeon,T3,T03,pain_suffering,11,2,97.75,81.875,0.03143310546875
T04_pigeon,pigeon,T3,T04,pain_suffering,13,2,101.5,99.75,0.019439697265625
T05_pigeon,pigeon,T3,T05,fear,10,2,97.75,81.875,0.032501220703125
T06_pigeon,pigeon,T3,T06,fear,11,2,97.75,81.875,0.029083251953125
T07_pigeon,pigeon,T3,T07,fear,14,2,90.6875,94.5,0.01439666748046875
T08_pigeon,pigeon,T3,T08,fear,9,2,97.75,81.875,0.032470703125
T09_pigeon,pigeon,T3,T09,scientific_welfare,10,2,92.375,98.6875,0.0207672119140625
T10_pigeon,pigeon,T3,T10,scientific_welfare,13,2,90.9375,100.6875,0.0213775634765625
T11_pigeon,pigeon,T3,T11,scientific_welfare,13,2,77.1875,91.375,0.017181396484375
T12_pigeon,pigeon,T3,T12,scientific_welfare,12,2,96.3125,96.4375,0.0249176025390625
T13_pigeon,pigeon,T3,T13,moral_consideration,11,2,97.75,81.875,0.0308685302734375
T14_pigeon,pigeon,T3,T14,moral_consideration,14,2,82.0,93.5,0.01666259765625
T15_pigeon,pigeon,T3,T15,moral_consideration,13,2,84.3125,102.1875,0.01065826416015625
T16_pigeon,pigeon,T3,T16,moral_consideration,14,2,101.1875,96.375,0.01983642578125
T17_pigeon,pigeon,T3,T17,neutral_control,8,2,97.75,81.875,0.03692626953125
T18_pigeon,pigeon,T3,T18,neutral_control,9,2,97.75,81.875,0.034820556640625
T19_pigeon,pigeon,T3,T19,neutral_control,13,2,106.1875,102.1875,0.0274658203125
T20_pigeon,pigeon,T3,T20,neutral_control,9,2,97.75,81.875,0.032196044921875
T21_pigeon,pigeon,T3,T21,cross_framing,15,2,97.75,81.875,0.025665283203125
T22_pigeon,pigeon,T3,T22,cross_framing,16,2,88.5625,80.875,0.0200653076171875
T23_pigeon,pigeon,T3,T23,cross_framing,18,2,88.9375,95.375,0.01568603515625
T24_pigeon,pigeon,T3,T24,cross_framing,22,2,102.6875,101.1875,0.01316070556640625
T25_pigeon,pigeon,T3,T25,cross_framing,20,2,97.75,81.875,0.0248565673828125
T01_salmon,salmon,T3,T01,pain_suffering,6,1,99.75,87.6875,0.05548095703125
T02_salmon,salmon,T3,T02,pain_suffering,9,1,107.5,104.0625,0.029296875
T03_salmon,salmon,T3,T03,pain_suffering,10,1,99.75,87.6875,0.0452880859375
T04_salmon,salmon,T3,T04,pain_suffering,12,1,98.625,97.5625,0.0270843505859375
T05_salmon,salmon,T3,T05,fear,9,1,99.75,87.6875,0.047088623046875
T06_salmon,salmon,T3,T06,fear,10,1,99.75,87.6875,0.03997802734375
T07_salmon,salmon,T3,T07,fear,13,1,94.4375,93.75,0.0205535888671875
T08_salmon,salmon,T3,T08,fear,8,1,99.75,87.6875,0.046142578125
T09_salmon,salmon,T3,T09,scientific_welfare,9,1,101.1875,107.125,0.030548095703125
T10_salmon,salmon,T3,T10,scientific_welfare,12,1,97.1875,105.875,0.030487060546875
T11_salmon,salmon,T3,T11,scientific_welfare,12,1,77.5625,80.9375,0.0199127197265625
T12_salmon,salmon,T3,T12,scientific_welfare,11,1,94.375,94.375,0.036773681640625
T13_salmon,salmon,T3,T13,moral_consideration,10,1,99.75,87.6875,0.0394287109375
T14_salmon,salmon,T3,T14,moral_consideration,13,1,93.625,91.25,0.022369384765625
T15_salmon,salmon,T3,T15,moral_consideration,12,1,88.375,105.375,0.01242828369140625
T16_salmon,salmon,T3,T16,moral_consideration,13,1,106.0,101.8125,0.0294189453125
T17_salmon,salmon,T3,T17,neutral_control,7,1,99.75,87.6875,0.05255126953125
T18_salmon,salmon,T3,T18,neutral_control,8,1,99.75,87.6875,0.04742431640625
T19_salmon,salmon,T3,T19,neutral_control,12,1,98.25,99.125,0.03857421875
T20_salmon,salmon,T3,T20,neutral_control,8,1,99.75,87.6875,0.044281005859375
T21_salmon,salmon,T3,T21,cross_framing,14,1,99.75,87.6875,0.036376953125
T22_salmon,salmon,T3,T22,cross_framing,15,1,95.1875,85.875,0.0300445556640625
T23_salmon,salmon,T3,T23,cross_framing,17,1,94.125,95.3125,0.022064208984375
T24_salmon,salmon,T3,T24,cross_framing,21,1,103.5625,101.8125,0.0196990966796875
T25_salmon,salmon,T3,T25,cross_framing,19,1,99.75,87.6875,0.037750244140625
T01_snake,snake,T3,T01,pain_suffering,6,1,115.75,83.5,0.059906005859375
T02_snake,snake,T3,T02,pain_suffering,9,1,116.5625,99.75,0.0303955078125
T03_snake,snake,T3,T03,pain_suffering,10,1,115.75,83.5,0.045013427734375
T04_snake,snake,T3,T04,pain_suffering,12,1,114.5625,100.25,0.0289154052734375
T05_snake,snake,T3,T05,fear,9,1,115.75,83.5,0.05078125
T06_snake,snake,T3,T06,fear,10,1,115.75,83.5,0.043487548828125
T07_snake,snake,T3,T07,fear,13,1,97.3125,92.6875,0.0224151611328125
T08_snake,snake,T3,T08,fear,8,1,115.75,83.5,0.048370361328125
T09_snake,snake,T3,T09,scientific_welfare,9,1,106.4375,102.9375,0.0277252197265625
T10_snake,snake,T3,T10,scientific_welfare,12,1,105.0,104.625,0.0302886962890625
T11_snake,snake,T3,T11,scientific_welfare,12,1,84.875,79.0625,0.0233306884765625
T12_snake,snake,T3,T12,scientific_welfare,11,1,104.0,94.3125,0.03814697265625
T13_snake,snake,T3,T13,moral_consideration,10,1,115.75,83.5,0.040130615234375
T14_snake,snake,T3,T14,moral_consideration,13,1,89.5625,90.75,0.0214691162109375
T15_snake,snake,T3,T15,moral_consideration,12,1,87.4375,101.6875,0.01168060302734375
T16_snake,snake,T3,T16,moral_consideration,13,1,111.125,100.25,0.0286102294921875
T17_snake,snake,T3,T17,neutral_control,7,1,115.75,83.5,0.0526123046875
T18_snake,snake,T3,T18,neutral_control,8,1,115.75,83.5,0.049041748046875
T19_snake,snake,T3,T19,neutral_control,12,1,111.6875,98.75,0.039459228515625
T20_snake,snake,T3,T20,neutral_control,8,1,115.75,83.5,0.04547119140625
T21_snake,snake,T3,T21,cross_framing,14,1,115.75,83.5,0.038238525390625
T22_snake,snake,T3,T22,cross_framing,15,1,105.9375,85.1875,0.0302886962890625
T23_snake,snake,T3,T23,cross_framing,17,1,95.8125,95.0625,0.02099609375
T24_snake,snake,T3,T24,cross_framing,21,1,113.625,98.4375,0.01904296875
T25_snake,snake,T3,T25,cross_framing,19,1,115.75,83.5,0.039154052734375
T01_trout,trout,T3,T01,pain_suffering,6,1,110.5,92.9375,0.06317138671875
T02_trout,trout,T3,T02,pain_suffering,9,1,122.6875,106.3125,0.031707763671875
T03_trout,trout,T3,T03,pain_suffering,10,1,110.5,92.9375,0.051666259765625
T04_trout,trout,T3,T04,pain_suffering,12,1,113.8125,106.5625,0.03192138671875
T05_trout,trout,T3,T05,fear,9,1,110.5,92.9375,0.053863525390625
T06_trout,trout,T3,T06,fear,10,1,110.5,92.9375,0.045806884765625
T07_trout,trout,T3,T07,fear,13,1,98.875,100.375,0.0232391357421875
T08_trout,trout,T3,T08,fear,8,1,110.5,92.9375,0.05303955078125
T09_trout,trout,T3,T09,scientific_welfare,9,1,119.5625,117.0,0.032745361328125
T10_trout,trout,T3,T10,scientific_welfare,12,1,111.625,116.0625,0.032867431640625
T11_trout,trout,T3,T11,scientific_welfare,12,1,96.0625,107.75,0.0254669189453125
T12_trout,trout,T3,T12,scientific_welfare,11,1,110.1875,107.75,0.041168212890625
T13_trout,trout,T3,T13,moral_consideration,10,1,110.5,92.9375,0.0438232421875
T14_trout,trout,T3,T14,moral_consideration,13,1,100.8125,100.3125,0.0234832763671875
T15_trout,trout,T3,T15,moral_consideration,12,1,93.25,108.9375,0.0130462646484375
T16_trout,trout,T3,T16,moral_consideration,13,1,115.875,107.3125,0.031982421875
T17_trout,trout,T3,T17,neutral_control,7,1,110.5,92.9375,0.060791015625
T18_trout,trout,T3,T18,neutral_control,8,1,110.5,92.9375,0.055633544921875
T19_trout,trout,T3,T19,neutral_control,12,1,113.5625,105.5625,0.045745849609375
T20_trout,trout,T3,T20,neutral_control,8,1,110.5,92.9375,0.051239013671875
T21_trout,trout,T3,T21,cross_framing,14,1,110.5,92.9375,0.040679931640625
T22_trout,trout,T3,T22,cross_framing,15,1,105.0625,101.1875,0.033111572265625
T23_trout,trout,T3,T23,cross_framing,17,1,103.0625,102.1875,0.0232086181640625
T24_trout,trout,T3,T24,cross_framing,21,1,115.5625,107.3125,0.0207977294921875
T25_trout,trout,T3,T25,cross_framing,19,1,110.5,92.9375,0.04058837890625
T01_tuna,tuna,T3,T01,pain_suffering,7,2,79.3125,74.375,0.0404052734375
T02_tuna,tuna,T3,T02,pain_suffering,10,2,77.0625,82.75,0.0206298828125
T03_tuna,tuna,T3,T03,pain_suffering,11,2,79.3125,74.375,0.03204345703125
T04_tuna,tuna,T3,T04,pain_suffering,13,2,74.375,80.5,0.0179595947265625
T05_tuna,tuna,T3,T05,fear,10,2,79.3125,74.375,0.032501220703125
T06_tuna,tuna,T3,T06,fear,11,2,79.3125,74.375,0.0302734375
T07_tuna,tuna,T3,T07,fear,14,2,72.25,78.6875,0.0137786865234375
T08_tuna,tuna,T3,T08,fear,9,2,79.3125,74.375,0.033294677734375
T09_tuna,tuna,T3,T09,scientific_welfare,10,2,73.5,87.75,0.0218963623046875
T10_tuna,tuna,T3,T10,scientific_welfare,13,2,73.5,86.3125,0.0234375
T11_tuna,tuna,T3,T11,scientific_welfare,13,2,68.75,81.0,0.0169830322265625
T12_tuna,tuna,T3,T12,scientific_welfare,12,2,74.75,81.3125,0.0267181396484375
T13_tuna,tuna,T3,T13,moral_consideration,11,2,79.3125,74.375,0.03076171875
T14_tuna,tuna,T3,T14,moral_consideration,14,2,72.5625,77.25,0.0168914794921875
T15_tuna,tuna,T3,T15,moral_consideration,13,2,66.4375,81.75,0.01102447509765625
T16_tuna,tuna,T3,T16,moral_consideration,14,2,81.75,81.375,0.0216217041015625
T17_tuna,tuna,T3,T17,neutral_control,8,2,79.3125,74.375,0.0361328125
T18_tuna,tuna,T3,T18,neutral_control,9,2,79.3125,74.375,0.034881591796875
T19_tuna,tuna,T3,T19,neutral_control,13,2,75.625,81.0625,0.026824951171875
T20_tuna,tuna,T3,T20,neutral_control,9,2,79.3125,74.375,0.034027099609375
T21_tuna,tuna,T3,T21,cross_framing,15,2,79.3125,74.375,0.0264434814453125
T22_tuna,tuna,T3,T22,cross_framing,16,2,77.5625,76.625,0.0209197998046875
T23_tuna,tuna,T3,T23,cross_framing,18,2,75.875,78.125,0.0161895751953125
T24_tuna,tuna,T3,T24,cross_framing,22,2,75.125,83.5,0.01343536376953125
T25_tuna,tuna,T3,T25,cross_framing,20,2,79.3125,74.375,0.025482177734375
T01_zebrafish,zebrafish,T3,T01,pain_suffering,6,1,115.625,111.625,0.07208251953125
T02_zebrafish,zebrafish,T3,T02,pain_suffering,9,1,124.0,113.1875,0.034454345703125
T03_zebrafish,zebrafish,T3,T03,pain_suffering,10,1,115.625,111.625,0.058258056640625
T04_zebrafish,zebrafish,T3,T04,pain_suffering,12,1,110.375,118.0,0.03546142578125
T05_zebrafish,zebrafish,T3,T05,fear,9,1,115.625,111.625,0.0579833984375
T06_zebrafish,zebrafish,T3,T06,fear,10,1,115.625,111.625,0.05255126953125
T07_zebrafish,zebrafish,T3,T07,fear,13,1,104.5625,103.25,0.0269012451171875
T08_zebrafish,zebrafish,T3,T08,fear,8,1,115.625,111.625,0.0592041015625
T09_zebrafish,zebrafish,T3,T09,scientific_welfare,9,1,115.625,113.6875,0.0347900390625
T10_zebrafish,zebrafish,T3,T10,scientific_welfare,12,1,111.75,113.5625,0.0386962890625
T11_zebrafish,zebrafish,T3,T11,scientific_welfare,12,1,115.5,114.9375,0.0277862548828125
T12_zebrafish,zebrafish,T3,T12,scientific_welfare,11,1,125.625,120.8125,0.044677734375
T13_zebrafish,zebrafish,T3,T13,moral_consideration,10,1,115.625,111.625,0.05474853515625
T14_zebrafish,zebrafish,T3,T14,moral_consideration,13,1,111.0625,112.4375,0.0284271240234375
T15_zebrafish,zebrafish,T3,T15,moral_consideration,12,1,104.625,113.125,0.0147552490234375
T16_zebrafish,zebrafish,T3,T16,moral_consideration,13,1,115.625,116.25,0.036346435546875
T17_zebrafish,zebrafish,T3,T17,neutral_control,7,1,115.625,111.625,0.06829833984375
T18_zebrafish,zebrafish,T3,T18,neutral_control,8,1,115.625,111.625,0.061370849609375
T19_zebrafish,zebrafish,T3,T19,neutral_control,12,1,123.6875,113.8125,0.047027587890625
T20_zebrafish,zebrafish,T3,T20,neutral_control,8,1,115.625,111.625,0.05682373046875
T21_zebrafish,zebrafish,T3,T21,cross_framing,14,1,115.625,111.625,0.044708251953125
T22_zebrafish,zebrafish,T3,T22,cross_framing,15,1,120.3125,124.625,0.040496826171875
T23_zebrafish,zebrafish,T3,T23,cross_framing,17,1,113.4375,112.5625,0.0301055908203125
T24_zebrafish,zebrafish,T3,T24,cross_framing,21,1,114.5,117.625,0.02545166015625
T25_zebrafish,zebrafish,T3,T25,cross_framing,19,1,115.625,111.625,0.04449462890625
T01_bee,bee,T4,T01,pain_suffering,6,1,99.75,82.5625,0.061126708984375
T02_bee,bee,T4,T02,pain_suffering,9,1,101.0625,96.375,0.0291748046875
T03_bee,bee,T4,T03,pain_suffering,10,1,99.75,82.5625,0.04791259765625
T04_bee,bee,T4,T04,pain_suffering,12,1,94.75,91.375,0.0275421142578125
T05_bee,bee,T4,T05,fear,9,1,99.75,82.5625,0.051300048828125
T06_bee,bee,T4,T06,fear,10,1,99.75,82.5625,0.041778564453125
T07_bee,bee,T4,T07,fear,13,1,92.875,86.625,0.0215606689453125
T08_bee,bee,T4,T08,fear,8,1,99.75,82.5625,0.04876708984375
T09_bee,bee,T4,T09,scientific_welfare,9,1,99.625,104.5625,0.0293731689453125
T10_bee,bee,T4,T10,scientific_welfare,12,1,99.4375,104.9375,0.032623291015625
T11_bee,bee,T4,T11,scientific_welfare,12,1,82.5,81.6875,0.0224609375
T12_bee,bee,T4,T12,scientific_welfare,11,1,94.4375,92.625,0.03778076171875
T13_bee,bee,T4,T13,moral_consideration,10,1,99.75,82.5625,0.045806884765625
T14_bee,bee,T4,T14,moral_consideration,13,1,86.8125,92.5,0.0247802734375
T15_bee,bee,T4,T15,moral_consideration,12,1,84.5,98.3125,0.01235198974609375
T16_bee,bee,T4,T16,moral_consideration,13,1,98.5,90.6875,0.0272064208984375
T17_bee,bee,T4,T17,neutral_control,7,1,99.75,82.5625,0.054412841796875
T18_bee,bee,T4,T18,neutral_control,8,1,99.75,82.5625,0.05206298828125
T19_bee,bee,T4,T19,neutral_control,12,1,101.1875,93.625,0.039581298828125
T20_bee,bee,T4,T20,neutral_control,8,1,99.75,82.5625,0.04632568359375
T21_bee,bee,T4,T21,cross_framing,14,1,99.75,82.5625,0.037567138671875
T22_bee,bee,T4,T22,cross_framing,15,1,98.1875,87.8125,0.030181884765625
T23_bee,bee,T4,T23,cross_framing,17,1,87.6875,89.25,0.0229034423828125
T24_bee,bee,T4,T24,cross_framing,21,1,98.8125,96.875,0.0198822021484375
T25_bee,bee,T4,T25,cross_framing,19,1,99.75,82.5625,0.038726806640625
T01_bumblebee,bumblebee,T4,T01,pain_suffering,8,3,82.125,65.375,0.033172607421875
T02_bumblebee,bumblebee,T4,T02,pain_suffering,11,3,89.0,74.9375,0.0182037353515625
T03_bumblebee,bumblebee,T4,T03,pain_suffering,12,3,82.125,65.375,0.02679443359375
T04_bumblebee,bumblebee,T4,T04,pain_suffering,14,3,81.25,73.1875,0.0163726806640625
T05_bumblebee,bumblebee,T4,T05,fear,11,3,82.125,65.375,0.02850341796875
T06_bumblebee,bumblebee,T4,T06,fear,12,3,82.125,65.375,0.0252532958984375
T07_bumblebee,bumblebee,T4,T07,fear,15,3,79.6875,69.25,0.0137176513671875
T08_bumblebee,bumblebee,T4,T08,fear,10,3,82.125,65.375,0.0283203125
T09_bumblebee,bumblebee,T4,T09,scientific_welfare,11,3,75.9375,74.0,0.0191497802734375
T10_bumblebee,bumblebee,T4,T10,scientific_welfare,14,3,74.6875,75.125,0.018646240234375
T11_bumblebee,bumblebee,T4,T11,scientific_welfare,14,3,61.34375,71.375,0.01543426513671875
T12_bumblebee,bumblebee,T4,T12,scientific_welfare,13,3,76.4375,72.25,0.022430419921875
T13_bumblebee,bumblebee,T4,T13,moral_consideration,12,3,82.125,65.375,0.0263671875
T14_bumblebee,bumblebee,T4,T14,moral_consideration,15,3,71.9375,74.0,0.0149993896484375
T15_bumblebee,bumblebee,T4,T15,moral_consideration,14,3,72.125,79.625,0.01084136962890625
T16_bumblebee,bumblebee,T4,T16,moral_consideration,15,3,83.9375,75.8125,0.01678466796875
T17_bumblebee,bumblebee,T4,T17,neutral_control,9,3,82.125,65.375,0.031646728515625
T18_bumblebee,bumblebee,T4,T18,neutral_control,10,3,82.125,65.375,0.029571533203125
T19_bumblebee,bumblebee,T4,T19,neutral_control,14,3,90.0625,74.4375,0.021636962890625
T20_bumblebee,bumblebee,T4,T20,neutral_control,10,3,82.125,65.375,0.02801513671875
T21_bumblebee,bumblebee,T4,T21,cross_framing,16,3,82.125,65.375,0.0223236083984375
T22_bumblebee,bumblebee,T4,T22,cross_framing,17,3,83.6875,75.1875,0.019500732421875
T23_bumblebee,bumblebee,T4,T23,cross_framing,19,3,74.0,75.9375,0.014434814453125
T24_bumblebee,bumblebee,T4,T24,cross_framing,23,3,84.9375,76.1875,0.01165008544921875
T25_bumblebee,bumblebee,T4,T25,cross_framing,21,3,82.125,65.375,0.0216522216796875
T01_crab,crab,T4,T01,pain_suffering,6,1,92.875,78.125,0.053131103515625
T02_crab,crab,T4,T02,pain_suffering,9,1,100.0,99.1875,0.0269622802734375
T03_crab,crab,T4,T03,pain_suffering,10,1,92.875,78.125,0.040435791015625
T04_crab,crab,T4,T04,pain_suffering,12,1,90.625,95.25,0.02392578125
T05_crab,crab,T4,T05,fear,9,1,92.875,78.125,0.0440673828125
T06_crab,crab,T4,T06,fear,10,1,92.875,78.125,0.03607177734375
T07_crab,crab,T4,T07,fear,13,1,96.3125,84.0,0.01727294921875
T08_crab,crab,T4,T08,fear,8,1,92.875,78.125,0.041961669921875
T09_crab,crab,T4,T09,scientific_welfare,9,1,92.9375,105.0625,0.0281219482421875
T10_crab,crab,T4,T10,scientific_welfare,12,1,88.25,102.75,0.02874755859375
T11_crab,crab,T4,T11,scientific_welfare,12,1,72.3125,88.3125,0.0205535888671875
T12_crab,crab,T4,T12,scientific_welfare,11,1,87.125,92.3125,0.033599853515625
T13_crab,crab,T4,T13,moral_consideration,10,1,92.875,78.125,0.036529541015625
T14_crab,crab,T4,T14,moral_consideration,13,1,85.4375,88.0625,0.0203399658203125
T15_crab,crab,T4,T15,moral_consideration,12,1,83.1875,99.5,0.0110931396484375
T16_crab,crab,T4,T16,moral_consideration,13,1,101.25,92.3125,0.0274505615234375
T17_crab,crab,T4,T17,neutral_control,7,1,92.875,78.125,0.04736328125
T18_crab,crab,T4,T18,neutral_control,8,1,92.875,78.125,0.044830322265625
T19_crab,crab,T4,T19,neutral_control,12,1,97.625,93.0,0.036224365234375
T20_crab,crab,T4,T20,neutral_control,8,1,92.875,78.125,0.039337158203125
T21_crab,crab,T4,T21,cross_framing,14,1,92.875,78.125,0.032318115234375
T22_crab,crab,T4,T22,cross_framing,15,1,95.1875,85.9375,0.02685546875
T23_crab,crab,T4,T23,cross_framing,17,1,88.875,90.0625,0.0191192626953125
T24_crab,crab,T4,T24,cross_framing,21,1,96.9375,95.25,0.0164337158203125
T25_crab,crab,T4,T25,cross_framing,19,1,92.875,78.125,0.0343017578125
T01_crayfish,crayfish,T4,T01,pain_suffering,8,3,80.625,63.15625,0.031463623046875
T02_crayfish,crayfish,T4,T02,pain_suffering,11,3,84.125,75.6875,0.0164642333984375
T03_crayfish,crayfish,T4,T03,pain_suffering,12,3,80.625,63.15625,0.0258941650390625
T04_crayfish,crayfish,T4,T04,pain_suffering,14,3,84.0,69.6875,0.0159912109375
T05_crayfish,crayfish,T4,T05,fear,11,3,80.625,63.15625,0.027252197265625
T06_crayfish,crayfish,T4,T06,fear,12,3,80.625,63.15625,0.0239715576171875
T07_crayfish,crayfish,T4,T07,fear,15,3,78.75,69.75,0.01273345947265625
T08_crayfish,crayfish,T4,T08,fear,10,3,80.625,63.15625,0.0269317626953125
T09_crayfish,crayfish,T4,T09,scientific_welfare,11,3,77.125,78.0,0.0179901123046875
T10_crayfish,crayfish,T4,T10,scientific_welfare,14,3,73.5625,76.5625,0.017578125
T11_crayfish,crayfish,T4,T11,scientific_welfare,14,3,62.03125,71.4375,0.0144805908203125
T12_crayfish,crayfish,T4,T12,scientific_welfare,13,3,74.8125,73.375,0.02099609375
T13_crayfish,crayfish,T4,T13,moral_consideration,12,3,80.625,63.15625,0.024169921875
T14_crayfish,crayfish,T4,T14,moral_consideration,15,3,71.0,72.5625,0.01395416259765625
T15_crayfish,crayfish,T4,T15,moral_consideration,14,3,70.5625,76.25,0.00980377197265625
T16_crayfish,crayfish,T4,T16,moral_consideration,15,3,85.375,73.75,0.0167083740234375
T17_crayfish,crayfish,T4,T17,neutral_control,9,3,80.625,63.15625,0.0298614501953125
T18_crayfish,crayfish,T4,T18,neutral_control,10,3,80.625,63.15625,0.0275421142578125
T19_crayfish,crayfish,T4,T19,neutral_control,14,3,83.875,73.5,0.0205078125
T20_crayfish,crayfish,T4,T20,neutral_control,10,3,80.625,63.15625,0.026611328125
T21_crayfish,crayfish,T4,T21,cross_framing,16,3,80.625,63.15625,0.0206756591796875
T22_crayfish,crayfish,T4,T22,cross_framing,17,3,81.625,69.9375,0.0177764892578125
T23_crayfish,crayfish,T4,T23,cross_framing,19,3,75.5,74.5625,0.0131988525390625
T24_crayfish,crayfish,T4,T24,cross_framing,23,3,83.8125,75.0625,0.010772705078125
T25_crayfish,crayfish,T4,T25,cross_framing,21,3,80.625,63.15625,0.01995849609375
T01_lobster,lobster,T4,T01,pain_suffering,7,2,83.8125,69.875,0.04095458984375
T02_lobster,lobster,T4,T02,pain_suffering,10,2,84.5625,82.5,0.0205230712890625
T03_lobster,lobster,T4,T03,pain_suffering,11,2,83.8125,69.875,0.03265380859375
T04_lobster,lobster,T4,T04,pain_suffering,13,2,83.6875,77.3125,0.0190277099609375
T05_lobster,lobster,T4,T05,fear,10,2,83.8125,69.875,0.034271240234375
T06_lobster,lobster,T4,T06,fear,11,2,83.8125,69.875,0.03021240234375
T07_lobster,lobster,T4,T07,fear,14,2,77.4375,78.25,0.0149383544921875
T08_lobster,lobster,T4,T08,fear,9,2,83.8125,69.875,0.03411865234375
T09_lobster,lobster,T4,T09,scientific_welfare,10,2,77.75,78.625,0.021209716796875
T10_lobster,lobster,T4,T10,scientific_welfare,13,2,76.3125,77.625,0.0209197998046875
T11_lobster,lobster,T4,T11,scientific_welfare,13,2,67.375,71.1875,0.016693115234375
T12_lobster,lobster,T4,T12,scientific_welfare,12,2,77.875,74.9375,0.0243682861328125
T13_lobster,lobster,T4,T13,moral_consideration,11,2,83.8125,69.875,0.031524658203125
T14_lobster,lobster,T4,T14,moral_consideration,14,2,74.4375,72.125,0.0160980224609375
T15_lobster,lobster,T4,T15,moral_consideration,13,2,70.1875,79.0,0.01053619384765625
T16_lobster,lobster,T4,T16,moral_consideration,14,2,85.0,76.9375,0.0211639404296875
T17_lobster,lobster,T4,T17,neutral_control,8,2,83.8125,69.875,0.038055419921875
T18_lobster,lobster,T4,T18,neutral_control,9,2,83.8125,69.875,0.035125732421875
T19_lobster,lobster,T4,T19,neutral_control,13,2,81.9375,80.0,0.0252532958984375
T20_lobster,lobster,T4,T20,neutral_control,9,2,83.8125,69.875,0.033355712890625
T21_lobster,lobster,T4,T21,cross_framing,15,2,83.8125,69.875,0.0263824462890625
T22_lobster,lobster,T4,T22,cross_framing,16,2,79.375,72.625,0.0206756591796875
T23_lobster,lobster,T4,T23,cross_framing,18,2,79.0,73.8125,0.01568603515625
T24_lobster,lobster,T4,T24,cross_framing,22,2,82.125,79.9375,0.0131988525390625
T25_lobster,lobster,T4,T25,cross_framing,20,2,83.8125,69.875,0.026092529296875
T01_mantis_shrimp,mantis shrimp,T4,T01,pain_suffering,8,3,80.5625,68.75,0.034942626953125
T02_mantis_shrimp,mantis shrimp,T4,T02,pain_suffering,11,3,92.375,83.9375,0.0194091796875
T03_mantis_shrimp,mantis shrimp,T4,T03,pain_suffering,12,3,80.5625,68.75,0.029205322265625
T04_mantis_shrimp,mantis shrimp,T4,T04,pain_suffering,14,3,83.625,79.8125,0.0181121826171875
T05_mantis_shrimp,mantis shrimp,T4,T05,fear,11,3,80.5625,68.75,0.0305023193359375
T06_mantis_shrimp,mantis shrimp,T4,T06,fear,12,3,80.5625,68.75,0.0269775390625
T07_mantis_shrimp,mantis shrimp,T4,T07,fear,15,3,82.8125,83.6875,0.014678955078125
T08_mantis_shrimp,mantis shrimp,T4,T08,fear,10,3,80.5625,68.75,0.030059814453125
T09_mantis_shrimp,mantis shrimp,T4,T09,scientific_welfare,11,3,72.3125,81.875,0.0206146240234375
T10_mantis_shrimp,mantis shrimp,T4,T10,scientific_welfare,14,3,76.0625,83.625,0.02032470703125
T11_mantis_shrimp,mantis shrimp,T4,T11,scientific_welfare,14,3,63.71875,75.25,0.0172119140625
T12_mantis_shrimp,mantis shrimp,T4,T12,scientific_welfare,13,3,82.125,79.875,0.0239105224609375
T13_mantis_shrimp,mantis shrimp,T4,T13,moral_consideration,12,3,80.5625,68.75,0.0275421142578125
T14_mantis_shrimp,mantis shrimp,T4,T14,moral_consideration,15,3,75.9375,81.25,0.0152435302734375
T15_mantis_shrimp,mantis shrimp,T4,T15,moral_consideration,14,3,73.375,86.6875,0.01096343994140625
T16_mantis_shrimp,mantis shrimp,T4,T16,moral_consideration,15,3,84.375,83.6875,0.0177459716796875
T17_mantis_shrimp,mantis shrimp,T4,T17,neutral_control,9,3,80.5625,68.75,0.033172607421875
T18_mantis_shrimp,mantis shrimp,T4,T18,neutral_control,10,3,80.5625,68.75,0.031097412109375
T19_mantis_shrimp,mantis shrimp,T4,T19,neutral_control,14,3,90.9375,82.5625,0.022369384765625
T20_mantis_shrimp,mantis shrimp,T4,T20,neutral_control,10,3,80.5625,68.75,0.0299072265625
T21_mantis_shrimp,mantis shrimp,T4,T21,cross_framing,16,3,80.5625,68.75,0.0238800048828125
T22_mantis_shrimp,mantis shrimp,T4,T22,cross_framing,17,3,86.75,79.875,0.02008056640625
T23_mantis_shrimp,mantis shrimp,T4,T23,cross_framing,19,3,77.3125,81.4375,0.01535797119140625
T24_mantis_shrimp,mantis shrimp,T4,T24,cross_framing,23,3,90.375,84.1875,0.01210784912109375
T25_mantis_shrimp,mantis shrimp,T4,T25,cross_framing,21,3,80.5625,68.75,0.0232086181640625
T01_mussel,mussel,T4,T01,pain_suffering,7,2,72.875,69.875,0.040496826171875
T02_mussel,mussel,T4,T02,pain_suffering,10,2,79.0,81.125,0.0198822021484375
T03_mussel,mussel,T4,T03,pain_suffering,11,2,72.875,69.875,0.033782958984375
T04_mussel,mussel,T4,T04,pain_suffering,13,2,73.8125,78.8125,0.0191497802734375
T05_mussel,mussel,T4,T05,fear,10,2,72.875,69.875,0.0345458984375
T06_mussel,mussel,T4,T06,fear,11,2,72.875,69.875,0.02996826171875
T07_mussel,mussel,T4,T07,fear,14,2,74.0,76.625,0.01395416259765625
T08_mussel,mussel,T4,T08,fear,9,2,72.875,69.875,0.033843994140625
T09_mussel,mussel,T4,T09,scientific_welfare,10,2,76.625,84.5625,0.0214691162109375
T10_mussel,mussel,T4,T10,scientific_welfare,13,2,74.5625,84.125,0.022247314453125
T11_mussel,mussel,T4,T11,scientific_welfare,13,2,60.5625,76.8125,0.018463134765625
T12_mussel,mussel,T4,T12,scientific_welfare,12,2,72.125,76.5,0.026031494140625
T13_mussel,mussel,T4,T13,moral_consideration,11,2,72.875,69.875,0.03070068359375
T14_mussel,mussel,T4,T14,moral_consideration,14,2,69.4375,75.8125,0.0166473388671875
T15_mussel,mussel,T4,T15,moral_consideration,13,2,66.8125,83.125,0.0107879638671875
T16_mussel,mussel,T4,T16,moral_consideration,14,2,74.6875,76.8125,0.020172119140625
T17_mussel,mussel,T4,T17,neutral_control,8,2,72.875,69.875,0.0377197265625
T18_mussel,mussel,T4,T18,neutral_control,9,2,72.875,69.875,0.03564453125
T19_mussel,mussel,T4,T19,neutral_control,13,2,84.3125,84.0625,0.02618408203125
T20_mussel,mussel,T4,T20,neutral_control,9,2,72.875,69.875,0.03363037109375
T21_mussel,mussel,T4,T21,cross_framing,15,2,72.875,69.875,0.0263519287109375
T22_mussel,mussel,T4,T22,cross_framing,16,2,79.9375,80.25,0.0218048095703125
T23_mussel,mussel,T4,T23,cross_framing,18,2,70.25,76.125,0.0158233642578125
T24_mussel,mussel,T4,T24,cross_framing,22,2,76.75,82.875,0.01309967041015625
T25_mussel,mussel,T4,T25,cross_framing,20,2,72.875,69.875,0.0250701904296875
T01_octopus,octopus,T4,T01,pain_suffering,7,2,83.0,70.125,0.038543701171875
T02_octopus,octopus,T4,T02,pain_suffering,10,2,92.375,81.1875,0.0201568603515625
T03_octopus,octopus,T4,T03,pain_suffering,11,2,83.0,70.125,0.031494140625
T04_octopus,octopus,T4,T04,pain_suffering,13,2,87.25,80.3125,0.019622802734375
T05_octopus,octopus,T4,T05,fear,10,2,83.0,70.125,0.032928466796875
T06_octopus,octopus,T4,T06,fear,11,2,83.0,70.125,0.028564453125
T07_octopus,octopus,T4,T07,fear,14,2,81.5625,79.1875,0.01465606689453125
T08_octopus,octopus,T4,T08,fear,9,2,83.0,70.125,0.032318115234375
T09_octopus,octopus,T4,T09,scientific_welfare,10,2,75.125,83.375,0.021087646484375
T10_octopus,octopus,T4,T10,scientific_welfare,13,2,77.625,83.875,0.0213623046875
T11_octopus,octopus,T4,T11,scientific_welfare,13,2,60.03125,72.625,0.017120361328125
T12_octopus,octopus,T4,T12,scientific_welfare,12,2,82.5625,79.875,0.02655029296875
T13_octopus,octopus,T4,T13,moral_consideration,11,2,83.0,70.125,0.0305023193359375
T14_octopus,octopus,T4,T14,moral_consideration,14,2,72.5625,81.375,0.01617431640625
T15_octopus,octopus,T4,T15,moral_consideration,13,2,71.75,86.5625,0.01030731201171875
T16_octopus,octopus,T4,T16,moral_consideration,14,2,86.75,79.625,0.020111083984375
T17_octopus,octopus,T4,T17,neutral_control,8,2,83.0,70.125,0.03570556640625
T18_octopus,octopus,T4,T18,neutral_control,9,2,83.0,70.125,0.033294677734375
T19_octopus,octopus,T4,T19,neutral_control,13,2,88.75,82.3125,0.02606201171875
T20_octopus,octopus,T4,T20,neutral_control,9,2,83.0,70.125,0.0313720703125
T21_octopus,octopus,T4,T21,cross_framing,15,2,83.0,70.125,0.0251922607421875
T22_octopus,octopus,T4,T22,cross_framing,16,2,84.25,78.3125,0.0225982666015625
T23_octopus,octopus,T4,T23,cross_framing,18,2,76.625,78.0625,0.0157623291015625
T24_octopus,octopus,T4,T24,cross_framing,22,2,88.8125,81.25,0.01287841796875
T25_octopus,octopus,T4,T25,cross_framing,20,2,83.0,70.125,0.0254364013671875
T01_shrimp,shrimp,T4,T01,pain_suffering,6,1,104.6875,92.3125,0.05828857421875
T02_shrimp,shrimp,T4,T02,pain_suffering,9,1,110.0625,104.0625,0.02984619140625
T03_shrimp,shrimp,T4,T03,pain_suffering,10,1,104.6875,92.3125,0.04644775390625
T04_shrimp,shrimp,T4,T04,pain_suffering,12,1,104.25,108.4375,0.029083251953125
T05_shrimp,shrimp,T4,T05,fear,9,1,104.6875,92.3125,0.046966552734375
T06_shrimp,shrimp,T4,T06,fear,10,1,104.6875,92.3125,0.0413818359375
T07_shrimp,shrimp,T4,T07,fear,13,1,97.5,94.4375,0.02117919921875
T08_shrimp,shrimp,T4,T08,fear,8,1,104.6875,92.3125,0.047088623046875
T09_shrimp,shrimp,T4,T09,scientific_welfare,9,1,111.125,117.3125,0.02880859375
T10_shrimp,shrimp,T4,T10,scientific_welfare,12,1,105.625,113.25,0.0306243896484375
T11_shrimp,shrimp,T4,T11,scientific_welfare,12,1,91.1875,107.0625,0.023773193359375
T12_shrimp,shrimp,T4,T12,scientific_welfare,11,1,105.375,111.125,0.036712646484375
T13_shrimp,shrimp,T4,T13,moral_consideration,10,1,104.6875,92.3125,0.040130615234375
T14_shrimp,shrimp,T4,T14,moral_consideration,13,1,99.5,98.6875,0.0225830078125
T15_shrimp,shrimp,T4,T15,moral_consideration,12,1,92.4375,113.375,0.0124053955078125
T16_shrimp,shrimp,T4,T16,moral_consideration,13,1,107.6875,107.0625,0.029632568359375
T17_shrimp,shrimp,T4,T17,neutral_control,7,1,104.6875,92.3125,0.052459716796875
T18_shrimp,shrimp,T4,T18,neutral_control,8,1,104.6875,92.3125,0.0496826171875
T19_shrimp,shrimp,T4,T19,neutral_control,12,1,104.125,100.9375,0.041107177734375
T20_shrimp,shrimp,T4,T20,neutral_control,8,1,104.6875,92.3125,0.04559326171875
T21_shrimp,shrimp,T4,T21,cross_framing,14,1,104.6875,92.3125,0.037445068359375
T22_shrimp,shrimp,T4,T22,cross_framing,15,1,104.75,96.6875,0.031463623046875
T23_shrimp,shrimp,T4,T23,cross_framing,17,1,102.0625,102.4375,0.020721435546875
T24_shrimp,shrimp,T4,T24,cross_framing,21,1,104.375,107.125,0.0192413330078125
T25_shrimp,shrimp,T4,T25,cross_framing,19,1,104.6875,92.3125,0.037384033203125
T01_squid,squid,T4,T01,pain_suffering,7,2,75.4375,62.65625,0.037445068359375
T02_squid,squid,T4,T02,pain_suffering,10,2,88.125,73.6875,0.0192718505859375
T03_squid,squid,T4,T03,pain_suffering,11,2,75.4375,62.65625,0.0301361083984375
T04_squid,squid,T4,T04,pain_suffering,13,2,79.0625,74.4375,0.0172576904296875
T05_squid,squid,T4,T05,fear,10,2,75.4375,62.65625,0.03173828125
T06_squid,squid,T4,T06,fear,11,2,75.4375,62.65625,0.0279388427734375
T07_squid,squid,T4,T07,fear,14,2,79.0625,69.625,0.0135498046875
T08_squid,squid,T4,T08,fear,9,2,75.4375,62.65625,0.03106689453125
T09_squid,squid,T4,T09,scientific_welfare,10,2,68.25,74.9375,0.022003173828125
T10_squid,squid,T4,T10,scientific_welfare,13,2,70.625,76.0,0.0210723876953125
T11_squid,squid,T4,T11,scientific_welfare,13,2,50.53125,69.1875,0.0163116455078125
T12_squid,squid,T4,T12,scientific_welfare,12,2,71.5,70.875,0.0256805419921875
T13_squid,squid,T4,T13,moral_consideration,11,2,75.4375,62.65625,0.0288543701171875
T14_squid,squid,T4,T14,moral_consideration,14,2,65.1875,74.0625,0.01546478271484375
T15_squid,squid,T4,T15,moral_consideration,13,2,67.5625,81.875,0.0100860595703125
T16_squid,squid,T4,T16,moral_consideration,14,2,81.6875,72.75,0.0192108154296875
T17_squid,squid,T4,T17,neutral_control,8,2,75.4375,62.65625,0.035064697265625
T18_squid,squid,T4,T18,neutral_control,9,2,75.4375,62.65625,0.03302001953125
T19_squid,squid,T4,T19,neutral_control,13,2,85.625,73.0625,0.0247039794921875
T20_squid,squid,T4,T20,neutral_control,9,2,75.4375,62.65625,0.0305023193359375
T21_squid,squid,T4,T21,cross_framing,15,2,75.4375,62.65625,0.0247039794921875
T22_squid,squid,T4,T22,cross_framing,16,2,80.25,68.875,0.0192718505859375
T23_squid,squid,T4,T23,cross_framing,18,2,68.625,71.625,0.0148162841796875
T24_squid,squid,T4,T24,cross_framing,22,2,85.625,73.0,0.01212310791015625
T25_squid,squid,T4,T25,cross_framing,20,2,75.4375,62.65625,0.024688720703125
T01_ant,ant,T5,T01,pain_suffering,6,1,89.1875,57.46875,0.047149658203125
T02_ant,ant,T5,T02,pain_suffering,9,1,90.75,72.5,0.023406982421875
T03_ant,ant,T5,T03,pain_suffering,10,1,89.1875,57.46875,0.03521728515625
T04_ant,ant,T5,T04,pain_suffering,12,1,84.3125,60.34375,0.0190887451171875
T05_ant,ant,T5,T05,fear,9,1,89.1875,57.46875,0.037628173828125
T06_ant,ant,T5,T06,fear,10,1,89.1875,57.46875,0.032257080078125
T07_ant,ant,T5,T07,fear,13,1,88.25,62.96875,0.015411376953125
T08_ant,ant,T5,T08,fear,8,1,89.1875,57.46875,0.038787841796875
T09_ant,ant,T5,T09,scientific_welfare,9,1,84.0,77.0625,0.0225982666015625
T10_ant,ant,T5,T10,scientific_welfare,12,1,88.8125,74.3125,0.0228118896484375
T11_ant,ant,T5,T11,scientific_welfare,12,1,89.25,56.5,0.0167083740234375
T12_ant,ant,T5,T12,scientific_welfare,11,1,92.375,59.6875,0.0280303955078125
T13_ant,ant,T5,T13,moral_consideration,10,1,89.1875,57.46875,0.0333251953125
T14_ant,ant,T5,T14,moral_consideration,13,1,83.625,59.0,0.01534271240234375
T15_ant,ant,T5,T15,moral_consideration,12,1,77.5,65.8125,0.01016998291015625
T16_ant,ant,T5,T16,moral_consideration,13,1,89.375,61.78125,0.021026611328125
T17_ant,ant,T5,T17,neutral_control,7,1,89.1875,57.46875,0.041107177734375
T18_ant,ant,T5,T18,neutral_control,8,1,89.1875,57.46875,0.039154052734375
T19_ant,ant,T5,T19,neutral_control,12,1,92.0625,64.4375,0.0298309326171875
T20_ant,ant,T5,T20,neutral_control,8,1,89.1875,57.46875,0.035858154296875
T21_ant,ant,T5,T21,cross_framing,14,1,89.1875,57.46875,0.0278472900390625
T22_ant,ant,T5,T22,cross_framing,15,1,91.0625,60.90625,0.0194091796875
T23_ant,ant,T5,T23,cross_framing,17,1,83.1875,57.8125,0.01474761962890625
T24_ant,ant,T5,T24,cross_framing,21,1,93.875,66.0,0.013427734375
T25_ant,ant,T5,T25,cross_framing,19,1,89.1875,57.46875,0.028594970703125
T01_aphid,aphid,T5,T01,pain_suffering,7,2,74.0,68.0,0.0404052734375
T02_aphid,aphid,T5,T02,pain_suffering,10,2,85.4375,78.1875,0.0224151611328125
T03_aphid,aphid,T5,T03,pain_suffering,11,2,74.0,68.0,0.034332275390625
T04_aphid,aphid,T5,T04,pain_suffering,13,2,74.75,73.4375,0.021392822265625
T05_aphid,aphid,T5,T05,fear,10,2,74.0,68.0,0.03472900390625
T06_aphid,aphid,T5,T06,fear,11,2,74.0,68.0,0.0301513671875
T07_aphid,aphid,T5,T07,fear,14,2,76.8125,77.5625,0.01538848876953125
T08_aphid,aphid,T5,T08,fear,9,2,74.0,68.0,0.0335693359375
T09_aphid,aphid,T5,T09,scientific_welfare,10,2,75.375,78.0625,0.0236358642578125
T10_aphid,aphid,T5,T10,scientific_welfare,13,2,72.8125,77.5,0.0235748291015625
T11_aphid,aphid,T5,T11,scientific_welfare,13,2,64.5,72.3125,0.0193023681640625
T12_aphid,aphid,T5,T12,scientific_welfare,12,2,75.9375,73.8125,0.0283355712890625
T13_aphid,aphid,T5,T13,moral_consideration,11,2,74.0,68.0,0.032196044921875
T14_aphid,aphid,T5,T14,moral_consideration,14,2,69.875,74.0,0.01763916015625
T15_aphid,aphid,T5,T15,moral_consideration,13,2,69.5625,79.4375,0.01102447509765625
T16_aphid,aphid,T5,T16,moral_consideration,14,2,76.75,76.1875,0.0214996337890625
T17_aphid,aphid,T5,T17,neutral_control,8,2,74.0,68.0,0.0374755859375
T18_aphid,aphid,T5,T18,neutral_control,9,2,74.0,68.0,0.03668212890625
T19_aphid,aphid,T5,T19,neutral_control,13,2,84.125,75.125,0.0263671875
T20_aphid,aphid,T5,T20,neutral_control,9,2,74.0,68.0,0.03363037109375
T21_aphid,aphid,T5,T21,cross_framing,15,2,74.0,68.0,0.0268707275390625
T22_aphid,aphid,T5,T22,cross_framing,16,2,75.6875,71.0,0.02362060546875
T23_aphid,aphid,T5,T23,cross_framing,18,2,69.4375,73.9375,0.0181121826171875
T24_aphid,aphid,T5,T24,cross_framing,22,2,77.5,76.25,0.0141754150390625
T25_aphid,aphid,T5,T25,cross_framing,20,2,74.0,68.0,0.026031494140625
T01_beetle,beetle,T5,T01,pain_suffering,7,2,106.6875,81.75,0.038543701171875
T02_beetle,beetle,T5,T02,pain_suffering,10,2,107.75,89.0,0.01947021484375
T03_beetle,beetle,T5,T03,pain_suffering,11,2,106.6875,81.75,0.031982421875
T04_beetle,beetle,T5,T04,pain_suffering,13,2,112.0625,92.5,0.0197601318359375
T05_beetle,beetle,T5,T05,fear,10,2,106.6875,81.75,0.032684326171875
T06_beetle,beetle,T5,T06,fear,11,2,106.6875,81.75,0.02899169921875
T07_beetle,beetle,T5,T07,fear,14,2,91.625,82.1875,0.0140533447265625
T08_beetle,beetle,T5,T08,fear,9,2,106.6875,81.75,0.032257080078125
T09_beetle,beetle,T5,T09,scientific_welfare,10,2,104.375,91.875,0.0203704833984375
T10_beetle,beetle,T5,T10,scientific_welfare,13,2,103.625,95.0625,0.0204620361328125
T11_beetle,beetle,T5,T11,scientific_welfare,13,2,88.0625,82.5625,0.017364501953125
T12_beetle,beetle,T5,T12,scientific_welfare,12,2,108.6875,84.3125,0.0252685546875
T13_beetle,beetle,T5,T13,moral_consideration,11,2,106.6875,81.75,0.029510498046875
T14_beetle,beetle,T5,T14,moral_consideration,14,2,94.5,90.25,0.0161895751953125
T15_beetle,beetle,T5,T15,moral_consideration,13,2,85.9375,97.0,0.01055908203125
T16_beetle,beetle,T5,T16,moral_consideration,14,2,104.8125,92.625,0.019683837890625
T17_beetle,beetle,T5,T17,neutral_control,8,2,106.6875,81.75,0.03680419921875
T18_beetle,beetle,T5,T18,neutral_control,9,2,106.6875,81.75,0.034088134765625
T19_beetle,beetle,T5,T19,neutral_control,13,2,106.75,87.0625,0.0250244140625
T20_beetle,beetle,T5,T20,neutral_control,9,2,106.6875,81.75,0.03204345703125
T21_beetle,beetle,T5,T21,cross_framing,15,2,106.6875,81.75,0.0254058837890625
T22_beetle,beetle,T5,T22,cross_framing,16,2,103.75,87.125,0.0205078125
T23_beetle,beetle,T5,T23,cross_framing,18,2,98.75,92.75,0.01546478271484375
T24_beetle,beetle,T5,T24,cross_framing,22,2,106.4375,93.0625,0.01212310791015625
T25_beetle,beetle,T5,T25,cross_framing,20,2,106.6875,81.75,0.0247650146484375
T01_cockroach,cockroach,T5,T01,pain_suffering,8,3,83.6875,61.28125,0.031890869140625
T02_cockroach,cockroach,T5,T02,pain_suffering,11,3,94.1875,73.375,0.0175628662109375
T03_cockroach,cockroach,T5,T03,pain_suffering,12,3,83.6875,61.28125,0.0259857177734375
T04_cockroach,cockroach,T5,T04,pain_suffering,14,3,87.3125,70.3125,0.016204833984375
T05_cockroach,cockroach,T5,T05,fear,11,3,83.6875,61.28125,0.02685546875
T06_cockroach,cockroach,T5,T06,fear,12,3,83.6875,61.28125,0.024322509765625
T07_cockroach,cockroach,T5,T07,fear,15,3,83.6875,68.75,0.0132904052734375
T08_cockroach,cockroach,T5,T08,fear,10,3,83.6875,61.28125,0.027496337890625
T09_cockroach,cockroach,T5,T09,scientific_welfare,11,3,77.625,66.5,0.0190887451171875
T10_cockroach,cockroach,T5,T10,scientific_welfare,14,3,77.9375,67.6875,0.018798828125
T11_cockroach,cockroach,T5,T11,scientific_welfare,14,3,65.875,61.9375,0.0158843994140625
T12_cockroach,cockroach,T5,T12,scientific_welfare,13,3,83.625,66.875,0.02142333984375
T13_cockroach,cockroach,T5,T13,moral_consideration,12,3,83.6875,61.28125,0.0244598388671875
T14_cockroach,cockroach,T5,T14,moral_consideration,15,3,76.75,65.1875,0.01462554931640625
T15_cockroach,cockroach,T5,T15,moral_consideration,14,3,75.6875,74.625,0.0106048583984375
T16_cockroach,cockroach,T5,T16,moral_consideration,15,3,88.875,70.6875,0.0172271728515625
T17_cockroach,cockroach,T5,T17,neutral_control,9,3,83.6875,61.28125,0.029815673828125
T18_cockroach,cockroach,T5,T18,neutral_control,10,3,83.6875,61.28125,0.028167724609375
T19_cockroach,cockroach,T5,T19,neutral_control,14,3,89.9375,68.125,0.0212860107421875
T20_cockroach,cockroach,T5,T20,neutral_control,10,3,83.6875,61.28125,0.0266876220703125
T21_cockroach,cockroach,T5,T21,cross_framing,16,3,83.6875,61.28125,0.02117919921875
T22_cockroach,cockroach,T5,T22,cross_framing,17,3,86.0,64.3125,0.0180206298828125
T23_cockroach,cockroach,T5,T23,cross_framing,19,3,80.0,69.0,0.01372528076171875
T24_cockroach,cockroach,T5,T24,cross_framing,23,3,89.875,73.0625,0.0115509033203125
T25_cockroach,cockroach,T5,T25,cross_framing,21,3,83.6875,61.28125,0.0203094482421875
T01_earthworm,earthworm,T5,T01,pain_suffering,7,2,115.3125,99.0625,0.04290771484375
T02_earthworm,earthworm,T5,T02,pain_suffering,10,2,126.8125,112.8125,0.0214996337890625
T03_earthworm,earthworm,T5,T03,pain_suffering,11,2,115.3125,99.0625,0.034820556640625
T04_earthworm,earthworm,T5,T04,pain_suffering,13,2,125.625,110.6875,0.021270751953125
T05_earthworm,earthworm,T5,T05,fear,10,2,115.3125,99.0625,0.03533935546875
T06_earthworm,earthworm,T5,T06,fear,11,2,115.3125,99.0625,0.03216552734375
T07_earthworm,earthworm,T5,T07,fear,14,2,106.0,100.625,0.0157318115234375
T08_earthworm,earthworm,T5,T08,fear,9,2,115.3125,99.0625,0.035858154296875
T09_earthworm,earthworm,T5,T09,scientific_welfare,10,2,102.8125,113.5,0.022369384765625
T10_earthworm,earthworm,T5,T10,scientific_welfare,13,2,102.0,113.5,0.0226593017578125
T11_earthworm,earthworm,T5,T11,scientific_welfare,13,2,78.625,92.1875,0.0180206298828125
T12_earthworm,earthworm,T5,T12,scientific_welfare,12,2,109.1875,111.6875,0.0278778076171875
T13_earthworm,earthworm,T5,T13,moral_consideration,11,2,115.3125,99.0625,0.033599853515625
T14_earthworm,earthworm,T5,T14,moral_consideration,14,2,96.9375,110.0,0.0182342529296875
T15_earthworm,earthworm,T5,T15,moral_consideration,13,2,86.875,114.625,0.01087188720703125
T16_earthworm,earthworm,T5,T16,moral_consideration,14,2,116.8125,112.125,0.0220184326171875
T17_earthworm,earthworm,T5,T17,neutral_control,8,2,115.3125,99.0625,0.042388916015625
T18_earthworm,earthworm,T5,T18,neutral_control,9,2,115.3125,99.0625,0.037933349609375
T19_earthworm,earthworm,T5,T19,neutral_control,13,2,111.0,100.9375,0.02789306640625
T20_earthworm,earthworm,T5,T20,neutral_control,9,2,115.3125,99.0625,0.03533935546875
T21_earthworm,earthworm,T5,T21,cross_framing,15,2,115.3125,99.0625,0.027679443359375
T22_earthworm,earthworm,T5,T22,cross_framing,16,2,109.625,101.4375,0.0231170654296875
T23_earthworm,earthworm,T5,T23,cross_framing,18,2,100.875,110.75,0.01739501953125
T24_earthworm,earthworm,T5,T24,cross_framing,22,2,121.25,116.4375,0.01457977294921875
T25_earthworm,earthworm,T5,T25,cross_framing,20,2,115.3125,99.0625,0.0270233154296875
T01_fly,fly,T5,T01,pain_suffering,6,1,91.25,76.25,0.052001953125
T02_fly,fly,T5,T02,pain_suffering,9,1,96.6875,89.9375,0.0250091552734375
T03_fly,fly,T5,T03,pain_suffering,10,1,91.25,76.25,0.040679931640625
T04_fly,fly,T5,T04,pain_suffering,12,1,87.3125,77.5,0.0223846435546875
T05_fly,fly,T5,T05,fear,9,1,91.25,76.25,0.042755126953125
T06_fly,fly,T5,T06,fear,10,1,91.25,76.25,0.037139892578125
T07_fly,fly,T5,T07,fear,13,1,92.0,80.625,0.018646240234375
T08_fly,fly,T5,T08,fear,8,1,91.25,76.25,0.0428466796875
T09_fly,fly,T5,T09,scientific_welfare,9,1,92.75,105.125,0.0253143310546875
T10_fly,fly,T5,T10,scientific_welfare,12,1,90.4375,102.9375,0.026611328125
T11_fly,fly,T5,T11,scientific_welfare,12,1,71.4375,81.875,0.0185394287109375
T12_fly,fly,T5,T12,scientific_welfare,11,1,84.6875,88.4375,0.0328369140625
T13_fly,fly,T5,T13,moral_consideration,10,1,91.25,76.25,0.03680419921875
T14_fly,fly,T5,T14,moral_consideration,13,1,84.1875,71.6875,0.017852783203125
T15_fly,fly,T5,T15,moral_consideration,12,1,75.25,79.25,0.00920867919921875
T16_fly,fly,T5,T16,moral_consideration,13,1,92.9375,80.5625,0.0260772705078125
T17_fly,fly,T5,T17,neutral_control,7,1,91.25,76.25,0.0479736328125
T18_fly,fly,T5,T18,neutral_control,8,1,91.25,76.25,0.04290771484375
T19_fly,fly,T5,T19,neutral_control,12,1,90.4375,81.0625,0.0357666015625
T20_fly,fly,T5,T20,neutral_control,8,1,91.25,76.25,0.04119873046875
T21_fly,fly,T5,T21,cross_framing,14,1,91.25,76.25,0.032196044921875
T22_fly,fly,T5,T22,cross_framing,15,1,86.5625,72.375,0.024017333984375
T23_fly,fly,T5,T23,cross_framing,17,1,85.1875,74.9375,0.01629638671875
T24_fly,fly,T5,T24,cross_framing,21,1,93.6875,90.875,0.016143798828125
T25_fly,fly,T5,T25,cross_framing,19,1,91.25,76.25,0.031707763671875
T01_mite,mite,T5,T01,pain_suffering,7,2,77.8125,76.5,0.04168701171875
T02_mite,mite,T5,T02,pain_suffering,10,2,92.0625,85.6875,0.020294189453125
T03_mite,mite,T5,T03,pain_suffering,11,2,77.8125,76.5,0.033538818359375
T04_mite,mite,T5,T04,pain_suffering,13,2,82.5625,81.875,0.0201416015625
T05_mite,mite,T5,T05,fear,10,2,77.8125,76.5,0.03466796875
T06_mite,mite,T5,T06,fear,11,2,77.8125,76.5,0.0316162109375
T07_mite,mite,T5,T07,fear,14,2,80.125,78.375,0.01369476318359375
T08_mite,mite,T5,T08,fear,9,2,77.8125,76.5,0.034759521484375
T09_mite,mite,T5,T09,scientific_welfare,10,2,75.9375,88.3125,0.0235595703125
T10_mite,mite,T5,T10,scientific_welfare,13,2,74.875,89.1875,0.02392578125
T11_mite,mite,T5,T11,scientific_welfare,13,2,66.5625,85.375,0.01947021484375
T12_mite,mite,T5,T12,scientific_welfare,12,2,78.5625,84.6875,0.0292816162109375
T13_mite,mite,T5,T13,moral_consideration,11,2,77.8125,76.5,0.031524658203125
T14_mite,mite,T5,T14,moral_consideration,14,2,75.25,83.875,0.017547607421875
T15_mite,mite,T5,T15,moral_consideration,13,2,72.9375,87.1875,0.0108642578125
T16_mite,mite,T5,T16,moral_consideration,14,2,85.0625,82.25,0.0194091796875
T17_mite,mite,T5,T17,neutral_control,8,2,77.8125,76.5,0.039031982421875
T18_mite,mite,T5,T18,neutral_control,9,2,77.8125,76.5,0.036712646484375
T19_mite,mite,T5,T19,neutral_control,13,2,88.1875,82.5625,0.0248260498046875
T20_mite,mite,T5,T20,neutral_control,9,2,77.8125,76.5,0.0350341796875
T21_mite,mite,T5,T21,cross_framing,15,2,77.8125,76.5,0.0272674560546875
T22_mite,mite,T5,T22,cross_framing,16,2,80.6875,74.5,0.0214080810546875
T23_mite,mite,T5,T23,cross_framing,18,2,77.75,82.0,0.0165252685546875
T24_mite,mite,T5,T24,cross_framing,22,2,86.625,85.4375,0.01270294189453125
T25_mite,mite,T5,T25,cross_framing,20,2,77.8125,76.5,0.025634765625
T01_moth,moth,T5,T01,pain_suffering,6,1,92.25,76.0625,0.0565185546875
T02_moth,moth,T5,T02,pain_suffering,9,1,104.5625,101.5,0.02734375
T03_moth,moth,T5,T03,pain_suffering,10,1,92.25,76.0625,0.044708251953125
T04_moth,moth,T5,T04,pain_suffering,12,1,91.8125,94.5,0.0257110595703125
T05_moth,moth,T5,T05,fear,9,1,92.25,76.0625,0.045654296875
T06_moth,moth,T5,T06,fear,10,1,92.25,76.0625,0.04217529296875
T07_moth,moth,T5,T07,fear,13,1,91.6875,87.8125,0.018218994140625
T08_moth,moth,T5,T08,fear,8,1,92.25,76.0625,0.045440673828125
T09_moth,moth,T5,T09,scientific_welfare,9,1,111.1875,113.375,0.0270843505859375
T10_moth,moth,T5,T10,scientific_welfare,12,1,105.625,111.1875,0.028045654296875
T11_moth,moth,T5,T11,scientific_welfare,12,1,76.375,85.9375,0.0201873779296875
T12_moth,moth,T5,T12,scientific_welfare,11,1,103.8125,103.4375,0.036376953125
T13_moth,moth,T5,T13,moral_consideration,10,1,92.25,76.0625,0.041595458984375
T14_moth,moth,T5,T14,moral_consideration,13,1,84.5625,88.1875,0.019378662109375
T15_moth,moth,T5,T15,moral_consideration,12,1,83.4375,104.6875,0.01073455810546875
T16_moth,moth,T5,T16,moral_consideration,13,1,94.5625,93.5,0.025634765625
T17_moth,moth,T5,T17,neutral_control,7,1,92.25,76.0625,0.0537109375
T18_moth,moth,T5,T18,neutral_control,8,1,92.25,76.0625,0.050750732421875
T19_moth,moth,T5,T19,neutral_control,12,1,101.6875,98.0625,0.03753662109375
T20_moth,moth,T5,T20,neutral_control,8,1,92.25,76.0625,0.046417236328125
T21_moth,moth,T5,T21,cross_framing,14,1,92.25,76.0625,0.037200927734375
T22_moth,moth,T5,T22,cross_framing,15,1,94.0,89.8125,0.0288238525390625
T23_moth,moth,T5,T23,cross_framing,17,1,83.5,83.5,0.0209808349609375
T24_moth,moth,T5,T24,cross_framing,21,1,100.9375,103.5625,0.0184783935546875
T25_moth,moth,T5,T25,cross_framing,19,1,92.25,76.0625,0.03619384765625
T01_nematode,nematode,T5,T01,pain_suffering,7,2,77.6875,70.125,0.038848876953125
T02_nematode,nematode,T5,T02,pain_suffering,10,2,91.375,76.625,0.02239990234375
T03_nematode,nematode,T5,T03,pain_suffering,11,2,77.6875,70.125,0.031219482421875
T04_nematode,nematode,T5,T04,pain_suffering,13,2,92.0625,79.5,0.0199127197265625
T05_nematode,nematode,T5,T05,fear,10,2,77.6875,70.125,0.033721923828125
T06_nematode,nematode,T5,T06,fear,11,2,77.6875,70.125,0.028839111328125
T07_nematode,nematode,T5,T07,fear,14,2,84.25,74.875,0.016204833984375
T08_nematode,nematode,T5,T08,fear,9,2,77.6875,70.125,0.03363037109375
T09_nematode,nematode,T5,T09,scientific_welfare,10,2,80.9375,72.125,0.021575927734375
T10_nematode,nematode,T5,T10,scientific_welfare,13,2,81.625,74.8125,0.021514892578125
T11_nematode,nematode,T5,T11,scientific_welfare,13,2,75.4375,73.9375,0.0171051025390625
T12_nematode,nematode,T5,T12,scientific_welfare,12,2,88.0625,75.3125,0.02679443359375
T13_nematode,nematode,T5,T13,moral_consideration,11,2,77.6875,70.125,0.0301971435546875
T14_nematode,nematode,T5,T14,moral_consideration,14,2,77.0625,75.875,0.016998291015625
T15_nematode,nematode,T5,T15,moral_consideration,13,2,78.125,81.125,0.01155853271484375
T16_nematode,nematode,T5,T16,moral_consideration,14,2,83.75,77.875,0.0204010009765625
T17_nematode,nematode,T5,T17,neutral_control,8,2,77.6875,70.125,0.03814697265625
T18_nematode,nematode,T5,T18,neutral_control,9,2,77.6875,70.125,0.03399658203125
T19_nematode,nematode,T5,T19,neutral_control,13,2,91.1875,76.0625,0.0251312255859375
T20_nematode,nematode,T5,T20,neutral_control,9,2,77.6875,70.125,0.03228759765625
T21_nematode,nematode,T5,T21,cross_framing,15,2,77.6875,70.125,0.0248260498046875
T22_nematode,nematode,T5,T22,cross_framing,16,2,88.1875,75.8125,0.0239410400390625
T23_nematode,nematode,T5,T23,cross_framing,18,2,79.6875,76.8125,0.0166168212890625
T24_nematode,nematode,T5,T24,cross_framing,22,2,87.4375,77.4375,0.01416778564453125
T25_nematode,nematode,T5,T25,cross_framing,20,2,77.6875,70.125,0.0237274169921875
T01_woodlouse,woodlouse,T5,T01,pain_suffering,8,3,84.0625,70.875,0.03179931640625
T02_woodlouse,woodlouse,T5,T02,pain_suffering,11,3,89.625,83.8125,0.0175323486328125
T03_woodlouse,woodlouse,T5,T03,pain_suffering,12,3,84.0625,70.875,0.0257415771484375
T04_woodlouse,woodlouse,T5,T04,pain_suffering,14,3,84.0625,81.9375,0.017730712890625
T05_woodlouse,woodlouse,T5,T05,fear,11,3,84.0625,70.875,0.027557373046875
T06_woodlouse,woodlouse,T5,T06,fear,12,3,84.0625,70.875,0.024261474609375
T07_woodlouse,woodlouse,T5,T07,fear,15,3,77.75,75.6875,0.013427734375
T08_woodlouse,woodlouse,T5,T08,fear,10,3,84.0625,70.875,0.026885986328125
T09_woodlouse,woodlouse,T5,T09,scientific_welfare,11,3,75.4375,86.125,0.0197906494140625
T10_woodlouse,woodlouse,T5,T10,scientific_welfare,14,3,73.625,85.375,0.0190887451171875
T11_woodlouse,woodlouse,T5,T11,scientific_welfare,14,3,60.15625,74.9375,0.0160675048828125
T12_woodlouse,woodlouse,T5,T12,scientific_welfare,13,3,79.25,77.25,0.0220489501953125
T13_woodlouse,woodlouse,T5,T13,moral_consideration,12,3,84.0625,70.875,0.0245819091796875
T14_woodlouse,woodlouse,T5,T14,moral_consideration,15,3,71.6875,81.9375,0.0149383544921875
T15_woodlouse,woodlouse,T5,T15,moral_consideration,14,3,69.3125,89.125,0.0106658935546875
T16_woodlouse,woodlouse,T5,T16,moral_consideration,15,3,85.75,81.125,0.0172271728515625
T17_woodlouse,woodlouse,T5,T17,neutral_control,9,3,84.0625,70.875,0.0309600830078125
T18_woodlouse,woodlouse,T5,T18,neutral_control,10,3,84.0625,70.875,0.0286865234375
T19_woodlouse,woodlouse,T5,T19,neutral_control,14,3,86.375,79.375,0.0218658447265625
T20_woodlouse,woodlouse,T5,T20,neutral_control,10,3,84.0625,70.875,0.0272674560546875
T21_woodlouse,woodlouse,T5,T21,cross_framing,16,3,84.0625,70.875,0.021148681640625
T22_woodlouse,woodlouse,T5,T22,cross_framing,17,3,83.125,80.875,0.0186767578125
T23_woodlouse,woodlouse,T5,T23,cross_framing,19,3,75.75,82.125,0.0139007568359375
T24_woodlouse,woodlouse,T5,T24,cross_framing,23,3,87.625,84.8125,0.01122283935546875
T25_woodlouse,woodlouse,T5,T25,cross_framing,21,3,84.0625,70.875,0.0199432373046875
T01_bacterium,bacterium,T6,T01,pain_suffering,6,1,127.6875,112.625,0.061676025390625
T02_bacterium,bacterium,T6,T02,pain_suffering,9,1,140.0,122.0625,0.034515380859375
T03_bacterium,bacterium,T6,T03,pain_suffering,10,1,127.6875,112.625,0.051788330078125
T04_bacterium,bacterium,T6,T04,pain_suffering,12,1,141.0,123.9375,0.030609130859375
T05_bacterium,bacterium,T6,T05,fear,9,1,127.6875,112.625,0.050750732421875
T06_bacterium,bacterium,T6,T06,fear,10,1,127.6875,112.625,0.047332763671875
T07_bacterium,bacterium,T6,T07,fear,13,1,113.6875,109.875,0.0250244140625
T08_bacterium,bacterium,T6,T08,fear,8,1,127.6875,112.625,0.053924560546875
T09_bacterium,bacterium,T6,T09,scientific_welfare,9,1,139.25,121.5625,0.03131103515625
T10_bacterium,bacterium,T6,T10,scientific_welfare,12,1,136.375,128.875,0.035552978515625
T11_bacterium,bacterium,T6,T11,scientific_welfare,12,1,119.9375,106.3125,0.02313232421875
T12_bacterium,bacterium,T6,T12,scientific_welfare,11,1,145.875,122.5,0.042938232421875
T13_bacterium,bacterium,T6,T13,moral_consideration,10,1,127.6875,112.625,0.04669189453125
T14_bacterium,bacterium,T6,T14,moral_consideration,13,1,133.625,119.0625,0.024871826171875
T15_bacterium,bacterium,T6,T15,moral_consideration,12,1,105.9375,122.0,0.01271820068359375
T16_bacterium,bacterium,T6,T16,moral_consideration,13,1,134.75,124.8125,0.0312042236328125
T17_bacterium,bacterium,T6,T17,neutral_control,7,1,127.6875,112.625,0.058135986328125
T18_bacterium,bacterium,T6,T18,neutral_control,8,1,127.6875,112.625,0.054443359375
T19_bacterium,bacterium,T6,T19,neutral_control,12,1,132.0,116.625,0.041259765625
T20_bacterium,bacterium,T6,T20,neutral_control,8,1,127.6875,112.625,0.050994873046875
T21_bacterium,bacterium,T6,T21,cross_framing,14,1,127.6875,112.625,0.040771484375
T22_bacterium,bacterium,T6,T22,cross_framing,15,1,132.625,118.4375,0.036102294921875
T23_bacterium,bacterium,T6,T23,cross_framing,17,1,133.875,120.4375,0.0242156982421875
T24_bacterium,bacterium,T6,T24,cross_framing,21,1,138.75,127.875,0.02117919921875
T25_bacterium,bacterium,T6,T25,cross_framing,19,1,127.6875,112.625,0.039947509765625
T01_cloud,cloud,T6,T01,pain_suffering,6,1,106.5,77.6875,0.057708740234375
T02_cloud,cloud,T6,T02,pain_suffering,9,1,117.625,102.4375,0.027069091796875
T03_cloud,cloud,T6,T03,pain_suffering,10,1,106.5,77.6875,0.0438232421875
T04_cloud,cloud,T6,T04,pain_suffering,12,1,122.0625,93.875,0.025665283203125
T05_cloud,cloud,T6,T05,fear,9,1,106.5,77.6875,0.040771484375
T06_cloud,cloud,T6,T06,fear,10,1,106.5,77.6875,0.041168212890625
T07_cloud,cloud,T6,T07,fear,13,1,115.3125,82.4375,0.01486968994140625
T08_cloud,cloud,T6,T08,fear,8,1,106.5,77.6875,0.04412841796875
T09_cloud,cloud,T6,T09,scientific_welfare,9,1,100.5,103.1875,0.0269927978515625
T10_cloud,cloud,T6,T10,scientific_welfare,12,1,102.9375,109.1875,0.0295867919921875
T11_cloud,cloud,T6,T11,scientific_welfare,12,1,83.6875,83.5625,0.0207977294921875
T12_cloud,cloud,T6,T12,scientific_welfare,11,1,106.9375,102.1875,0.03741455078125
T13_cloud,cloud,T6,T13,moral_consideration,10,1,106.5,77.6875,0.040557861328125
T14_cloud,cloud,T6,T14,moral_consideration,13,1,105.4375,101.5,0.0248870849609375
T15_cloud,cloud,T6,T15,moral_consideration,12,1,82.6875,96.9375,0.0106353759765625
T16_cloud,cloud,T6,T16,moral_consideration,13,1,104.75,89.8125,0.028564453125
T17_cloud,cloud,T6,T17,neutral_control,7,1,106.5,77.6875,0.05224609375
T18_cloud,cloud,T6,T18,neutral_control,8,1,106.5,77.6875,0.048583984375
T19_cloud,cloud,T6,T19,neutral_control,12,1,109.1875,88.625,0.037261962890625
T20_cloud,cloud,T6,T20,neutral_control,8,1,106.5,77.6875,0.0439453125
T21_cloud,cloud,T6,T21,cross_framing,14,1,106.5,77.6875,0.03485107421875
T22_cloud,cloud,T6,T22,cross_framing,15,1,110.75,88.0625,0.027069091796875
T23_cloud,cloud,T6,T23,cross_framing,17,1,101.0625,87.9375,0.0208892822265625
T24_cloud,cloud,T6,T24,cross_framing,21,1,115.3125,104.0,0.017791748046875
T25_cloud,cloud,T6,T25,cross_framing,19,1,106.5,77.6875,0.0325927734375
T01_moss,moss,T6,T01,pain_suffering,6,1,111.0625,82.1875,0.058258056640625
T02_moss,moss,T6,T02,pain_suffering,9,1,108.3125,97.1875,0.029144287109375
T03_moss,moss,T6,T03,pain_suffering,10,1,111.0625,82.1875,0.0439453125
T04_moss,moss,T6,T04,pain_suffering,12,1,94.8125,86.9375,0.0251312255859375
T05_moss,moss,T6,T05,fear,9,1,111.0625,82.1875,0.044525146484375
T06_moss,moss,T6,T06,fear,10,1,111.0625,82.1875,0.042205810546875
T07_moss,moss,T6,T07,fear,13,1,98.6875,82.0,0.015899658203125
T08_moss,moss,T6,T08,fear,8,1,111.0625,82.1875,0.04595947265625
T09_moss,moss,T6,T09,scientific_welfare,9,1,90.375,92.0625,0.02447509765625
T10_moss,moss,T6,T10,scientific_welfare,12,1,84.5,88.5,0.025848388671875
T11_moss,moss,T6,T11,scientific_welfare,12,1,67.5625,78.0,0.01806640625
T12_moss,moss,T6,T12,scientific_welfare,11,1,86.125,79.375,0.0313720703125
T13_moss,moss,T6,T13,moral_consideration,10,1,111.0625,82.1875,0.040252685546875
T14_moss,moss,T6,T14,moral_consideration,13,1,80.75,79.5,0.0182342529296875
T15_moss,moss,T6,T15,moral_consideration,12,1,75.6875,80.625,0.0102996826171875
T16_moss,moss,T6,T16,moral_consideration,13,1,99.9375,88.0,0.02764892578125
T17_moss,moss,T6,T17,neutral_control,7,1,111.0625,82.1875,0.054229736328125
T18_moss,moss,T6,T18,neutral_control,8,1,111.0625,82.1875,0.050750732421875
T19_moss,moss,T6,T19,neutral_control,12,1,112.125,99.625,0.037384033203125
T20_moss,moss,T6,T20,neutral_control,8,1,111.0625,82.1875,0.0439453125
T21_moss,moss,T6,T21,cross_framing,14,1,111.0625,82.1875,0.03692626953125
T22_moss,moss,T6,T22,cross_framing,15,1,100.1875,85.1875,0.02642822265625
T23_moss,moss,T6,T23,cross_framing,17,1,82.5625,77.25,0.017608642578125
T24_moss,moss,T6,T24,cross_framing,21,1,107.6875,95.375,0.0174713134765625
T25_moss,moss,T6,T25,cross_framing,19,1,111.0625,82.1875,0.03466796875
T01_mushroom,mushroom,T6,T01,pain_suffering,6,1,93.625,92.9375,0.05322265625
T02_mushroom,mushroom,T6,T02,pain_suffering,9,1,99.1875,102.9375,0.026336669921875
T03_mushroom,mushroom,T6,T03,pain_suffering,10,1,93.625,92.9375,0.04425048828125
T04_mushroom,mushroom,T6,T04,pain_suffering,12,1,91.6875,101.5,0.0235443115234375
T05_mushroom,mushroom,T6,T05,fear,9,1,93.625,92.9375,0.04327392578125
T06_mushroom,mushroom,T6,T06,fear,10,1,93.625,92.9375,0.037933349609375
T07_mushroom,mushroom,T6,T07,fear,13,1,106.3125,90.6875,0.017669677734375
T08_mushroom,mushroom,T6,T08,fear,8,1,93.625,92.9375,0.043670654296875
T09_mushroom,mushroom,T6,T09,scientific_welfare,9,1,89.375,104.125,0.0247344970703125
T10_mushroom,mushroom,T6,T10,scientific_welfare,12,1,91.4375,110.4375,0.0288848876953125
T11_mushroom,mushroom,T6,T11,scientific_welfare,12,1,77.4375,91.8125,0.020355224609375
T12_mushroom,mushroom,T6,T12,scientific_welfare,11,1,89.75,102.9375,0.033447265625
T13_mushroom,mushroom,T6,T13,moral_consideration,10,1,93.625,92.9375,0.04022216796875
T14_mushroom,mushroom,T6,T14,moral_consideration,13,1,83.625,103.8125,0.02044677734375
T15_mushroom,mushroom,T6,T15,moral_consideration,12,1,84.6875,110.9375,0.01148223876953125
T16_mushroom,mushroom,T6,T16,moral_consideration,13,1,102.625,107.3125,0.0269012451171875
T17_mushroom,mushroom,T6,T17,neutral_control,7,1,93.625,92.9375,0.04693603515625
T18_mushroom,mushroom,T6,T18,neutral_control,8,1,93.625,92.9375,0.045867919921875
T19_mushroom,mushroom,T6,T19,neutral_control,12,1,99.25,100.875,0.032806396484375
T20_mushroom,mushroom,T6,T20,neutral_control,8,1,93.625,92.9375,0.041595458984375
T21_mushroom,mushroom,T6,T21,cross_framing,14,1,93.625,92.9375,0.03448486328125
T22_mushroom,mushroom,T6,T22,cross_framing,15,1,94.0,96.0625,0.0265350341796875
T23_mushroom,mushroom,T6,T23,cross_framing,17,1,90.375,102.4375,0.0209503173828125
T24_mushroom,mushroom,T6,T24,cross_framing,21,1,93.0625,105.4375,0.0168914794921875
T25_mushroom,mushroom,T6,T25,cross_framing,19,1,93.625,92.9375,0.03497314453125
T01_oak_tree,oak tree,T6,T01,pain_suffering,7,2,120.3125,95.5625,0.04522705078125
T02_oak_tree,oak tree,T6,T02,pain_suffering,10,2,116.75,108.4375,0.0230255126953125
T03_oak_tree,oak tree,T6,T03,pain_suffering,11,2,120.3125,95.5625,0.035980224609375
T04_oak_tree,oak tree,T6,T04,pain_suffering,13,2,115.875,103.4375,0.0235443115234375
T05_oak_tree,oak tree,T6,T05,fear,10,2,120.3125,95.5625,0.036895751953125
T06_oak_tree,oak tree,T6,T06,fear,11,2,120.3125,95.5625,0.033843994140625
T07_oak_tree,oak tree,T6,T07,fear,14,2,96.8125,103.0,0.0173187255859375
T08_oak_tree,oak tree,T6,T08,fear,9,2,120.3125,95.5625,0.03765869140625
T09_oak_tree,oak tree,T6,T09,scientific_welfare,10,2,102.125,109.875,0.025238037109375
T10_oak_tree,oak tree,T6,T10,scientific_welfare,13,2,100.75,113.0625,0.024993896484375
T11_oak_tree,oak tree,T6,T11,scientific_welfare,13,2,86.1875,96.875,0.0194244384765625
T12_oak_tree,oak tree,T6,T12,scientific_welfare,12,2,110.0,107.5,0.0288543701171875
T13_oak_tree,oak tree,T6,T13,moral_consideration,11,2,120.3125,95.5625,0.034027099609375
T14_oak_tree,oak tree,T6,T14,moral_consideration,14,2,99.1875,109.9375,0.019561767578125
T15_oak_tree,oak tree,T6,T15,moral_consideration,13,2,88.375,112.125,0.01256561279296875
T16_oak_tree,oak tree,T6,T16,moral_consideration,14,2,115.9375,108.3125,0.0229034423828125
T17_oak_tree,oak tree,T6,T17,neutral_control,8,2,120.3125,95.5625,0.04266357421875
T18_oak_tree,oak tree,T6,T18,neutral_control,9,2,120.3125,95.5625,0.040008544921875
T19_oak_tree,oak tree,T6,T19,neutral_control,13,2,108.0625,98.1875,0.0302734375
T20_oak_tree,oak tree,T6,T20,neutral_control,9,2,120.3125,95.5625,0.037109375
T21_oak_tree,oak tree,T6,T21,cross_framing,15,2,120.3125,95.5625,0.02935791015625
T22_oak_tree,oak tree,T6,T22,cross_framing,16,2,108.5625,103.875,0.02545166015625
T23_oak_tree,oak tree,T6,T23,cross_framing,18,2,108.1875,109.75,0.01800537109375
T24_oak_tree,oak tree,T6,T24,cross_framing,22,2,117.125,112.1875,0.01548004150390625
T25_oak_tree,oak tree,T6,T25,cross_framing,20,2,120.3125,95.5625,0.027313232421875
T01_river,river,T6,T01,pain_suffering,6,1,122.6875,86.8125,0.0628662109375
T02_river,river,T6,T02,pain_suffering,9,1,127.3125,104.875,0.0294952392578125
T03_river,river,T6,T03,pain_suffering,10,1,122.6875,86.8125,0.048797607421875
T04_river,river,T6,T04,pain_suffering,12,1,114.875,96.0625,0.02923583984375
T05_river,river,T6,T05,fear,9,1,122.6875,86.8125,0.04815673828125
T06_river,river,T6,T06,fear,10,1,122.6875,86.8125,0.04681396484375
T07_river,river,T6,T07,fear,13,1,106.8125,91.25,0.0198516845703125
T08_river,river,T6,T08,fear,8,1,122.6875,86.8125,0.050048828125
T09_river,river,T6,T09,scientific_welfare,9,1,107.5,100.3125,0.02703857421875
T10_river,river,T6,T10,scientific_welfare,12,1,109.0,101.8125,0.03045654296875
T11_river,river,T6,T11,scientific_welfare,12,1,89.5625,84.5625,0.0217132568359375
T12_river,river,T6,T12,scientific_welfare,11,1,118.5625,96.0,0.037445068359375
T13_river,river,T6,T13,moral_consideration,10,1,122.6875,86.8125,0.04425048828125
T14_river,river,T6,T14,moral_consideration,13,1,106.9375,99.8125,0.0228424072265625
T15_river,river,T6,T15,moral_consideration,12,1,86.375,104.1875,0.0118865966796875
T16_river,river,T6,T16,moral_consideration,13,1,120.125,104.0,0.0285186767578125
T17_river,river,T6,T17,neutral_control,7,1,122.6875,86.8125,0.06292724609375
T18_river,river,T6,T18,neutral_control,8,1,122.6875,86.8125,0.056365966796875
T19_river,river,T6,T19,neutral_control,12,1,115.0,97.5,0.045013427734375
T20_river,river,T6,T20,neutral_control,8,1,122.6875,86.8125,0.051544189453125
T21_river,river,T6,T21,cross_framing,14,1,122.6875,86.8125,0.039276123046875
T22_river,river,T6,T22,cross_framing,15,1,115.875,96.0625,0.03192138671875
T23_river,river,T6,T23,cross_framing,17,1,109.125,99.0625,0.020965576171875
T24_river,river,T6,T24,cross_framing,21,1,123.375,108.0625,0.019805908203125
T25_river,river,T6,T25,cross_framing,19,1,122.6875,86.8125,0.036834716796875
T01_rock,rock,T6,T01,pain_suffering,6,1,106.875,77.6875,0.054656982421875
T02_rock,rock,T6,T02,pain_suffering,9,1,111.3125,96.5625,0.0276031494140625
T03_rock,rock,T6,T03,pain_suffering,10,1,106.875,77.6875,0.041473388671875
T04_rock,rock,T6,T04,pain_suffering,12,1,102.3125,85.125,0.0232086181640625
T05_rock,rock,T6,T05,fear,9,1,106.875,77.6875,0.04071044921875
T06_rock,rock,T6,T06,fear,10,1,106.875,77.6875,0.038787841796875
T07_rock,rock,T6,T07,fear,13,1,102.0,83.4375,0.017242431640625
T08_rock,rock,T6,T08,fear,8,1,106.875,77.6875,0.0428466796875
T09_rock,rock,T6,T09,scientific_welfare,9,1,94.25,95.8125,0.024810791015625
T10_rock,rock,T6,T10,scientific_welfare,12,1,96.5625,96.0625,0.0268096923828125
T11_rock,rock,T6,T11,scientific_welfare,12,1,82.375,76.9375,0.018402099609375
T12_rock,rock,T6,T12,scientific_welfare,11,1,102.1875,91.625,0.033538818359375
T13_rock,rock,T6,T13,moral_consideration,10,1,106.875,77.6875,0.0374755859375
T14_rock,rock,T6,T14,moral_consideration,13,1,91.625,82.5625,0.01806640625
T15_rock,rock,T6,T15,moral_consideration,12,1,84.125,95.3125,0.01019287109375
T16_rock,rock,T6,T16,moral_consideration,13,1,109.6875,91.8125,0.026580810546875
T17_rock,rock,T6,T17,neutral_control,7,1,106.875,77.6875,0.048980712890625
T18_rock,rock,T6,T18,neutral_control,8,1,106.875,77.6875,0.045501708984375
T19_rock,rock,T6,T19,neutral_control,12,1,109.75,91.0,0.036834716796875
T20_rock,rock,T6,T20,neutral_control,8,1,106.875,77.6875,0.0418701171875
T21_rock,rock,T6,T21,cross_framing,14,1,106.875,77.6875,0.033599853515625
T22_rock,rock,T6,T22,cross_framing,15,1,105.5,82.25,0.0256805419921875
T23_rock,rock,T6,T23,cross_framing,17,1,99.0625,89.625,0.018646240234375
T24_rock,rock,T6,T24,cross_framing,21,1,110.0,98.0625,0.0167999267578125
T25_rock,rock,T6,T25,cross_framing,19,1,106.875,77.6875,0.03173828125
T01_seaweed,seaweed,T6,T01,pain_suffering,7,2,111.9375,94.25,0.04083251953125
T02_seaweed,seaweed,T6,T02,pain_suffering,10,2,118.25,110.375,0.0225830078125
T03_seaweed,seaweed,T6,T03,pain_suffering,11,2,111.9375,94.25,0.032958984375
T04_seaweed,seaweed,T6,T04,pain_suffering,13,2,105.5,104.9375,0.0206756591796875
T05_seaweed,seaweed,T6,T05,fear,10,2,111.9375,94.25,0.033477783203125
T06_seaweed,seaweed,T6,T06,fear,11,2,111.9375,94.25,0.03131103515625
T07_seaweed,seaweed,T6,T07,fear,14,2,100.4375,95.1875,0.016021728515625
T08_seaweed,seaweed,T6,T08,fear,9,2,111.9375,94.25,0.03515625
T09_seaweed,seaweed,T6,T09,scientific_welfare,10,2,101.9375,107.375,0.0211639404296875
T10_seaweed,seaweed,T6,T10,scientific_welfare,13,2,98.3125,105.125,0.0218048095703125
T11_seaweed,seaweed,T6,T11,scientific_welfare,13,2,85.5,90.4375,0.01666259765625
T12_seaweed,seaweed,T6,T12,scientific_welfare,12,2,106.5625,104.25,0.025482177734375
T13_seaweed,seaweed,T6,T13,moral_consideration,11,2,111.9375,94.25,0.030120849609375
T14_seaweed,seaweed,T6,T14,moral_consideration,14,2,90.625,102.8125,0.0178680419921875
T15_seaweed,seaweed,T6,T15,moral_consideration,13,2,80.0,107.5,0.0115203857421875
T16_seaweed,seaweed,T6,T16,moral_consideration,14,2,111.9375,108.875,0.0220947265625
T17_seaweed,seaweed,T6,T17,neutral_control,8,2,111.9375,94.25,0.038726806640625
T18_seaweed,seaweed,T6,T18,neutral_control,9,2,111.9375,94.25,0.03643798828125
T19_seaweed,seaweed,T6,T19,neutral_control,13,2,104.9375,99.25,0.0280609130859375
T20_seaweed,seaweed,T6,T20,neutral_control,9,2,111.9375,94.25,0.03387451171875
T21_seaweed,seaweed,T6,T21,cross_framing,15,2,111.9375,94.25,0.0268707275390625
T22_seaweed,seaweed,T6,T22,cross_framing,16,2,101.875,99.375,0.02288818359375
T23_seaweed,seaweed,T6,T23,cross_framing,18,2,97.1875,103.4375,0.0157623291015625
T24_seaweed,seaweed,T6,T24,cross_framing,22,2,115.9375,114.8125,0.01517486572265625
T25_seaweed,seaweed,T6,T25,cross_framing,20,2,111.9375,94.25,0.0254364013671875
T01_statue,statue,T6,T01,pain_suffering,6,1,131.625,113.1875,0.061767578125
T02_statue,statue,T6,T02,pain_suffering,9,1,131.25,117.875,0.02996826171875
T03_statue,statue,T6,T03,pain_suffering,10,1,131.625,113.1875,0.0516357421875
T04_statue,statue,T6,T04,pain_suffering,12,1,135.75,121.375,0.02783203125
T05_statue,statue,T6,T05,fear,9,1,131.625,113.1875,0.046844482421875
T06_statue,statue,T6,T06,fear,10,1,131.625,113.1875,0.045867919921875
T07_statue,statue,T6,T07,fear,13,1,103.875,112.125,0.022491455078125
T08_statue,statue,T6,T08,fear,8,1,131.625,113.1875,0.0482177734375
T09_statue,statue,T6,T09,scientific_welfare,9,1,125.625,122.75,0.0278778076171875
T10_statue,statue,T6,T10,scientific_welfare,12,1,130.5,127.0625,0.032012939453125
T11_statue,statue,T6,T11,scientific_welfare,12,1,110.0625,112.3125,0.023345947265625
T12_statue,statue,T6,T12,scientific_welfare,11,1,133.125,120.125,0.03759765625
T13_statue,statue,T6,T13,moral_consideration,10,1,131.625,113.1875,0.046356201171875
T14_statue,statue,T6,T14,moral_consideration,13,1,128.625,126.0625,0.0252532958984375
T15_statue,statue,T6,T15,moral_consideration,12,1,100.125,123.0,0.01207733154296875
T16_statue,statue,T6,T16,moral_consideration,13,1,132.5,122.625,0.032073974609375
T17_statue,statue,T6,T17,neutral_control,7,1,131.625,113.1875,0.05804443359375
T18_statue,statue,T6,T18,neutral_control,8,1,131.625,113.1875,0.05419921875
T19_statue,statue,T6,T19,neutral_control,12,1,129.5,113.4375,0.041534423828125
T20_statue,statue,T6,T20,neutral_control,8,1,131.625,113.1875,0.049713134765625
T21_statue,statue,T6,T21,cross_framing,14,1,131.625,113.1875,0.040191650390625
T22_statue,statue,T6,T22,cross_framing,15,1,127.125,114.0625,0.034332275390625
T23_statue,statue,T6,T23,cross_framing,17,1,129.25,126.25,0.024810791015625
T24_statue,statue,T6,T24,cross_framing,21,1,134.0,124.125,0.0190887451171875
T25_statue,statue,T6,T25,cross_framing,19,1,131.625,113.1875,0.03875732421875
T01_table,table,T6,T01,pain_suffering,6,1,112.1875,77.6875,0.05560302734375
T02_table,table,T6,T02,pain_suffering,9,1,122.25,104.5625,0.0265960693359375
T03_table,table,T6,T03,pain_suffering,10,1,112.1875,77.6875,0.04083251953125
T04_table,table,T6,T04,pain_suffering,12,1,116.875,97.875,0.0238494873046875
T05_table,table,T6,T05,fear,9,1,112.1875,77.6875,0.041259765625
T06_table,table,T6,T06,fear,10,1,112.1875,77.6875,0.040374755859375
T07_table,table,T6,T07,fear,13,1,93.875,96.0,0.018524169921875
T08_table,table,T6,T08,fear,8,1,112.1875,77.6875,0.04248046875
T09_table,table,T6,T09,scientific_welfare,9,1,104.6875,97.875,0.0231170654296875
T10_table,table,T6,T10,scientific_welfare,12,1,109.5,104.125,0.0254364013671875
T11_table,table,T6,T11,scientific_welfare,12,1,93.125,85.1875,0.01788330078125
T12_table,table,T6,T12,scientific_welfare,11,1,113.5625,97.5625,0.03216552734375
T13_table,table,T6,T13,moral_consideration,10,1,112.1875,77.6875,0.043365478515625
T14_table,table,T6,T14,moral_consideration,13,1,101.0625,98.0,0.0196075439453125
T15_table,table,T6,T15,moral_consideration,12,1,83.0625,94.375,0.00881195068359375
T16_table,table,T6,T16,moral_consideration,13,1,118.375,96.3125,0.0273590087890625
T17_table,table,T6,T17,neutral_control,7,1,112.1875,77.6875,0.052581787109375
T18_table,table,T6,T18,neutral_control,8,1,112.1875,77.6875,0.04803466796875
T19_table,table,T6,T19,neutral_control,12,1,114.3125,99.8125,0.042266845703125
T20_table,table,T6,T20,neutral_control,8,1,112.1875,77.6875,0.04522705078125
T21_table,table,T6,T21,cross_framing,14,1,112.1875,77.6875,0.03399658203125
T22_table,table,T6,T22,cross_framing,15,1,105.1875,85.3125,0.0264434814453125
T23_table,table,T6,T23,cross_framing,17,1,105.875,94.0625,0.017974853515625
T24_table,table,T6,T24,cross_framing,21,1,120.0625,106.75,0.01727294921875
T25_table,table,T6,T25,cross_framing,19,1,112.1875,77.6875,0.0306854248046875
