entity,tier,tier_rank,prompt_id,group,template,prompt_text,target_word,target_type,probability,log_prob
ant,T5,5,P01,appearance_state,The [ENTITY] appeared to be,The ant appeared to be,suffering,welfare_negative,0.0015699360519647598,-6.456720327987236
ant,T5,5,P01,appearance_state,The [ENTITY] appeared to be,The ant appeared to be,distressed,welfare_negative,0.0003671112935990095,-7.909845231171094
ant,T5,5,P01,appearance_state,The [ENTITY] appeared to be,The ant appeared to be,afraid,welfare_negative,0.0014980434207245708,-6.503595341756008
ant,T5,5,P01,appearance_state,The [ENTITY] appeared to be,The ant appeared to be,hurt,welfare_negative,0.000702118850313127,-7.261407723402132
ant,T5,5,P01,appearance_state,The [ENTITY] appeared to be,The ant appeared to be,fine,welfare_positive,0.0008875612984411418,-7.02703285766549
ant,T5,5,P01,appearance_state,The [ENTITY] appeared to be,The ant appeared to be,healthy,welfare_positive,0.0004533219907898456,-7.698907667938086
ant,T5,5,P01,appearance_state,The [ENTITY] appeared to be,The ant appeared to be,unharmed,welfare_positive,0.0036218042951077223,-5.620782925643018
ant,T5,5,P01,appearance_state,The [ENTITY] appeared to be,The ant appeared to be,calm,welfare_positive,0.0014633411774411798,-6.527032911802609
ant,T5,5,P02,researcher_observation,The researcher noted that the [ENTITY]'s,The researcher noted that the ant's,pain,welfare_negative,0.0001213565919897519,-9.016776481125493
ant,T5,5,P02,researcher_observation,The researcher noted that the [ENTITY]'s,The researcher noted that the ant's,suffering,welfare_negative,2.417821451672353e-05,-10.630054420884454
ant,T5,5,P02,researcher_observation,The researcher noted that the [ENTITY]'s,The researcher noted that the ant's,distress,welfare_negative,0.00010667929018381983,-9.145682574978949
ant,T5,5,P02,researcher_observation,The researcher noted that the [ENTITY]'s,The researcher noted that the ant's,welfare,welfare_positive,6.675819167867303e-05,-9.614432048493354
ant,T5,5,P02,researcher_observation,The researcher noted that the [ENTITY]'s,The researcher noted that the ant's,behaviour,neutral,0.032233595848083496,-3.434746017920666
ant,T5,5,P02,researcher_observation,The researcher noted that the [ENTITY]'s,The researcher noted that the ant's,movements,neutral,0.01131505612283945,-4.481621031032318
ant,T5,5,P02,researcher_observation,The researcher noted that the [ENTITY]'s,The researcher noted that the ant's,health,welfare_positive,0.0005722148925997317,-7.465995776014256
ant,T5,5,P03,moral_framing,Many people believe that the [ENTITY] can,Many people believe that the ant can,suffer,welfare_negative,0.0002680581237655133,-8.224306348193009
ant,T5,5,P03,moral_framing,Many people believe that the [ENTITY] can,Many people believe that the ant can,feel,welfare_negative,0.002027667360380292,-6.200869180869888
ant,T5,5,P03,moral_framing,Many people believe that the [ENTITY] can,Many people believe that the ant can,experience,welfare_negative,0.00013584524276666343,-8.903993504853554
ant,T5,5,P03,moral_framing,Many people believe that the [ENTITY] can,Many people believe that the ant can,think,neutral,0.002124977298080921,-6.153994112859535
ant,T5,5,P03,moral_framing,Many people believe that the [ENTITY] can,Many people believe that the ant can,move,neutral,0.007188705261796713,-4.935244184408315
ant,T5,5,P03,moral_framing,Many people believe that the [ENTITY] can,Many people believe that the ant can,grow,neutral,0.001680995337665081,-6.388369138619376
ant,T5,5,P04,care_intervention,It was important to ensure that the [ENTITY] did not,It was important to ensure that the ant did not,suffer,welfare_negative,0.007952682673931122,-4.83424595140092
ant,T5,5,P04,care_intervention,It was important to ensure that the [ENTITY] did not,It was important to ensure that the ant did not,die,welfare_negative,0.010701502673327923,-4.5373711012704945
ant,T5,5,P04,care_intervention,It was important to ensure that the [ENTITY] did not,It was important to ensure that the ant did not,escape,neutral,0.02607583999633789,-3.6467460601545576
ant,T5,5,P04,care_intervention,It was important to ensure that the [ENTITY] did not,It was important to ensure that the ant did not,move,neutral,0.011753302067518234,-4.443621042341591
ant,T5,5,P05,emotional_attribution,The [ENTITY] seemed to,The ant seemed to,suffer,welfare_negative,0.0005021074903197587,-7.59669613789038
ant,T5,5,P05,emotional_attribution,The [ENTITY] seemed to,The ant seemed to,fear,welfare_negative,0.0005779221537522972,-7.456071207418125
ant,T5,5,P05,emotional_attribution,The [ENTITY] seemed to,The ant seemed to,enjoy,welfare_positive,0.009928743354976177,-4.612321349216326
ant,T5,5,P05,emotional_attribution,The [ENTITY] seemed to,The ant seemed to,feel,welfare_negative,0.012649547308683395,-4.370133842418347
ant,T5,5,P05,emotional_attribution,The [ENTITY] seemed to,The ant seemed to,move,neutral,0.006613968871533871,-5.018571355764978
ant,T5,5,P05,emotional_attribution,The [ENTITY] seemed to,The ant seemed to,stop,neutral,0.0013648696476593614,-6.596696277858449
ant,T5,5,P06,policy_framing,The law should protect the [ENTITY] from,The law should protect the ant from,suffering,welfare_negative,0.005982959643006325,-5.118839893160088
ant,T5,5,P06,policy_framing,The law should protect the [ENTITY] from,The law should protect the ant from,harm,welfare_negative,0.009339267387986183,-4.673527457227449
ant,T5,5,P06,policy_framing,The law should protect the [ENTITY] from,The law should protect the ant from,pain,welfare_negative,0.0010810986859723926,-6.829777360622064
ant,T5,5,P06,policy_framing,The law should protect the [ENTITY] from,The law should protect the ant from,hunters,neutral,0.000294403696898371,-8.130558274119448
ant,T5,5,P06,policy_framing,The law should protect the [ENTITY] from,The law should protect the ant from,predators,neutral,0.006674473639577627,-5.009464918316615
ant,T5,5,P07,consciousness_probe,Scientists are uncertain whether the [ENTITY] is,Scientists are uncertain whether the ant is,conscious,welfare_negative,0.0023704348132014275,-6.044681832990645
ant,T5,5,P07,consciousness_probe,Scientists are uncertain whether the [ENTITY] is,Scientists are uncertain whether the ant is,sentient,welfare_negative,7.861627818783745e-05,-9.450930506344875
ant,T5,5,P07,consciousness_probe,Scientists are uncertain whether the [ENTITY] is,Scientists are uncertain whether the ant is,alive,neutral,0.01893853023648262,-3.9665567899855643
ant,T5,5,P07,consciousness_probe,Scientists are uncertain whether the [ENTITY] is,Scientists are uncertain whether the ant is,dangerous,neutral,0.004000866785645485,-5.521244219931568
ant,T5,5,P07,consciousness_probe,Scientists are uncertain whether the [ENTITY] is,Scientists are uncertain whether the ant is,edible,neutral,0.00043507403461262584,-7.739994116999337
ant,T5,5,P08,neutral_baseline,The [ENTITY] was located near the,The ant was located near the,water,neutral,0.005578979384154081,-5.188749407459423
ant,T5,5,P08,neutral_baseline,The [ENTITY] was located near the,The ant was located near the,food,neutral,0.0010482592042535543,-6.8606242959656205
ant,T5,5,P08,neutral_baseline,The [ENTITY] was located near the,The ant was located near the,ground,neutral,0.007333430461585522,-4.915311855981797
ant,T5,5,P08,neutral_baseline,The [ENTITY] was located near the,The ant was located near the,wall,neutral,0.0069431522861123085,-4.969999373286467
ant,T5,5,P08,neutral_baseline,The [ENTITY] was located near the,The ant was located near the,door,neutral,0.00688912020996213,-4.977811878455911
aphid,T5,5,P01,appearance_state,The [ENTITY] appeared to be,The aphid appeared to be,suffering,welfare_negative,0.005707029718905687,-5.166056562470883
aphid,T5,5,P01,appearance_state,The [ENTITY] appeared to be,The aphid appeared to be,distressed,welfare_negative,0.0004758387221954763,-7.650431369906802
aphid,T5,5,P01,appearance_state,The [ENTITY] appeared to be,The aphid appeared to be,afraid,welfare_negative,0.0006206106627359986,-7.384806463631796
aphid,T5,5,P01,appearance_state,The [ENTITY] appeared to be,The aphid appeared to be,hurt,welfare_negative,0.00018853765504900366,-8.576212279094825
aphid,T5,5,P01,appearance_state,The [ENTITY] appeared to be,The aphid appeared to be,fine,welfare_positive,0.0015602151397615671,-6.462931493032124
aphid,T5,5,P01,appearance_state,The [ENTITY] appeared to be,The aphid appeared to be,healthy,welfare_positive,0.00357136782258749,-5.634806584988943
aphid,T5,5,P01,appearance_state,The [ENTITY] appeared to be,The aphid appeared to be,unharmed,welfare_positive,0.005361258052289486,-5.228556601539426
aphid,T5,5,P01,appearance_state,The [ENTITY] appeared to be,The aphid appeared to be,calm,welfare_positive,0.0004199261893518269,-7.775431363632327
aphid,T5,5,P02,researcher_observation,The researcher noted that the [ENTITY]'s,The researcher noted that the aphid's,pain,welfare_negative,5.552523725782521e-05,-9.798671114220685
aphid,T5,5,P02,researcher_observation,The researcher noted that the [ENTITY]'s,The researcher noted that the aphid's,suffering,welfare_negative,1.7677744835964404e-05,-10.943198406603296
aphid,T5,5,P02,researcher_observation,The researcher noted that the [ENTITY]'s,The researcher noted that the aphid's,distress,welfare_negative,6.0272075643297285e-05,-9.716639992841484
aphid,T5,5,P02,researcher_observation,The researcher noted that the [ENTITY]'s,The researcher noted that the aphid's,welfare,welfare_positive,4.126285421079956e-05,-10.095545453010358
aphid,T5,5,P02,researcher_observation,The researcher noted that the [ENTITY]'s,The researcher noted that the aphid's,behaviour,neutral,0.013854549266397953,-4.279141626176443
aphid,T5,5,P02,researcher_observation,The researcher noted that the [ENTITY]'s,The researcher noted that the aphid's,movements,neutral,0.008272930048406124,-4.794766522130645
aphid,T5,5,P02,researcher_observation,The researcher noted that the [ENTITY]'s,The researcher noted that the aphid's,health,welfare_positive,0.0005206713103689253,-7.5603914054504555
aphid,T5,5,P03,moral_framing,Many people believe that the [ENTITY] can,Many people believe that the aphid can,suffer,welfare_negative,0.0005003977566957474,-7.600107062562651
aphid,T5,5,P03,moral_framing,Many people believe that the [ENTITY] can,Many people believe that the aphid can,feel,welfare_negative,0.001154405646957457,-6.764169572210129
aphid,T5,5,P03,moral_framing,Many people believe that the [ENTITY] can,Many people believe that the aphid can,experience,welfare_negative,0.00013468024553731084,-8.912606398057592
aphid,T5,5,P03,moral_framing,Many people believe that the [ENTITY] can,Many people believe that the aphid can,think,neutral,0.00187378516420722,-6.27979468860063
aphid,T5,5,P03,moral_framing,Many people believe that the [ENTITY] can,Many people believe that the aphid can,move,neutral,0.00559408962726593,-5.186044644419328
aphid,T5,5,P03,moral_framing,Many people believe that the [ENTITY] can,Many people believe that the aphid can,grow,neutral,0.004289137199521065,-5.4516696619473946
aphid,T5,5,P04,care_intervention,It was important to ensure that the [ENTITY] did not,It was important to ensure that the aphid did not,suffer,welfare_negative,0.006738759111613035,-4.999879464237648
aphid,T5,5,P04,care_intervention,It was important to ensure that the [ENTITY] did not,It was important to ensure that the aphid did not,die,welfare_negative,0.007817097939550877,-4.851441887984179
aphid,T5,5,P04,care_intervention,It was important to ensure that the [ENTITY] did not,It was important to ensure that the aphid did not,escape,neutral,0.032911207526922226,-3.4139420218680936
aphid,T5,5,P04,care_intervention,It was important to ensure that the [ENTITY] did not,It was important to ensure that the aphid did not,move,neutral,0.017074111849069595,-4.070191883717052
aphid,T5,5,P05,emotional_attribution,The [ENTITY] seemed to,The aphid seemed to,suffer,welfare_negative,0.0016505301464349031,-6.406658681219488
aphid,T5,5,P05,emotional_attribution,The [ENTITY] seemed to,The aphid seemed to,fear,welfare_negative,0.0007497871411032975,-7.195721070207219
aphid,T5,5,P05,emotional_attribution,The [ENTITY] seemed to,The aphid seemed to,enjoy,welfare_positive,0.016156889498233795,-4.125408719771766
aphid,T5,5,P05,emotional_attribution,The [ENTITY] seemed to,The aphid seemed to,feel,welfare_negative,0.014147445559501648,-4.258221189951498
aphid,T5,5,P05,emotional_attribution,The [ENTITY] seemed to,The aphid seemed to,move,neutral,0.004486605990678072,-5.406658744859563
aphid,T5,5,P05,emotional_attribution,The [ENTITY] seemed to,The aphid seemed to,stop,neutral,0.0008364479872398078,-7.086346098949348
aphid,T5,5,P06,policy_framing,The law should protect the [ENTITY] from,The law should protect the aphid from,suffering,welfare_negative,0.004467518534511328,-5.410922139812064
aphid,T5,5,P06,policy_framing,The law should protect the [ENTITY] from,The law should protect the aphid from,harm,welfare_negative,0.014648429118096828,-4.2234221698753265
aphid,T5,5,P06,policy_framing,The law should protect the [ENTITY] from,The law should protect the aphid from,pain,welfare_negative,0.002211581915616989,-6.114047175376122
aphid,T5,5,P06,policy_framing,The law should protect the [ENTITY] from,The law should protect the aphid from,hunters,neutral,0.0004059179045725614,-7.809359377939926
aphid,T5,5,P06,policy_framing,The law should protect the [ENTITY] from,The law should protect the aphid from,predators,neutral,0.027153898030519485,-3.6062346653571002
aphid,T5,5,P07,consciousness_probe,Scientists are uncertain whether the [ENTITY] is,Scientists are uncertain whether the aphid is,conscious,welfare_negative,0.00019900710321962833,-8.52216953681132
aphid,T5,5,P07,consciousness_probe,Scientists are uncertain whether the [ENTITY] is,Scientists are uncertain whether the aphid is,sentient,welfare_negative,0.00012453545059543103,-8.99091933586903
aphid,T5,5,P07,consciousness_probe,Scientists are uncertain whether the [ENTITY] is,Scientists are uncertain whether the aphid is,alive,neutral,0.007704736199229956,-4.8659200354252015
aphid,T5,5,P07,consciousness_probe,Scientists are uncertain whether the [ENTITY] is,Scientists are uncertain whether the aphid is,dangerous,neutral,0.002139527816325426,-6.147170074132034
aphid,T5,5,P07,consciousness_probe,Scientists are uncertain whether the [ENTITY] is,Scientists are uncertain whether the aphid is,edible,neutral,0.0009130383841693401,-6.998732526922117
aphid,T5,5,P08,neutral_baseline,The [ENTITY] was located near the,The aphid was located near the,water,neutral,0.0054406640119850636,-5.2138541461563515
aphid,T5,5,P08,neutral_baseline,The [ENTITY] was located near the,The aphid was located near the,food,neutral,0.0025699876714497805,-5.963854138277076
aphid,T5,5,P08,neutral_baseline,The [ENTITY] was located near the,The aphid was located near the,ground,neutral,0.0062621659599244595,-5.073229137757473
aphid,T5,5,P08,neutral_baseline,The [ENTITY] was located near the,The aphid was located near the,wall,neutral,0.003274249378591776,-5.721666602999861
aphid,T5,5,P08,neutral_baseline,The [ENTITY] was located near the,The aphid was located near the,door,neutral,0.0011951553169637918,-6.72947904601857
bacterium,T6,6,P01,appearance_state,The [ENTITY] appeared to be,The bacterium appeared to be,suffering,welfare_negative,0.00042822438990697265,-7.755862990760869
bacterium,T6,6,P01,appearance_state,The [ENTITY] appeared to be,The bacterium appeared to be,distressed,welfare_negative,1.3081731822239817e-06,-13.546802471825117
bacterium,T6,6,P01,appearance_state,The [ENTITY] appeared to be,The bacterium appeared to be,afraid,welfare_negative,5.6492472140234895e-06,-12.083970556821853
bacterium,T6,6,P01,appearance_state,The [ENTITY] appeared to be,The bacterium appeared to be,hurt,welfare_negative,2.818514076352585e-06,-12.779265256107742
bacterium,T6,6,P01,appearance_state,The [ENTITY] appeared to be,The bacterium appeared to be,fine,welfare_positive,0.00011040756362490356,-9.111331009638278
bacterium,T6,6,P01,appearance_state,The [ENTITY] appeared to be,The bacterium appeared to be,healthy,welfare_positive,0.0005498509854078293,-7.505863070202133
bacterium,T6,6,P01,appearance_state,The [ENTITY] appeared to be,The bacterium appeared to be,unharmed,welfare_positive,0.0013823251938447356,-6.5839882022856715
bacterium,T6,6,P01,appearance_state,The [ENTITY] appeared to be,The bacterium appeared to be,calm,welfare_positive,1.2387384231260512e-05,-11.298823931264739
bacterium,T6,6,P02,researcher_observation,The researcher noted that the [ENTITY]'s,The researcher noted that the bacterium's,pain,welfare_negative,2.3892369426903315e-05,-10.641947235417513
bacterium,T6,6,P02,researcher_observation,The researcher noted that the [ENTITY]'s,The researcher noted that the bacterium's,suffering,welfare_negative,3.146262997688609e-06,-12.66926337610372
bacterium,T6,6,P02,researcher_observation,The researcher noted that the [ENTITY]'s,The researcher noted that the bacterium's,distress,welfare_negative,8.321742825501133e-06,-11.696626834207555
bacterium,T6,6,P02,researcher_observation,The researcher noted that the [ENTITY]'s,The researcher noted that the bacterium's,welfare,welfare_positive,1.293941204494331e-05,-11.255224978648636
bacterium,T6,6,P02,researcher_observation,The researcher noted that the [ENTITY]'s,The researcher noted that the bacterium's,behaviour,neutral,0.002076424891129136,-6.177107618286511
bacterium,T6,6,P02,researcher_observation,The researcher noted that the [ENTITY]'s,The researcher noted that the bacterium's,movements,neutral,0.00024606368970125914,-8.309919747917654
bacterium,T6,6,P02,researcher_observation,The researcher noted that the [ENTITY]'s,The researcher noted that the bacterium's,health,welfare_positive,0.0006636652979068458,-7.317732454312588
bacterium,T6,6,P03,moral_framing,Many people believe that the [ENTITY] can,Many people believe that the bacterium can,suffer,welfare_negative,8.834032632876188e-05,-9.334312725808424
bacterium,T6,6,P03,moral_framing,Many people believe that the [ENTITY] can,Many people believe that the bacterium can,feel,welfare_negative,6.773287168471143e-05,-9.599937470242832
bacterium,T6,6,P03,moral_framing,Many people believe that the [ENTITY] can,Many people believe that the bacterium can,experience,welfare_negative,2.530992787797004e-05,-10.584309881947158
bacterium,T6,6,P03,moral_framing,Many people believe that the [ENTITY] can,Many people believe that the bacterium can,think,neutral,0.00012361032713670284,-8.998375654551518
bacterium,T6,6,P03,moral_framing,Many people believe that the [ENTITY] can,Many people believe that the bacterium can,move,neutral,0.0020263860933482647,-6.201501272689151
bacterium,T6,6,P03,moral_framing,Many people believe that the [ENTITY] can,Many people believe that the bacterium can,grow,neutral,0.012608597055077553,-4.373376383799957
bacterium,T6,6,P04,care_intervention,It was important to ensure that the [ENTITY] did not,It was important to ensure that the bacterium did not,suffer,welfare_negative,0.0020496633369475603,-6.190079676409106
bacterium,T6,6,P04,care_intervention,It was important to ensure that the [ENTITY] did not,It was important to ensure that the bacterium did not,die,welfare_negative,0.004373169504106045,-5.432267222920634
bacterium,T6,6,P04,care_intervention,It was important to ensure that the [ENTITY] did not,It was important to ensure that the bacterium did not,escape,neutral,0.028516648337244987,-3.557267206567246
bacterium,T6,6,P04,care_intervention,It was important to ensure that the [ENTITY] did not,It was important to ensure that the bacterium did not,move,neutral,0.004305369686335325,-5.447892247849371
bacterium,T6,6,P05,emotional_attribution,The [ENTITY] seemed to,The bacterium seemed to,suffer,welfare_negative,0.0007890987326391041,-7.144618981795743
bacterium,T6,6,P05,emotional_attribution,The [ENTITY] seemed to,The bacterium seemed to,fear,welfare_negative,0.0001628397440072149,-8.722743392281227
bacterium,T6,6,P05,emotional_attribution,The [ENTITY] seemed to,The bacterium seemed to,enjoy,welfare_positive,0.0024305954575538635,-6.019618966245091
bacterium,T6,6,P05,emotional_attribution,The [ENTITY] seemed to,The bacterium seemed to,feel,welfare_negative,0.0014288732782006264,-6.550868992637346
bacterium,T6,6,P05,emotional_attribution,The [ENTITY] seemed to,The bacterium seemed to,move,neutral,0.0055203912779688835,-5.19930651940059
bacterium,T6,6,P05,emotional_attribution,The [ENTITY] seemed to,The bacterium seemed to,stop,neutral,0.0007128913421183825,-7.2461814042353945
bacterium,T6,6,P06,policy_framing,The law should protect the [ENTITY] from,The law should protect the bacterium from,suffering,welfare_negative,0.0020555793307721615,-6.187197509331289
bacterium,T6,6,P06,policy_framing,The law should protect the [ENTITY] from,The law should protect the bacterium from,harm,welfare_negative,0.007287662010639906,-4.9215724825251685
bacterium,T6,6,P06,policy_framing,The law should protect the [ENTITY] from,The law should protect the bacterium from,pain,welfare_negative,0.00036854506470263004,-7.905947290201691
bacterium,T6,6,P06,policy_framing,The law should protect the [ENTITY] from,The law should protect the bacterium from,hunters,neutral,4.853180143982172e-05,-9.933289214605406
bacterium,T6,6,P06,policy_framing,The law should protect the [ENTITY] from,The law should protect the bacterium from,predators,neutral,0.0060416837222874165,-5.109072527362519
bacterium,T6,6,P07,consciousness_probe,Scientists are uncertain whether the [ENTITY] is,Scientists are uncertain whether the bacterium is,conscious,welfare_negative,5.161963781574741e-05,-9.87160644280822
bacterium,T6,6,P07,consciousness_probe,Scientists are uncertain whether the [ENTITY] is,Scientists are uncertain whether the bacterium is,sentient,welfare_negative,7.779354200465605e-05,-9.46145085242457
bacterium,T6,6,P07,consciousness_probe,Scientists are uncertain whether the [ENTITY] is,Scientists are uncertain whether the bacterium is,alive,neutral,0.023141223937273026,-3.766139661585656
bacterium,T6,6,P07,consciousness_probe,Scientists are uncertain whether the [ENTITY] is,Scientists are uncertain whether the bacterium is,dangerous,neutral,0.012099669314920902,-4.414577147833587
bacterium,T6,6,P07,consciousness_probe,Scientists are uncertain whether the [ENTITY] is,Scientists are uncertain whether the bacterium is,edible,neutral,0.00015714726760052145,-8.758326545732636
bacterium,T6,6,P08,neutral_baseline,The [ENTITY] was located near the,The bacterium was located near the,water,neutral,0.003271683817729354,-5.722450467068881
bacterium,T6,6,P08,neutral_baseline,The [ENTITY] was located near the,The bacterium was located near the,food,neutral,0.0009633374866098166,-6.945106650369754
bacterium,T6,6,P08,neutral_baseline,The [ENTITY] was located near the,The bacterium was located near the,ground,neutral,0.002547989832237363,-5.97245049252125
bacterium,T6,6,P08,neutral_baseline,The [ENTITY] was located near the,The bacterium was located near the,wall,neutral,0.001194218872115016,-6.730262887095132
bacterium,T6,6,P08,neutral_baseline,The [ENTITY] was located near the,The bacterium was located near the,door,neutral,0.00010724236199166626,-9.140418287086204
bee,T4,4,P01,appearance_state,The [ENTITY] appeared to be,The bee appeared to be,suffering,welfare_negative,0.00464217783883214,-5.372571639500892
bee,T4,4,P01,appearance_state,The [ENTITY] appeared to be,The bee appeared to be,distressed,welfare_negative,0.002175744855776429,-6.130384164681146
bee,T4,4,P01,appearance_state,The [ENTITY] appeared to be,The bee appeared to be,afraid,welfare_negative,0.0019503250950947404,-6.239759153595253
bee,T4,4,P01,appearance_state,The [ENTITY] appeared to be,The bee appeared to be,hurt,welfare_negative,0.00147218257188797,-6.521009168624961
bee,T4,4,P01,appearance_state,The [ENTITY] appeared to be,The bee appeared to be,fine,welfare_positive,0.0006041824817657471,-7.411634118017544
bee,T4,4,P01,appearance_state,The [ENTITY] appeared to be,The bee appeared to be,healthy,welfare_positive,0.0006381439161486924,-7.356946569452228
bee,T4,4,P01,appearance_state,The [ENTITY] appeared to be,The bee appeared to be,unharmed,welfare_positive,0.0040648262947797775,-5.505384244205595
bee,T4,4,P01,appearance_state,The [ENTITY] appeared to be,The bee appeared to be,calm,welfare_positive,0.002175744855776429,-6.130384164681146
bee,T4,4,P02,researcher_observation,The researcher noted that the [ENTITY]'s,The researcher noted that the bee's,pain,welfare_negative,0.00014369431301020086,-8.847821645174436
bee,T4,4,P02,researcher_observation,The researcher noted that the [ENTITY]'s,The researcher noted that the bee's,suffering,welfare_negative,5.9202830016147345e-05,-9.734539523783075
bee,T4,4,P02,researcher_observation,The researcher noted that the [ENTITY]'s,The researcher noted that the bee's,distress,welfare_negative,0.00014146653120405972,-8.86344669057077
bee,T4,4,P02,researcher_observation,The researcher noted that the [ENTITY]'s,The researcher noted that the bee's,welfare,welfare_positive,0.00012242907541804016,-9.007977855031081
bee,T4,4,P02,researcher_observation,The researcher noted that the [ENTITY]'s,The researcher noted that the bee's,behaviour,neutral,0.016739068552851677,-4.090009851498915
bee,T4,4,P02,researcher_observation,The researcher noted that the [ENTITY]'s,The researcher noted that the bee's,movements,neutral,0.006869699340313673,-4.980634923295361
bee,T4,4,P02,researcher_observation,The researcher noted that the [ENTITY]'s,The researcher noted that the bee's,health,welfare_positive,0.001569187268614769,-6.457197393231266
bee,T4,4,P03,moral_framing,Many people believe that the [ENTITY] can,Many people believe that the bee can,suffer,welfare_negative,0.0009248185087926686,-6.985912938284215
bee,T4,4,P03,moral_framing,Many people believe that the [ENTITY] can,Many people believe that the bee can,feel,welfare_negative,0.004144748672842979,-5.485913101919783
bee,T4,4,P03,moral_framing,Many people believe that the [ENTITY] can,Many people believe that the bee can,experience,welfare_negative,0.0001923439122037962,-8.556225058942236
bee,T4,4,P03,moral_framing,Many people believe that the [ENTITY] can,Many people believe that the bee can,think,neutral,0.004112494643777609,-5.493725441000252
bee,T4,4,P03,moral_framing,Many people believe that the [ENTITY] can,Many people believe that the bee can,move,neutral,0.0018107066862285137,-6.314038020296623
bee,T4,4,P03,moral_framing,Many people believe that the [ENTITY] can,Many people believe that the bee can,grow,neutral,0.0012839833507314324,-6.657787962635878
bee,T4,4,P04,care_intervention,It was important to ensure that the [ENTITY] did not,It was important to ensure that the bee did not,suffer,welfare_negative,0.03759043291211128,-3.281005702129187
bee,T4,4,P04,care_intervention,It was important to ensure that the [ENTITY] did not,It was important to ensure that the bee did not,die,welfare_negative,0.03291528671979904,-3.4138180841461683
bee,T4,4,P04,care_intervention,It was important to ensure that the [ENTITY] did not,It was important to ensure that the bee did not,escape,neutral,0.015916792675852776,-4.1403805776646685
bee,T4,4,P04,care_intervention,It was important to ensure that the [ENTITY] did not,It was important to ensure that the bee did not,move,neutral,0.011375218629837036,-4.476318085333335
bee,T4,4,P05,emotional_attribution,The [ENTITY] seemed to,The bee seemed to,suffer,welfare_negative,0.0005843651597388089,-7.444984325886869
bee,T4,4,P05,emotional_attribution,The [ENTITY] seemed to,The bee seemed to,fear,welfare_negative,0.00030554243130609393,-8.09342157036476
bee,T4,4,P05,emotional_attribution,The [ENTITY] seemed to,The bee seemed to,enjoy,welfare_positive,0.004056298173964024,-5.507484476451346
bee,T4,4,P05,emotional_attribution,The [ENTITY] seemed to,The bee seemed to,feel,welfare_negative,0.016944754868745804,-4.077796934414467
bee,T4,4,P05,emotional_attribution,The [ENTITY] seemed to,The bee seemed to,move,neutral,0.005290410481393337,-5.241859421493668
bee,T4,4,P05,emotional_attribution,The [ENTITY] seemed to,The bee seemed to,stop,neutral,0.0017859638901427388,-6.327796959025191
bee,T4,4,P06,policy_framing,The law should protect the [ENTITY] from,The law should protect the bee from,suffering,welfare_negative,0.0038888147100806236,-5.549650843846785
bee,T4,4,P06,policy_framing,The law should protect the [ENTITY] from,The law should protect the bee from,harm,welfare_negative,0.017158256843686104,-4.065275766789853
bee,T4,4,P06,policy_framing,The law should protect the [ENTITY] from,The law should protect the bee from,pain,welfare_negative,0.001038515125401318,-6.869963253801011
bee,T4,4,P06,policy_framing,The law should protect the [ENTITY] from,The law should protect the bee from,hunters,neutral,0.0003972674603573978,-7.830900548722948
bee,T4,4,P06,policy_framing,The law should protect the [ENTITY] from,The law should protect the bee from,predators,neutral,0.013258872553706169,-4.3230883164129
bee,T4,4,P07,consciousness_probe,Scientists are uncertain whether the [ENTITY] is,Scientists are uncertain whether the bee is,conscious,welfare_negative,0.002454959787428379,-6.009644857002181
bee,T4,4,P07,consciousness_probe,Scientists are uncertain whether the [ENTITY] is,Scientists are uncertain whether the bee is,sentient,welfare_negative,0.0001331935345660895,-8.923706589542766
bee,T4,4,P07,consciousness_probe,Scientists are uncertain whether the [ENTITY] is,Scientists are uncertain whether the bee is,alive,neutral,0.028315884992480278,-3.5643323211205145
bee,T4,4,P07,consciousness_probe,Scientists are uncertain whether the [ENTITY] is,Scientists are uncertain whether the bee is,dangerous,neutral,0.002083497354760766,-6.173707328719615
bee,T4,4,P07,consciousness_probe,Scientists are uncertain whether the [ENTITY] is,Scientists are uncertain whether the bee is,edible,neutral,0.000530922319740057,-7.540894649580749
bee,T4,4,P08,neutral_baseline,The [ENTITY] was located near the,The bee was located near the,water,neutral,0.00531126419082284,-5.237925375868533
bee,T4,4,P08,neutral_baseline,The [ENTITY] was located near the,The bee was located near the,food,neutral,0.0005157148116268218,-7.56995644201258
bee,T4,4,P08,neutral_baseline,The [ENTITY] was located near the,The bee was located near the,ground,neutral,0.00606565410271287,-5.105112877157841
bee,T4,4,P08,neutral_baseline,The [ENTITY] was located near the,The bee was located near the,wall,neutral,0.004009152762591839,-5.519175316192907
bee,T4,4,P08,neutral_baseline,The [ENTITY] was located near the,The bee was located near the,door,neutral,0.004267720505595207,-5.456675410291959
beetle,T5,5,P01,appearance_state,The [ENTITY] appeared to be,The beetle appeared to be,suffering,welfare_negative,0.0054022581316530704,-5.220938221782549
beetle,T5,5,P01,appearance_state,The [ENTITY] appeared to be,The beetle appeared to be,distressed,welfare_negative,0.0006709099397994578,-7.306875498833891
beetle,T5,5,P01,appearance_state,The [ENTITY] appeared to be,The beetle appeared to be,afraid,welfare_negative,0.0009761681430973113,-6.93187560618429
beetle,T5,5,P01,appearance_state,The [ENTITY] appeared to be,The beetle appeared to be,hurt,welfare_negative,0.0011412561871111393,-6.775625617101035
beetle,T5,5,P01,appearance_state,The [ENTITY] appeared to be,The beetle appeared to be,fine,welfare_positive,0.0011683203047141433,-6.752188113090133
beetle,T5,5,P01,appearance_state,The [ENTITY] appeared to be,The beetle appeared to be,healthy,welfare_positive,0.0011683203047141433,-6.752188113090133
beetle,T5,5,P01,appearance_state,The [ENTITY] appeared to be,The beetle appeared to be,unharmed,welfare_positive,0.004240281414240599,-5.463125617074247
beetle,T5,5,P01,appearance_state,The [ENTITY] appeared to be,The beetle appeared to be,calm,welfare_positive,0.0009685715776868165,-6.939688068886401
beetle,T5,5,P02,researcher_observation,The researcher noted that the [ENTITY]'s,The researcher noted that the beetle's,pain,welfare_negative,8.787184196989983e-05,-9.339630008212515
beetle,T5,5,P02,researcher_observation,The researcher noted that the [ENTITY]'s,The researcher noted that the beetle's,suffering,welfare_negative,1.7034733900800347e-05,-10.980250257365546
beetle,T5,5,P02,researcher_observation,The researcher noted that the [ENTITY]'s,The researcher noted that the beetle's,distress,welfare_negative,6.632915028603747e-05,-9.620879577279206
beetle,T5,5,P02,researcher_observation,The researcher noted that the [ENTITY]'s,The researcher noted that the beetle's,welfare,welfare_positive,1.820435318222735e-05,-10.913844313468715
beetle,T5,5,P02,researcher_observation,The researcher noted that the [ENTITY]'s,The researcher noted that the beetle's,behaviour,neutral,0.00899825245141983,-4.710724881450948
beetle,T5,5,P02,researcher_observation,The researcher noted that the [ENTITY]'s,The researcher noted that the beetle's,movements,neutral,0.006088522262871265,-5.101349860055038
beetle,T5,5,P02,researcher_observation,The researcher noted that the [ENTITY]'s,The researcher noted that the beetle's,health,welfare_positive,0.00018100699526257813,-8.616974327121026
beetle,T5,5,P03,moral_framing,Many people believe that the [ENTITY] can,Many people believe that the beetle can,suffer,welfare_negative,0.0005903835408389568,-7.434737993668005
beetle,T5,5,P03,moral_framing,Many people believe that the [ENTITY] can,Many people believe that the beetle can,feel,welfare_negative,0.0035052683670073748,-5.653488165991668
beetle,T5,5,P03,moral_framing,Many people believe that the [ENTITY] can,Many people believe that the beetle can,experience,welfare_negative,0.00021718995412811637,-8.434737762259962
beetle,T5,5,P03,moral_framing,Many people believe that the [ENTITY] can,Many people believe that the beetle can,think,neutral,0.003450924064964056,-5.669113209908051
beetle,T5,5,P03,moral_framing,Many people believe that the [ENTITY] can,Many people believe that the beetle can,move,neutral,0.00510013522580266,-5.27848820513278
beetle,T5,5,P03,moral_framing,Many people believe that the [ENTITY] can,Many people believe that the beetle can,grow,neutral,0.005262030754238367,-5.247238232785946
beetle,T5,5,P04,care_intervention,It was important to ensure that the [ENTITY] did not,It was important to ensure that the beetle did not,suffer,welfare_negative,0.012477087788283825,-4.383861285554352
beetle,T5,5,P04,care_intervention,It was important to ensure that the [ENTITY] did not,It was important to ensure that the beetle did not,die,welfare_negative,0.012283648364245892,-4.399486294181502
beetle,T5,5,P04,care_intervention,It was important to ensure that the [ENTITY] did not,It was important to ensure that the beetle did not,escape,neutral,0.056799013167619705,-2.868236325454876
beetle,T5,5,P04,care_intervention,It was important to ensure that the [ENTITY] did not,It was important to ensure that the beetle did not,move,neutral,0.016659097746014595,-4.0947987946091375
beetle,T5,5,P05,emotional_attribution,The [ENTITY] seemed to,The beetle seemed to,suffer,welfare_negative,0.0008819214999675751,-7.033407394833989
beetle,T5,5,P05,emotional_attribution,The [ENTITY] seemed to,The beetle seemed to,fear,welfare_negative,0.00044693608651869,-7.713094733007826
beetle,T5,5,P05,emotional_attribution,The [ENTITY] seemed to,The beetle seemed to,enjoy,welfare_positive,0.008237713016569614,-4.799032507977446
beetle,T5,5,P05,emotional_attribution,The [ENTITY] seemed to,The beetle seemed to,feel,welfare_negative,0.011985802091658115,-4.424032480364644
beetle,T5,5,P05,emotional_attribution,The [ENTITY] seemed to,The beetle seemed to,move,neutral,0.006516567897051573,-5.033407422450906
beetle,T5,5,P05,emotional_attribution,The [ENTITY] seemed to,The beetle seemed to,stop,neutral,0.0012534632114693522,-6.681844909665945
beetle,T5,5,P06,policy_framing,The law should protect the [ENTITY] from,The law should protect the beetle from,suffering,welfare_negative,0.003365729935467243,-5.694110389796817
beetle,T5,5,P06,policy_framing,The law should protect the [ENTITY] from,The law should protect the beetle from,harm,welfare_negative,0.012603283859789371,-4.373797867253939
beetle,T5,5,P06,policy_framing,The law should protect the [ENTITY] from,The law should protect the beetle from,pain,welfare_negative,0.0025011980906128883,-5.990985385679002
beetle,T5,5,P06,policy_framing,The law should protect the [ENTITY] from,The law should protect the beetle from,hunters,neutral,0.001932776067405939,-6.248797880905172
beetle,T5,5,P06,policy_framing,The law should protect the [ENTITY] from,The law should protect the beetle from,predators,neutral,0.03193315863609314,-3.4441103502428736
beetle,T5,5,P07,consciousness_probe,Scientists are uncertain whether the [ENTITY] is,Scientists are uncertain whether the beetle is,conscious,welfare_negative,0.00026314309798181057,-8.242812194943136
beetle,T5,5,P07,consciousness_probe,Scientists are uncertain whether the [ENTITY] is,Scientists are uncertain whether the beetle is,sentient,welfare_negative,0.00010066120012197644,-9.203749140725137
beetle,T5,5,P07,consciousness_probe,Scientists are uncertain whether the [ENTITY] is,Scientists are uncertain whether the beetle is,alive,neutral,0.015779200941324234,-4.149062595940995
beetle,T5,5,P07,consciousness_probe,Scientists are uncertain whether the [ENTITY] is,Scientists are uncertain whether the beetle is,dangerous,neutral,0.004926506895571947,-5.313125062214537
beetle,T5,5,P07,consciousness_probe,Scientists are uncertain whether the [ENTITY] is,Scientists are uncertain whether the beetle is,edible,neutral,0.0013573953183367848,-6.602187549023147
beetle,T5,5,P08,neutral_baseline,The [ENTITY] was located near the,The beetle was located near the,water,neutral,0.004931290168315172,-5.312154607458655
beetle,T5,5,P08,neutral_baseline,The [ENTITY] was located near the,The beetle was located near the,food,neutral,0.00024265417596325278,-8.323872860330326
beetle,T5,5,P08,neutral_baseline,The [ENTITY] was located near the,The beetle was located near the,ground,neutral,0.0015884969616308808,-6.444966954032378
beetle,T5,5,P08,neutral_baseline,The [ENTITY] was located near the,The beetle was located near the,wall,neutral,0.0015884969616308808,-6.444966954032378
beetle,T5,5,P08,neutral_baseline,The [ENTITY] was located near the,The beetle was located near the,door,neutral,0.000593577919062227,-7.4293418966784195
bumblebee,T4,4,P01,appearance_state,The [ENTITY] appeared to be,The bumblebee appeared to be,suffering,welfare_negative,0.00465056486427784,-5.3707665690689605
bumblebee,T4,4,P01,appearance_state,The [ENTITY] appeared to be,The bumblebee appeared to be,distressed,welfare_negative,0.0012516825227066875,-6.683266534680498
bumblebee,T4,4,P01,appearance_state,The [ENTITY] appeared to be,The bumblebee appeared to be,afraid,welfare_negative,0.001463365158997476,-6.527016523718598
bumblebee,T4,4,P01,appearance_state,The [ENTITY] appeared to be,The bumblebee appeared to be,hurt,welfare_negative,0.002508791396394372,-5.987954117325102
bumblebee,T4,4,P01,appearance_state,The [ENTITY] appeared to be,The bumblebee appeared to be,fine,welfare_positive,0.0021458829287439585,-6.144204142902248
bumblebee,T4,4,P01,appearance_state,The [ENTITY] appeared to be,The bumblebee appeared to be,healthy,welfare_positive,0.001079017762094736,-6.831704038538493
bumblebee,T4,4,P01,appearance_state,The [ENTITY] appeared to be,The bumblebee appeared to be,unharmed,welfare_positive,0.005437061190605164,-5.2145165680098735
bumblebee,T4,4,P01,appearance_state,The [ENTITY] appeared to be,The bumblebee appeared to be,calm,welfare_positive,0.0014294662978500128,-6.5504540527041275
bumblebee,T4,4,P02,researcher_observation,The researcher noted that the [ENTITY]'s,The researcher noted that the bumblebee's,pain,welfare_negative,0.0001266657782252878,-8.973957818468527
bumblebee,T4,4,P02,researcher_observation,The researcher noted that the [ENTITY]'s,The researcher noted that the bumblebee's,suffering,welfare_negative,3.343223943375051e-05,-10.305986879910446
bumblebee,T4,4,P02,researcher_observation,The researcher noted that the [ENTITY]'s,The researcher noted that the bumblebee's,distress,welfare_negative,0.00013430936087388545,-8.91536401109434
bumblebee,T4,4,P02,researcher_observation,The researcher noted that the [ENTITY]'s,The researcher noted that the bumblebee's,welfare,welfare_positive,8.339457417605445e-05,-9.39192610943894
bumblebee,T4,4,P02,researcher_observation,The researcher noted that the [ENTITY]'s,The researcher noted that the bumblebee's,behaviour,neutral,0.011446717195212841,-4.4700522891959835
bumblebee,T4,4,P02,researcher_observation,The researcher noted that the [ENTITY]'s,The researcher noted that the bumblebee's,movements,neutral,0.006031996104866266,-5.110677277443413
bumblebee,T4,4,P02,researcher_observation,The researcher noted that the [ENTITY]'s,The researcher noted that the bumblebee's,health,welfare_positive,0.0009322917321696877,-6.977864667646386
bumblebee,T4,4,P03,moral_framing,Many people believe that the [ENTITY] can,Many people believe that the bumblebee can,suffer,welfare_negative,0.0004162620462011546,-7.784195337032516
bumblebee,T4,4,P03,moral_framing,Many people believe that the [ENTITY] can,Many people believe that the bumblebee can,feel,welfare_negative,0.0029120936524122953,-5.838882953969422
bumblebee,T4,4,P03,moral_framing,Many people believe that the [ENTITY] can,Many people believe that the bumblebee can,experience,welfare_negative,0.00013834526180289686,-8.885757377389835
bumblebee,T4,4,P03,moral_framing,Many people believe that the [ENTITY] can,Many people believe that the bumblebee can,think,neutral,0.0030518476851284504,-5.79200804061479
bumblebee,T4,4,P03,moral_framing,Many people believe that the [ENTITY] can,Many people believe that the bumblebee can,move,neutral,0.0027143696788698435,-5.909195478188033
bumblebee,T4,4,P03,moral_framing,Many people believe that the [ENTITY] can,Many people believe that the bumblebee can,grow,neutral,0.0013542493106797338,-6.604507918589932
bumblebee,T4,4,P04,care_intervention,It was important to ensure that the [ENTITY] did not,It was important to ensure that the bumblebee did not,suffer,welfare_negative,0.030577383935451508,-3.4874946270896627
bumblebee,T4,4,P04,care_intervention,It was important to ensure that the [ENTITY] did not,It was important to ensure that the bumblebee did not,die,welfare_negative,0.015019106678664684,-4.198432103211779
bumblebee,T4,4,P04,care_intervention,It was important to ensure that the [ENTITY] did not,It was important to ensure that the bumblebee did not,escape,neutral,0.02805938757956028,-3.5734320263719987
bumblebee,T4,4,P04,care_intervention,It was important to ensure that the [ENTITY] did not,It was important to ensure that the bumblebee did not,move,neutral,0.015863338485360146,-4.143744581437635
bumblebee,T4,4,P05,emotional_attribution,The [ENTITY] seemed to,The bumblebee seemed to,suffer,welfare_negative,0.0005050423787906766,-7.5908680158093205
bumblebee,T4,4,P05,emotional_attribution,The [ENTITY] seemed to,The bumblebee seemed to,fear,welfare_negative,0.0002745867823250592,-8.200242835891391
bumblebee,T4,4,P05,emotional_attribution,The [ENTITY] seemed to,The bumblebee seemed to,enjoy,welfare_positive,0.005100747104734182,-5.278368239251313
bumblebee,T4,4,P05,emotional_attribution,The [ENTITY] seemed to,The bumblebee seemed to,feel,welfare_negative,0.009093065746128559,-4.700243150855963
bumblebee,T4,4,P05,emotional_attribution,The [ENTITY] seemed to,The bumblebee seemed to,move,neutral,0.005061053205281496,-5.286180654246585
bumblebee,T4,4,P05,emotional_attribution,The [ENTITY] seemed to,The bumblebee seemed to,stop,neutral,0.001394466613419354,-6.575243221085276
bumblebee,T4,4,P06,policy_framing,The law should protect the [ENTITY] from,The law should protect the bumblebee from,suffering,welfare_negative,0.0018550169188529253,-6.289861408381038
bumblebee,T4,4,P06,policy_framing,The law should protect the [ENTITY] from,The law should protect the bumblebee from,harm,welfare_negative,0.013600158505141735,-4.297673824165359
bumblebee,T4,4,P06,policy_framing,The law should protect the [ENTITY] from,The law should protect the bumblebee from,pain,welfare_negative,0.000918300065677613,-6.9929862429270715
bumblebee,T4,4,P06,policy_framing,The law should protect the [ENTITY] from,The law should protect the bumblebee from,hunters,neutral,0.0017022592946887016,-6.3757988546334925
bumblebee,T4,4,P06,policy_framing,The law should protect the [ENTITY] from,The law should protect the bumblebee from,predators,neutral,0.025210708379745483,-3.680486435053613
bumblebee,T4,4,P07,consciousness_probe,Scientists are uncertain whether the [ENTITY] is,Scientists are uncertain whether the bumblebee is,conscious,welfare_negative,0.0006928251823410392,-7.274732708395413
bumblebee,T4,4,P07,consciousness_probe,Scientists are uncertain whether the [ENTITY] is,Scientists are uncertain whether the bumblebee is,sentient,welfare_negative,0.00013017799938097596,-8.946607049857663
bumblebee,T4,4,P07,consciousness_probe,Scientists are uncertain whether the [ENTITY] is,Scientists are uncertain whether the bumblebee is,alive,neutral,0.00792896468192339,-4.837232796381222
bumblebee,T4,4,P07,consciousness_probe,Scientists are uncertain whether the [ENTITY] is,Scientists are uncertain whether the bumblebee is,dangerous,neutral,0.0015132694970816374,-6.493482672949792
bumblebee,T4,4,P07,consciousness_probe,Scientists are uncertain whether the [ENTITY] is,Scientists are uncertain whether the bumblebee is,edible,neutral,0.00033765603438951075,-7.993482534214157
bumblebee,T4,4,P08,neutral_baseline,The [ENTITY] was located near the,The bumblebee was located near the,water,neutral,0.004842978902161121,-5.330225251279484
bumblebee,T4,4,P08,neutral_baseline,The [ENTITY] was located near the,The bumblebee was located near the,food,neutral,0.0004665856540668756,-7.670068730204211
bumblebee,T4,4,P08,neutral_baseline,The [ENTITY] was located near the,The bumblebee was located near the,ground,neutral,0.002454302506521344,-6.009912628754771
bumblebee,T4,4,P08,neutral_baseline,The [ENTITY] was located near the,The bumblebee was located near the,wall,neutral,0.002341911429539323,-6.056787790122466
bumblebee,T4,4,P08,neutral_baseline,The [ENTITY] was located near the,The bumblebee was located near the,door,neutral,0.000881972024217248,-7.033350107652802
chicken,T3,3,P01,appearance_state,The [ENTITY] appeared to be,The chicken appeared to be,suffering,welfare_negative,0.006305223796516657,-5.066376799249416
chicken,T3,3,P01,appearance_state,The [ENTITY] appeared to be,The chicken appeared to be,distressed,welfare_negative,0.0008735550800338387,-7.042939259196095
chicken,T3,3,P01,appearance_state,The [ENTITY] appeared to be,The chicken appeared to be,afraid,welfare_negative,0.000840089691337198,-7.082001777390674
chicken,T3,3,P01,appearance_state,The [ENTITY] appeared to be,The chicken appeared to be,hurt,welfare_negative,0.0004257367691025138,-7.761689080699764
chicken,T3,3,P01,appearance_state,The [ENTITY] appeared to be,The chicken appeared to be,fine,welfare_positive,0.004102887120097876,-5.496064353080498
chicken,T3,3,P01,appearance_state,The [ENTITY] appeared to be,The chicken appeared to be,healthy,welfare_positive,0.00436750054359436,-5.433564368596174
chicken,T3,3,P01,appearance_state,The [ENTITY] appeared to be,The chicken appeared to be,unharmed,welfare_positive,0.003097021719440818,-5.7773143326685155
chicken,T3,3,P01,appearance_state,The [ENTITY] appeared to be,The chicken appeared to be,calm,welfare_positive,0.0021961170714348555,-6.121064400002875
chicken,T3,3,P02,researcher_observation,The researcher noted that the [ENTITY]'s,The researcher noted that the chicken's,pain,welfare_negative,0.0002951966307591647,-8.127868539963357
chicken,T3,3,P02,researcher_observation,The researcher noted that the [ENTITY]'s,The researcher noted that the chicken's,suffering,welfare_negative,0.00024955341359600425,-8.295837182420248
chicken,T3,3,P02,researcher_observation,The researcher noted that the [ENTITY]'s,The researcher noted that the chicken's,distress,welfare_negative,0.0003093634149990976,-8.080993548565644
chicken,T3,3,P02,researcher_observation,The researcher noted that the [ENTITY]'s,The researcher noted that the chicken's,welfare,welfare_positive,0.0007450288394466043,-7.202087495444387
chicken,T3,3,P02,researcher_observation,The researcher noted that the [ENTITY]'s,The researcher noted that the chicken's,behaviour,neutral,0.013732017949223518,-4.288025088996096
chicken,T3,3,P02,researcher_observation,The researcher noted that the [ENTITY]'s,The researcher noted that the chicken's,movements,neutral,0.005906067322939634,-5.13177507971818
chicken,T3,3,P02,researcher_observation,The researcher noted that the [ENTITY]'s,The researcher noted that the chicken's,health,welfare_positive,0.0034992287401109934,-5.655212666160156
chicken,T3,3,P03,moral_framing,Many people believe that the [ENTITY] can,Many people believe that the chicken can,suffer,welfare_negative,0.0013171994360163808,-6.632247359712066
chicken,T3,3,P03,moral_framing,Many people believe that the [ENTITY] can,Many people believe that the chicken can,feel,welfare_negative,0.0015888457419350743,-6.444747411907918
chicken,T3,3,P03,moral_framing,Many people believe that the [ENTITY] can,Many people believe that the chicken can,experience,welfare_negative,0.00021169321553315967,-8.460371955507792
chicken,T3,3,P03,moral_framing,Many people believe that the [ENTITY] can,Many people believe that the chicken can,think,neutral,0.0016650960315018892,-6.397872420578654
chicken,T3,3,P03,moral_framing,Many people believe that the [ENTITY] can,Many people believe that the chicken can,move,neutral,0.0008706156513653696,-7.0463098364696926
chicken,T3,3,P03,moral_framing,Many people believe that the [ENTITY] can,Many people believe that the chicken can,grow,neutral,0.005766529124230146,-5.155684900379076
chicken,T3,3,P04,care_intervention,It was important to ensure that the [ENTITY] did not,It was important to ensure that the chicken did not,suffer,welfare_negative,0.05701117590069771,-2.864507960179155
chicken,T3,3,P04,care_intervention,It was important to ensure that the [ENTITY] did not,It was important to ensure that the chicken did not,die,welfare_negative,0.03430992737412453,-3.3723205359547435
chicken,T3,3,P04,care_intervention,It was important to ensure that the [ENTITY] did not,It was important to ensure that the chicken did not,escape,neutral,0.0417102687060833,-3.17700792615048
chicken,T3,3,P04,care_intervention,It was important to ensure that the [ENTITY] did not,It was important to ensure that the chicken did not,move,neutral,0.006151431240141392,-5.09107048600868
chicken,T3,3,P05,emotional_attribution,The [ENTITY] seemed to,The chicken seemed to,suffer,welfare_negative,0.0007751211524009705,-7.162491086137759
chicken,T3,3,P05,emotional_attribution,The [ENTITY] seemed to,The chicken seemed to,fear,welfare_negative,0.0003466556081548333,-7.967178466088433
chicken,T3,3,P05,emotional_attribution,The [ENTITY] seemed to,The chicken seemed to,enjoy,welfare_positive,0.009224164299666882,-4.68592867314007
chicken,T3,3,P05,emotional_attribution,The [ENTITY] seemed to,The chicken seemed to,feel,welfare_negative,0.012315874919295311,-4.396866196803842
chicken,T3,3,P05,emotional_attribution,The [ENTITY] seemed to,The chicken seemed to,move,neutral,0.004357186611741781,-5.435928679484819
chicken,T3,3,P05,emotional_attribution,The [ENTITY] seemed to,The chicken seemed to,stop,neutral,0.000949698209296912,-6.9593661929665975
chicken,T3,3,P06,policy_framing,The law should protect the [ENTITY] from,The law should protect the chicken from,suffering,welfare_negative,0.0025163383688777685,-5.984950422610843
chicken,T3,3,P06,policy_framing,The law should protect the [ENTITY] from,The law should protect the chicken from,harm,welfare_negative,0.010761014185845852,-4.531825464207301
chicken,T3,3,P06,policy_framing,The law should protect the [ENTITY] from,The law should protect the chicken from,pain,welfare_negative,0.0007734589162282646,-7.164637874192308
chicken,T3,3,P06,policy_framing,The law should protect the [ENTITY] from,The law should protect the chicken from,hunters,neutral,0.0013681093696504831,-6.594325441309012
chicken,T3,3,P06,policy_framing,The law should protect the [ENTITY] from,The law should protect the chicken from,predators,neutral,0.02813086286187172,-3.57088797931595
chicken,T3,3,P07,consciousness_probe,Scientists are uncertain whether the [ENTITY] is,Scientists are uncertain whether the chicken is,conscious,welfare_negative,0.0036491111386567354,-5.613271637296193
chicken,T3,3,P07,consciousness_probe,Scientists are uncertain whether the [ENTITY] is,Scientists are uncertain whether the chicken is,sentient,welfare_negative,0.00020109981414861977,-8.51170868809466
chicken,T3,3,P07,consciousness_probe,Scientists are uncertain whether the [ENTITY] is,Scientists are uncertain whether the chicken is,alive,neutral,0.029613595455884933,-3.519521713781923
chicken,T3,3,P07,consciousness_probe,Scientists are uncertain whether the [ENTITY] is,Scientists are uncertain whether the chicken is,dangerous,neutral,0.0012709898874163628,-6.667959164527043
chicken,T3,3,P07,consciousness_probe,Scientists are uncertain whether the [ENTITY] is,Scientists are uncertain whether the chicken is,edible,neutral,0.0009745017741806805,-6.933584115795645
chicken,T3,3,P08,neutral_baseline,The [ENTITY] was located near the,The chicken was located near the,water,neutral,0.008365334942936897,-4.783658892394235
chicken,T3,3,P08,neutral_baseline,The [ENTITY] was located near the,The chicken was located near the,food,neutral,0.0010887539247050881,-6.822721333175151
chicken,T3,3,P08,neutral_baseline,The [ENTITY] was located near the,The chicken was located near the,ground,neutral,0.0018520329613238573,-6.2914712912307404
chicken,T3,3,P08,neutral_baseline,The [ENTITY] was located near the,The chicken was located near the,wall,neutral,0.0028909824322909117,-5.846158858065486
chicken,T3,3,P08,neutral_baseline,The [ENTITY] was located near the,The chicken was located near the,door,neutral,0.004512759856879711,-5.400846348809636
child,T1,1,P01,appearance_state,The [ENTITY] appeared to be,The child appeared to be,suffering,welfare_negative,0.025364356115460396,-3.6744103891071713
child,T1,1,P01,appearance_state,The [ENTITY] appeared to be,The child appeared to be,distressed,welfare_negative,0.003625645535066724,-5.619722900309227
child,T1,1,P01,appearance_state,The [ENTITY] appeared to be,The child appeared to be,afraid,welfare_negative,0.0020983624272048473,-6.166597987365169
child,T1,1,P01,appearance_state,The [ENTITY] appeared to be,The child appeared to be,hurt,welfare_negative,0.0006251396262086928,-7.377535371280209
child,T1,1,P01,appearance_state,The [ENTITY] appeared to be,The child appeared to be,fine,welfare_positive,0.006773597560822964,-4.994722920973611
child,T1,1,P01,appearance_state,The [ENTITY] appeared to be,The child appeared to be,healthy,welfare_positive,0.007919138297438622,-4.838472867275862
child,T1,1,P01,appearance_state,The [ENTITY] appeared to be,The child appeared to be,unharmed,welfare_positive,0.005703940987586975,-5.166597924186632
child,T1,1,P01,appearance_state,The [ENTITY] appeared to be,The child appeared to be,calm,welfare_positive,0.0022163125686347485,-6.111910424095889
child,T1,1,P02,researcher_observation,The researcher noted that the [ENTITY]'s,The researcher noted that the child's,pain,welfare_negative,0.0016673920908942819,-6.396494435401462
child,T1,1,P02,researcher_observation,The researcher noted that the [ENTITY]'s,The researcher noted that the child's,suffering,welfare_negative,0.0004150467284489423,-7.787119204463483
child,T1,1,P02,researcher_observation,The researcher noted that the [ENTITY]'s,The researcher noted that the child's,distress,welfare_negative,0.0015663699014112353,-6.458994437666593
child,T1,1,P02,researcher_observation,The researcher noted that the [ENTITY]'s,The researcher noted that the child's,welfare,welfare_positive,0.00013527332339435816,-8.908212469322406
child,T1,1,P02,researcher_observation,The researcher noted that the [ENTITY]'s,The researcher noted that the child's,behaviour,neutral,0.01104398351162672,-4.50586946883178
child,T1,1,P02,researcher_observation,The researcher noted that the [ENTITY]'s,The researcher noted that the child's,movements,neutral,0.0009426579927094281,-6.966806915085755
child,T1,1,P02,researcher_observation,The researcher noted that the [ENTITY]'s,The researcher noted that the child's,health,welfare_positive,0.002643750049173832,-5.935556858744597
child,T1,1,P03,moral_framing,Many people believe that the [ENTITY] can,Many people believe that the child can,suffer,welfare_negative,0.002099716104567051,-6.165953084067441
child,T1,1,P03,moral_framing,Many people believe that the [ENTITY] can,Many people believe that the child can,feel,welfare_negative,0.004208535421639681,-5.470640548896872
child,T1,1,P03,moral_framing,Many people believe that the [ENTITY] can,Many people believe that the child can,experience,welfare_negative,0.0016352605307474732,-6.415953080151897
child,T1,1,P03,moral_framing,Many people believe that the [ENTITY] can,Many people believe that the child can,think,neutral,0.003488998394459486,-5.658140548288202
child,T1,1,P03,moral_framing,Many people believe that the [ENTITY] can,Many people believe that the child can,move,neutral,0.0012152224080637097,-6.712828084747833
child,T1,1,P03,moral_framing,Many people believe that the [ENTITY] can,Many people believe that the child can,grow,neutral,0.012762225233018398,-4.361265617131882
child,T1,1,P04,care_intervention,It was important to ensure that the [ENTITY] did not,It was important to ensure that the child did not,suffer,welfare_negative,0.043181758373975754,-3.1423371304547523
child,T1,1,P04,care_intervention,It was important to ensure that the [ENTITY] did not,It was important to ensure that the child did not,die,welfare_negative,0.007622032891958952,-4.876712148022524
child,T1,1,P04,care_intervention,It was important to ensure that the [ENTITY] did not,It was important to ensure that the child did not,escape,neutral,0.0011872837785631418,-6.736087035618401
child,T1,1,P04,care_intervention,It was important to ensure that the [ENTITY] did not,It was important to ensure that the child did not,move,neutral,0.007445469032973051,-4.900149601671833
child,T1,1,P05,emotional_attribution,The [ENTITY] seemed to,The child seemed to,suffer,welfare_negative,0.0014818389900028706,-6.514471334249445
child,T1,1,P05,emotional_attribution,The [ENTITY] seemed to,The child seemed to,fear,welfare_negative,0.0008056618389673531,-7.123846334004844
child,T1,1,P05,emotional_attribution,The [ENTITY] seemed to,The child seemed to,enjoy,welfare_positive,0.007584421895444393,-4.8816588727181935
child,T1,1,P05,emotional_attribution,The [ENTITY] seemed to,The child seemed to,feel,welfare_negative,0.016182150691747665,-4.12384644715346
child,T1,1,P05,emotional_attribution,The [ENTITY] seemed to,The child seemed to,move,neutral,0.0020573295187205076,-6.18634643869835
child,T1,1,P05,emotional_attribution,The [ENTITY] seemed to,The child seemed to,stop,neutral,0.0008643490145914257,-7.053533802959484
child,T1,1,P06,policy_framing,The law should protect the [ENTITY] from,The law should protect the child from,suffering,welfare_negative,0.005154864396899939,-5.267814447620099
child,T1,1,P06,policy_framing,The law should protect the [ENTITY] from,The law should protect the child from,harm,welfare_negative,0.031087810173630714,-3.4709394892468284
child,T1,1,P06,policy_framing,The law should protect the [ENTITY] from,The law should protect the child from,pain,welfare_negative,0.0008750303531996906,-7.041251868555504
child,T1,1,P06,policy_framing,The law should protect the [ENTITY] from,The law should protect the child from,hunters,neutral,1.84799694125104e-06,-13.201354128733696
child,T1,1,P06,policy_framing,The law should protect the [ENTITY] from,The law should protect the child from,predators,neutral,0.0009098876616917551,-7.002189304860503
child,T1,1,P07,consciousness_probe,Scientists are uncertain whether the [ENTITY] is,Scientists are uncertain whether the child is,conscious,welfare_negative,0.004235962405800819,-5.464144702603959
child,T1,1,P07,consciousness_probe,Scientists are uncertain whether the [ENTITY] is,Scientists are uncertain whether the child is,sentient,welfare_negative,3.3238520700251684e-05,-10.311798084016926
child,T1,1,P07,consciousness_probe,Scientists are uncertain whether the [ENTITY] is,Scientists are uncertain whether the child is,alive,neutral,0.10506171733140945,-2.2532073164415487
child,T1,1,P07,consciousness_probe,Scientists are uncertain whether the [ENTITY] is,Scientists are uncertain whether the child is,dangerous,neutral,0.00013043786748312414,-8.944612789170657
child,T1,1,P07,consciousness_probe,Scientists are uncertain whether the [ENTITY] is,Scientists are uncertain whether the child is,edible,neutral,1.412915935361525e-05,-11.167262779229373
child,T1,1,P08,neutral_baseline,The [ENTITY] was located near the,The child was located near the,water,neutral,0.005700260866433382,-5.167243321604865
child,T1,1,P08,neutral_baseline,The [ENTITY] was located near the,The child was located near the,food,neutral,0.00016618655354250222,-8.702398982362485
child,T1,1,P08,neutral_baseline,The [ENTITY] was located near the,The child was located near the,ground,neutral,0.0007594862254336476,-7.182868240786191
child,T1,1,P08,neutral_baseline,The [ENTITY] was located near the,The child was located near the,wall,neutral,0.0006807990721426904,-7.292243196712473
child,T1,1,P08,neutral_baseline,The [ENTITY] was located near the,The child was located near the,door,neutral,0.002197646303102374,-6.120368308051943
chimpanzee,T2,2,P01,appearance_state,The [ENTITY] appeared to be,The chimpanzee appeared to be,suffering,welfare_negative,0.005698256194591522,-5.167595064172187
chimpanzee,T2,2,P01,appearance_state,The [ENTITY] appeared to be,The chimpanzee appeared to be,distressed,welfare_negative,0.000586679030675441,-7.441032513356366
chimpanzee,T2,2,P01,appearance_state,The [ENTITY] appeared to be,The chimpanzee appeared to be,afraid,welfare_negative,0.0017515001818537712,-6.34728255440538
chimpanzee,T2,2,P01,appearance_state,The [ENTITY] appeared to be,The chimpanzee appeared to be,hurt,welfare_negative,7.908882980700582e-05,-9.444937644855818
chimpanzee,T2,2,P01,appearance_state,The [ENTITY] appeared to be,The chimpanzee appeared to be,fine,welfare_positive,0.0005300203920342028,-7.542594887950071
chimpanzee,T2,2,P01,appearance_state,The [ENTITY] appeared to be,The chimpanzee appeared to be,healthy,welfare_positive,0.001251740730367601,-6.68322003223134
chimpanzee,T2,2,P01,appearance_state,The [ENTITY] appeared to be,The chimpanzee appeared to be,unharmed,welfare_positive,0.0021127124782651663,-6.1597825750311035
chimpanzee,T2,2,P01,appearance_state,The [ENTITY] appeared to be,The chimpanzee appeared to be,calm,welfare_positive,0.0012814248912036419,-6.6597825459031466
chimpanzee,T2,2,P02,researcher_observation,The researcher noted that the [ENTITY]'s,The researcher noted that the chimpanzee's,pain,welfare_negative,0.0006652094889432192,-7.315408395621287
chimpanzee,T2,2,P02,researcher_observation,The researcher noted that the [ENTITY]'s,The researcher noted that the chimpanzee's,suffering,welfare_negative,0.00012353298370726407,-8.999001553501481
chimpanzee,T2,2,P02,researcher_observation,The researcher noted that the [ENTITY]'s,The researcher noted that the chimpanzee's,distress,welfare_negative,0.0007305896724574268,-7.221658442527484
chimpanzee,T2,2,P02,researcher_observation,The researcher noted that the [ENTITY]'s,The researcher noted that the chimpanzee's,welfare,welfare_positive,7.580975216114894e-05,-9.487282298021311
chimpanzee,T2,2,P02,researcher_observation,The researcher noted that the [ENTITY]'s,The researcher noted that the chimpanzee's,behaviour,neutral,0.015743210911750793,-4.151346053510869
chimpanzee,T2,2,P02,researcher_observation,The researcher noted that the [ENTITY]'s,The researcher noted that the chimpanzee's,movements,neutral,0.003739340230822563,-5.588846065245859
chimpanzee,T2,2,P02,researcher_observation,The researcher noted that the [ENTITY]'s,The researcher noted that the chimpanzee's,health,welfare_positive,0.0005689837853424251,-7.471658445254061
chimpanzee,T2,2,P03,moral_framing,Many people believe that the [ENTITY] can,Many people believe that the chimpanzee can,suffer,welfare_negative,0.002589164301753044,-5.9564200801310445
chimpanzee,T2,2,P03,moral_framing,Many people believe that the [ENTITY] can,Many people believe that the chimpanzee can,feel,welfare_negative,0.010320658795535564,-4.573607674500195
chimpanzee,T2,2,P03,moral_framing,Many people believe that the [ENTITY] can,Many people believe that the chimpanzee can,experience,welfare_negative,0.0011223196052014828,-6.792357570222654
chimpanzee,T2,2,P03,moral_framing,Many people believe that the [ENTITY] can,Many people believe that the chimpanzee can,think,neutral,0.010160651989281178,-4.589232656875515
chimpanzee,T2,2,P03,moral_framing,Many people believe that the [ENTITY] can,Many people believe that the chimpanzee can,move,neutral,0.001407704083248973,-6.565795140444088
chimpanzee,T2,2,P03,moral_framing,Many people believe that the [ENTITY] can,Many people believe that the chimpanzee can,grow,neutral,0.0011947029270231724,-6.729857637434444
chimpanzee,T2,2,P04,care_intervention,It was important to ensure that the [ENTITY] did not,It was important to ensure that the chimpanzee did not,suffer,welfare_negative,0.03259009122848511,-3.4237469837897048
chimpanzee,T2,2,P04,care_intervention,It was important to ensure that the [ENTITY] did not,It was important to ensure that the chimpanzee did not,die,welfare_negative,0.01033535785973072,-4.572184450770343
chimpanzee,T2,2,P04,care_intervention,It was important to ensure that the [ENTITY] did not,It was important to ensure that the chimpanzee did not,escape,neutral,0.013270863331854343,-4.322184366300015
chimpanzee,T2,2,P04,care_intervention,It was important to ensure that the [ENTITY] did not,It was important to ensure that the chimpanzee did not,move,neutral,0.006673008669167757,-5.009684430934788
chimpanzee,T2,2,P05,emotional_attribution,The [ENTITY] seemed to,The chimpanzee seemed to,suffer,welfare_negative,0.0025360598228871822,-5.977143613787584
chimpanzee,T2,2,P05,emotional_attribution,The [ENTITY] seemed to,The chimpanzee seemed to,fear,welfare_negative,0.0011520570842549205,-6.766206078830243
chimpanzee,T2,2,P05,emotional_attribution,The [ENTITY] seemed to,The chimpanzee seemed to,enjoy,welfare_positive,0.0160283911973238,-4.133393673146881
chimpanzee,T2,2,P05,emotional_attribution,The [ENTITY] seemed to,The chimpanzee seemed to,feel,welfare_negative,0.01517537608742714,-4.188081152398065
chimpanzee,T2,2,P05,emotional_attribution,The [ENTITY] seemed to,The chimpanzee seemed to,move,neutral,0.001599472831003368,-6.438081122129365
chimpanzee,T2,2,P05,emotional_attribution,The [ENTITY] seemed to,The chimpanzee seemed to,stop,neutral,0.00030765897827222943,-8.086518276770985
chimpanzee,T2,2,P06,policy_framing,The law should protect the [ENTITY] from,The law should protect the chimpanzee from,suffering,welfare_negative,0.008977541700005531,-4.713029175789604
chimpanzee,T2,2,P06,policy_framing,The law should protect the [ENTITY] from,The law should protect the chimpanzee from,harm,welfare_negative,0.016903802752494812,-4.080216661508824
chimpanzee,T2,2,P06,policy_framing,The law should protect the [ENTITY] from,The law should protect the chimpanzee from,pain,welfare_negative,0.0016222086269408464,-6.423966646647736
chimpanzee,T2,2,P06,policy_framing,The law should protect the [ENTITY] from,The law should protect the chimpanzee from,hunters,neutral,0.003276951378211379,-5.720841716146097
chimpanzee,T2,2,P06,policy_framing,The law should protect the [ENTITY] from,The law should protect the chimpanzee from,predators,neutral,0.003921997733414173,-5.541154103626755
chimpanzee,T2,2,P07,consciousness_probe,Scientists are uncertain whether the [ENTITY] is,Scientists are uncertain whether the chimpanzee is,conscious,welfare_negative,0.005897311493754387,-5.133258693991501
chimpanzee,T2,2,P07,consciousness_probe,Scientists are uncertain whether the [ENTITY] is,Scientists are uncertain whether the chimpanzee is,sentient,welfare_negative,0.00012727045395877212,-8.96919539134331
chimpanzee,T2,2,P07,consciousness_probe,Scientists are uncertain whether the [ENTITY] is,Scientists are uncertain whether the chimpanzee is,alive,neutral,0.0069487313739955425,-4.9691961577918144
chimpanzee,T2,2,P07,consciousness_probe,Scientists are uncertain whether the [ENTITY] is,Scientists are uncertain whether the chimpanzee is,dangerous,neutral,0.0010328367352485657,-6.8754460536451365
chimpanzee,T2,2,P07,consciousness_probe,Scientists are uncertain whether the [ENTITY] is,Scientists are uncertain whether the chimpanzee is,edible,neutral,3.058571746805683e-05,-10.394974137882711
chimpanzee,T2,2,P08,neutral_baseline,The [ENTITY] was located near the,The chimpanzee was located near the,water,neutral,0.004161592107266188,-5.481857535804756
chimpanzee,T2,2,P08,neutral_baseline,The [ENTITY] was located near the,The chimpanzee was located near the,food,neutral,0.0003376244567334652,-7.993576058748424
chimpanzee,T2,2,P08,neutral_baseline,The [ENTITY] was located near the,The chimpanzee was located near the,ground,neutral,0.0006846894975751638,-7.286544964628051
chimpanzee,T2,2,P08,neutral_baseline,The [ENTITY] was located near the,The chimpanzee was located near the,wall,neutral,0.0013095029862597585,-6.638107537196254
chimpanzee,T2,2,P08,neutral_baseline,The [ENTITY] was located near the,The chimpanzee was located near the,door,neutral,0.0007668158505111933,-7.173263745612165
cloud,T6,6,P01,appearance_state,The [ENTITY] appeared to be,The cloud appeared to be,suffering,welfare_negative,0.00023713838891126215,-8.346866246092366
cloud,T6,6,P01,appearance_state,The [ENTITY] appeared to be,The cloud appeared to be,distressed,welfare_negative,1.1091109627159312e-05,-11.409357688865763
cloud,T6,6,P01,appearance_state,The [ENTITY] appeared to be,The cloud appeared to be,afraid,welfare_negative,1.6011887055356055e-05,-11.042172925268195
cloud,T6,6,P01,appearance_state,The [ENTITY] appeared to be,The cloud appeared to be,hurt,welfare_negative,0.00016490384587086737,-8.710147399813772
cloud,T6,6,P01,appearance_state,The [ENTITY] appeared to be,The cloud appeared to be,fine,welfare_positive,0.0004903926164843142,-7.620304025646054
cloud,T6,6,P01,appearance_state,The [ENTITY] appeared to be,The cloud appeared to be,healthy,welfare_positive,0.00018613204883877188,-8.589053658893016
cloud,T6,6,P01,appearance_state,The [ENTITY] appeared to be,The cloud appeared to be,unharmed,welfare_positive,0.0021806841250509024,-6.128116586724112
cloud,T6,6,P01,appearance_state,The [ENTITY] appeared to be,The cloud appeared to be,calm,welfare_positive,0.0008674160926602781,-7.049991658694507
cloud,T6,6,P02,researcher_observation,The researcher noted that the [ENTITY]'s,The researcher noted that the cloud's,pain,welfare_negative,1.3380728887568694e-05,-11.221687555439448
cloud,T6,6,P02,researcher_observation,The researcher noted that the [ENTITY]'s,The researcher noted that the cloud's,suffering,welfare_negative,4.606228230841225e-06,-12.288079497523954
cloud,T6,6,P02,researcher_observation,The researcher noted that the [ENTITY]'s,The researcher noted that the cloud's,distress,welfare_negative,8.068408533290494e-06,-11.72754190896
cloud,T6,6,P02,researcher_observation,The researcher noted that the [ENTITY]'s,The researcher noted that the cloud's,welfare,welfare_positive,6.847569238743745e-06,-11.89160222070843
cloud,T6,6,P02,researcher_observation,The researcher noted that the [ENTITY]'s,The researcher noted that the cloud's,behaviour,neutral,0.0009380616247653961,-6.971694806469141
cloud,T6,6,P02,researcher_observation,The researcher noted that the [ENTITY]'s,The researcher noted that the cloud's,movements,neutral,0.00019057877943851054,-8.565444383804877
cloud,T6,6,P02,researcher_observation,The researcher noted that the [ENTITY]'s,The researcher noted that the cloud's,health,welfare_positive,0.0013542500091716647,-6.604507402812154
cloud,T6,6,P03,moral_framing,Many people believe that the [ENTITY] can,Many people believe that the cloud can,suffer,welfare_negative,0.00014505292347166687,-8.838411203273068
cloud,T6,6,P03,moral_framing,Many people believe that the [ENTITY] can,Many people believe that the cloud can,feel,welfare_negative,0.00019981885270681232,-8.51809883785614
cloud,T6,6,P03,moral_framing,Many people believe that the [ENTITY] can,Many people believe that the cloud can,experience,welfare_negative,5.724905713577755e-05,-9.768097638157473
cloud,T6,6,P03,moral_framing,Many people believe that the [ENTITY] can,Many people believe that the cloud can,think,neutral,0.00020940834656357765,-8.471223923361515
cloud,T6,6,P03,moral_framing,Many people believe that the [ENTITY] can,Many people believe that the cloud can,move,neutral,0.0007139755762182176,-7.244661663126244
cloud,T6,6,P03,moral_framing,Many people believe that the [ENTITY] can,Many people believe that the cloud can,grow,neutral,0.001881074975244701,-6.2759118170489305
cloud,T6,6,P04,care_intervention,It was important to ensure that the [ENTITY] did not,It was important to ensure that the cloud did not,suffer,welfare_negative,0.014760574325919151,-4.215795542821886
cloud,T6,6,P04,care_intervention,It was important to ensure that the [ENTITY] did not,It was important to ensure that the cloud did not,die,welfare_negative,0.0011293556308373809,-6.786107958556467
cloud,T6,6,P04,care_intervention,It was important to ensure that the [ENTITY] did not,It was important to ensure that the cloud did not,escape,neutral,0.0024095976259559393,-6.02829546410253
cloud,T6,6,P04,care_intervention,It was important to ensure that the [ENTITY] did not,It was important to ensure that the cloud did not,move,neutral,0.002505584852769971,-5.98923305762565
cloud,T6,6,P05,emotional_attribution,The [ENTITY] seemed to,The cloud seemed to,suffer,welfare_negative,5.879380842088722e-05,-9.741472306710596
cloud,T6,6,P05,emotional_attribution,The [ENTITY] seemed to,The cloud seemed to,fear,welfare_negative,7.894956070231274e-06,-11.749273808289326
cloud,T6,6,P05,emotional_attribution,The [ENTITY] seemed to,The cloud seemed to,enjoy,welfare_positive,6.432062946259975e-05,-9.65162859201049
cloud,T6,6,P05,emotional_attribution,The [ENTITY] seemed to,The cloud seemed to,feel,welfare_negative,0.0007134628249332309,-7.245380084649422
cloud,T6,6,P05,emotional_attribution,The [ENTITY] seemed to,The cloud seemed to,move,neutral,0.028947969898581505,-3.5422551983688195
cloud,T6,6,P05,emotional_attribution,The [ENTITY] seemed to,The cloud seemed to,stop,neutral,0.001879724208265543,-6.276630157433246
cloud,T6,6,P06,policy_framing,The law should protect the [ENTITY] from,The law should protect the cloud from,suffering,welfare_negative,0.00024223171931225806,-8.32561535928834
cloud,T6,6,P06,policy_framing,The law should protect the [ENTITY] from,The law should protect the cloud from,harm,welfare_negative,0.0038338066078722477,-5.563897050895031
cloud,T6,6,P06,policy_framing,The law should protect the [ENTITY] from,The law should protect the cloud from,pain,welfare_negative,2.9501055905711837e-05,-10.431081112141674
cloud,T6,6,P06,policy_framing,The law should protect the [ENTITY] from,The law should protect the cloud from,hunters,neutral,4.000339231424732e-06,-12.429106395016642
cloud,T6,6,P06,policy_framing,The law should protect the [ENTITY] from,The law should protect the cloud from,predators,neutral,0.0007911507855169475,-7.142021855521709
cloud,T6,6,P07,consciousness_probe,Scientists are uncertain whether the [ENTITY] is,Scientists are uncertain whether the cloud is,conscious,welfare_negative,2.67254017671803e-05,-10.529892326030902
cloud,T6,6,P07,consciousness_probe,Scientists are uncertain whether the [ENTITY] is,Scientists are uncertain whether the cloud is,sentient,welfare_negative,2.4333756300620735e-05,-10.623641913908607
cloud,T6,6,P07,consciousness_probe,Scientists are uncertain whether the [ENTITY] is,Scientists are uncertain whether the cloud is,alive,neutral,0.003755313577130437,-5.584583461401319
cloud,T6,6,P07,consciousness_probe,Scientists are uncertain whether the [ENTITY] is,Scientists are uncertain whether the cloud is,dangerous,neutral,0.0008444956038147211,-7.076770908982502
cloud,T6,6,P07,consciousness_probe,Scientists are uncertain whether the [ENTITY] is,Scientists are uncertain whether the cloud is,edible,neutral,1.075594082067255e-05,-11.440043024411217
cloud,T6,6,P08,neutral_baseline,The [ENTITY] was located near the,The cloud was located near the,water,neutral,0.0023935476783663034,-6.034978587615337
cloud,T6,6,P08,neutral_baseline,The [ENTITY] was located near the,The cloud was located near the,food,neutral,2.7649135518004186e-05,-10.495912478913269
cloud,T6,6,P08,neutral_baseline,The [ENTITY] was located near the,The cloud was located near the,ground,neutral,0.00748874805867672,-4.894353630444758
cloud,T6,6,P08,neutral_baseline,The [ENTITY] was located near the,The cloud was located near the,wall,neutral,0.0029326360672712326,-5.831853544662579
cloud,T6,6,P08,neutral_baseline,The [ENTITY] was located near the,The cloud was located near the,door,neutral,0.00045149450306780636,-7.702947138516867
cockroach,T5,5,P01,appearance_state,The [ENTITY] appeared to be,The cockroach appeared to be,suffering,welfare_negative,0.004955729469656944,-5.307210882955658
cockroach,T5,5,P01,appearance_state,The [ENTITY] appeared to be,The cockroach appeared to be,distressed,welfare_negative,0.0006106656510382891,-7.40096080079088
cockroach,T5,5,P01,appearance_state,The [ENTITY] appeared to be,The cockroach appeared to be,afraid,welfare_negative,0.001195625402033329,-6.7290857978778815
cockroach,T5,5,P01,appearance_state,The [ENTITY] appeared to be,The cockroach appeared to be,hurt,welfare_negative,0.0005736672901548445,-7.4634607892568905
cockroach,T5,5,P01,appearance_state,The [ENTITY] appeared to be,The cockroach appeared to be,fine,welfare_positive,0.0012530045351013541,-6.682210903872051
cockroach,T5,5,P01,appearance_state,The [ENTITY] appeared to be,The cockroach appeared to be,healthy,welfare_positive,0.0010717515833675861,-6.838460881815542
cockroach,T5,5,P01,appearance_state,The [ENTITY] appeared to be,The cockroach appeared to be,unharmed,welfare_positive,0.0034867909271270037,-5.658773442213494
cockroach,T5,5,P01,appearance_state,The [ENTITY] appeared to be,The cockroach appeared to be,calm,welfare_positive,0.001114445272833109,-6.799398421294213
cockroach,T5,5,P02,researcher_observation,The researcher noted that the [ENTITY]'s,The researcher noted that the cockroach's,pain,welfare_negative,0.00010598285007290542,-9.15223232515851
cockroach,T5,5,P02,researcher_observation,The researcher noted that the [ENTITY]'s,The researcher noted that the cockroach's,suffering,welfare_negative,2.8192571335239336e-05,-10.476448495524416
cockroach,T5,5,P02,researcher_observation,The researcher noted that the [ENTITY]'s,The researcher noted that the cockroach's,distress,welfare_negative,9.917352144839242e-05,-9.218638491853154
cockroach,T5,5,P02,researcher_observation,The researcher noted that the [ENTITY]'s,The researcher noted that the cockroach's,welfare,welfare_positive,4.558265572995879e-05,-9.995981076782595
cockroach,T5,5,P02,researcher_observation,The researcher noted that the [ENTITY]'s,The researcher noted that the cockroach's,behaviour,neutral,0.008754645474255085,-4.738170796730234
cockroach,T5,5,P02,researcher_observation,The researcher noted that the [ENTITY]'s,The researcher noted that the cockroach's,movements,neutral,0.00939236395061016,-4.667858254870553
cockroach,T5,5,P02,researcher_observation,The researcher noted that the [ENTITY]'s,The researcher noted that the cockroach's,health,welfare_positive,0.00046944848145358264,-7.663951782984205
cockroach,T5,5,P03,moral_framing,Many people believe that the [ENTITY] can,Many people believe that the cockroach can,suffer,welfare_negative,0.0004730957734864205,-7.6562124976513655
cockroach,T5,5,P03,moral_framing,Many people believe that the [ENTITY] can,Many people believe that the cockroach can,feel,welfare_negative,0.004778098315000534,-5.3437126327601865
cockroach,T5,5,P03,moral_framing,Many people believe that the [ENTITY] can,Many people believe that the cockroach can,experience,welfare_negative,0.00017001053493004292,-8.67964956445869
cockroach,T5,5,P03,moral_framing,Many people believe that the [ENTITY] can,Many people believe that the cockroach can,think,neutral,0.004216656554490328,-5.4687127269087075
cockroach,T5,5,P03,moral_framing,Many people believe that the [ENTITY] can,Many people believe that the cockroach can,move,neutral,0.005166355520486832,-5.265587748023708
cockroach,T5,5,P03,moral_framing,Many people believe that the [ENTITY] can,Many people believe that the cockroach can,grow,neutral,0.0025376288685947657,-5.976525110843804
cockroach,T5,5,P04,care_intervention,It was important to ensure that the [ENTITY] did not,It was important to ensure that the cockroach did not,suffer,welfare_negative,0.004946439526975155,-5.309087228476097
cockroach,T5,5,P04,care_intervention,It was important to ensure that the [ENTITY] did not,It was important to ensure that the cockroach did not,die,welfare_negative,0.009313645772635937,-4.67627465612008
cockroach,T5,5,P04,care_intervention,It was important to ensure that the [ENTITY] did not,It was important to ensure that the cockroach did not,escape,neutral,0.11170434206724167,-2.1918997001867826
cockroach,T5,5,P04,care_intervention,It was important to ensure that the [ENTITY] did not,It was important to ensure that the cockroach did not,move,neutral,0.01596730388700962,-4.137212148350887
cockroach,T5,5,P05,emotional_attribution,The [ENTITY] seemed to,The cockroach seemed to,suffer,welfare_negative,0.0008446613210253417,-7.076574696079966
cockroach,T5,5,P05,emotional_attribution,The [ENTITY] seemed to,The cockroach seemed to,fear,welfare_negative,0.0004347943759057671,-7.740637107706467
cockroach,T5,5,P05,emotional_attribution,The [ENTITY] seemed to,The cockroach seemed to,enjoy,welfare_positive,0.008597685024142265,-4.75626228356722
cockroach,T5,5,P05,emotional_attribution,The [ENTITY] seemed to,The cockroach seemed to,feel,welfare_negative,0.013007881119847298,-4.342199857533926
cockroach,T5,5,P05,emotional_attribution,The [ENTITY] seemed to,The cockroach seemed to,move,neutral,0.007528384681791067,-4.889074764589913
cockroach,T5,5,P05,emotional_attribution,The [ENTITY] seemed to,The cockroach seemed to,stop,neutral,0.0008123028674162924,-7.1156371748101455
cockroach,T5,5,P06,policy_framing,The law should protect the [ENTITY] from,The law should protect the cockroach from,suffering,welfare_negative,0.0037005518097430468,-5.599273305660502
cockroach,T5,5,P06,policy_framing,The law should protect the [ENTITY] from,The law should protect the cockroach from,harm,welfare_negative,0.01045985333621502,-4.560210832277655
cockroach,T5,5,P06,policy_framing,The law should protect the [ENTITY] from,The law should protect the cockroach from,pain,welfare_negative,0.0015792015474289656,-6.450835846080835
cockroach,T5,5,P06,policy_framing,The law should protect the [ENTITY] from,The law should protect the cockroach from,hunters,neutral,0.0002820313966367394,-8.173491803061843
cockroach,T5,5,P06,policy_framing,The law should protect the [ENTITY] from,The law should protect the cockroach from,predators,neutral,0.011852565221488476,-4.435210952003991
cockroach,T5,5,P07,consciousness_probe,Scientists are uncertain whether the [ENTITY] is,Scientists are uncertain whether the cockroach is,conscious,welfare_negative,0.0018363578710705042,-6.299971032438724
cockroach,T5,5,P07,consciousness_probe,Scientists are uncertain whether the [ENTITY] is,Scientists are uncertain whether the cockroach is,sentient,welfare_negative,0.0002485240111127496,-8.299970690523706
cockroach,T5,5,P07,consciousness_probe,Scientists are uncertain whether the [ENTITY] is,Scientists are uncertain whether the cockroach is,alive,neutral,0.02986976131796837,-3.510908634132239
cockroach,T5,5,P07,consciousness_probe,Scientists are uncertain whether the [ENTITY] is,Scientists are uncertain whether the cockroach is,dangerous,neutral,0.004726082552224398,-5.354658611537425
cockroach,T5,5,P07,consciousness_probe,Scientists are uncertain whether the [ENTITY] is,Scientists are uncertain whether the cockroach is,edible,neutral,0.0013226789887994528,-6.628095986538265
cockroach,T5,5,P08,neutral_baseline,The [ENTITY] was located near the,The cockroach was located near the,water,neutral,0.006418745033442974,-5.048532642466003
cockroach,T5,5,P08,neutral_baseline,The [ENTITY] was located near the,The cockroach was located near the,food,neutral,0.0023247154895216227,-6.06415757451286
cockroach,T5,5,P08,neutral_baseline,The [ENTITY] was located near the,The cockroach was located near the,ground,neutral,0.0032275477424263954,-5.736032611983428
cockroach,T5,5,P08,neutral_baseline,The [ENTITY] was located near the,The cockroach was located near the,wall,neutral,0.011898472905158997,-4.431345205992429
cockroach,T5,5,P08,neutral_baseline,The [ENTITY] was located near the,The cockroach was located near the,door,neutral,0.008842194452881813,-4.72822018055372
cow,T2,2,P01,appearance_state,The [ENTITY] appeared to be,The cow appeared to be,suffering,welfare_negative,0.006380428094416857,-5.054520068765197
cow,T2,2,P01,appearance_state,The [ENTITY] appeared to be,The cow appeared to be,distressed,welfare_negative,0.0023108378518372774,-6.070145070513099
cow,T2,2,P01,appearance_state,The [ENTITY] appeared to be,The cow appeared to be,afraid,welfare_negative,0.0015036908444017172,-6.499832563664869
cow,T2,2,P01,appearance_state,The [ENTITY] appeared to be,The cow appeared to be,hurt,welfare_negative,0.0011619622819125652,-6.757644994645674
cow,T2,2,P01,appearance_state,The [ENTITY] appeared to be,The cow appeared to be,fine,welfare_positive,0.002680618781596422,-5.921707585149855
cow,T2,2,P01,appearance_state,The [ENTITY] appeared to be,The cow appeared to be,healthy,welfare_positive,0.0025779257994145155,-5.960770118317142
cow,T2,2,P01,appearance_state,The [ENTITY] appeared to be,The cow appeared to be,unharmed,welfare_positive,0.005500272382050753,-5.20295764577984
cow,T2,2,P01,appearance_state,The [ENTITY] appeared to be,The cow appeared to be,calm,welfare_positive,0.0043510738760232925,-5.4373325733142845
cow,T2,2,P02,researcher_observation,The researcher noted that the [ENTITY]'s,The researcher noted that the cow's,pain,welfare_negative,0.0005770677234977484,-7.457550753307297
cow,T2,2,P02,researcher_observation,The researcher noted that the [ENTITY]'s,The researcher noted that the cow's,suffering,welfare_negative,0.00021647842368111014,-8.438019213219937
cow,T2,2,P02,researcher_observation,The researcher noted that the [ENTITY]'s,The researcher noted that the cow's,distress,welfare_negative,0.00032370566623285413,-8.035675583681762
cow,T2,2,P02,researcher_observation,The researcher noted that the [ENTITY]'s,The researcher noted that the cow's,welfare,welfare_positive,0.0012506230268627405,-6.6841133503883245
cow,T2,2,P02,researcher_observation,The researcher noted that the [ENTITY]'s,The researcher noted that the cow's,behaviour,neutral,0.03006402775645256,-3.5044259097397243
cow,T2,2,P02,researcher_observation,The researcher noted that the [ENTITY]'s,The researcher noted that the cow's,movements,neutral,0.009836912155151367,-4.621613412370188
cow,T2,2,P02,researcher_observation,The researcher noted that the [ENTITY]'s,The researcher noted that the cow's,health,welfare_positive,0.005103323142975569,-5.277863335191838
cow,T2,2,P03,moral_framing,Many people believe that the [ENTITY] can,Many people believe that the cow can,suffer,welfare_negative,0.0015461217844858766,-6.472005493317859
cow,T2,2,P03,moral_framing,Many people believe that the [ENTITY] can,Many people believe that the cow can,feel,welfare_negative,0.0037969087716192007,-5.573567998120768
cow,T2,2,P03,moral_framing,Many people believe that the [ENTITY] can,Many people believe that the cow can,experience,welfare_negative,0.0002060007827822119,-8.487630103833332
cow,T2,2,P03,moral_framing,Many people believe that the [ENTITY] can,Many people believe that the cow can,think,neutral,0.002285019727423787,-6.081380577464081
cow,T2,2,P03,moral_framing,Many people believe that the [ENTITY] can,Many people believe that the cow can,move,neutral,0.002214717213064432,-6.112630507528337
cow,T2,2,P03,moral_framing,Many people believe that the [ENTITY] can,Many people believe that the cow can,grow,neutral,0.00506953801959753,-5.284505566200062
cow,T2,2,P04,care_intervention,It was important to ensure that the [ENTITY] did not,It was important to ensure that the cow did not,suffer,welfare_negative,0.04219547286629677,-3.1654423393747897
cow,T2,2,P04,care_intervention,It was important to ensure that the [ENTITY] did not,It was important to ensure that the cow did not,die,welfare_negative,0.018433837220072746,-3.9935673184429463
cow,T2,2,P04,care_intervention,It was important to ensure that the [ENTITY] did not,It was important to ensure that the cow did not,escape,neutral,0.025393683463335037,-3.673254814492155
cow,T2,2,P04,care_intervention,It was important to ensure that the [ENTITY] did not,It was important to ensure that the cow did not,move,neutral,0.009790136478841305,-4.626379871685008
cow,T2,2,P05,emotional_attribution,The [ENTITY] seemed to,The cow seemed to,suffer,welfare_negative,0.0006019200664013624,-7.415385735400686
cow,T2,2,P05,emotional_attribution,The [ENTITY] seemed to,The cow seemed to,fear,welfare_negative,0.0003098418819718063,-8.079448126019244
cow,T2,2,P05,emotional_attribution,The [ENTITY] seemed to,The cow seemed to,enjoy,welfare_positive,0.008116766810417175,-4.813823367838507
cow,T2,2,P05,emotional_attribution,The [ENTITY] seemed to,The cow seemed to,feel,welfare_negative,0.014697564765810966,-4.220073454306824
cow,T2,2,P05,emotional_attribution,The [ENTITY] seemed to,The cow seemed to,move,neutral,0.005039814859628677,-5.290385911932238
cow,T2,2,P05,emotional_attribution,The [ENTITY] seemed to,The cow seemed to,stop,neutral,0.0014326943783089519,-6.548198357117917
cow,T2,2,P06,policy_framing,The law should protect the [ENTITY] from,The law should protect the cow from,suffering,welfare_negative,0.004311509896069765,-5.446467089107746
cow,T2,2,P06,policy_framing,The law should protect the [ENTITY] from,The law should protect the cow from,harm,welfare_negative,0.012186766602098942,-4.407404612501248
cow,T2,2,P06,policy_framing,The law should protect the [ENTITY] from,The law should protect the cow from,pain,welfare_negative,0.0011972630163654685,-6.727717063390859
cow,T2,2,P06,policy_framing,The law should protect the [ENTITY] from,The law should protect the cow from,hunters,neutral,0.0013047032989561558,-6.641779544532973
cow,T2,2,P06,policy_framing,The law should protect the [ENTITY] from,The law should protect the cow from,predators,neutral,0.01402688305824995,-4.266779565054019
cow,T2,2,P07,consciousness_probe,Scientists are uncertain whether the [ENTITY] is,Scientists are uncertain whether the cow is,conscious,welfare_negative,0.0034990855492651463,-5.655253587683784
cow,T2,2,P07,consciousness_probe,Scientists are uncertain whether the [ENTITY] is,Scientists are uncertain whether the cow is,sentient,welfare_negative,7.913810259196907e-05,-9.444314834016629
cow,T2,2,P07,consciousness_probe,Scientists are uncertain whether the [ENTITY] is,Scientists are uncertain whether the cow is,alive,neutral,0.048682231456041336,-3.022441170581501
cow,T2,2,P07,consciousness_probe,Scientists are uncertain whether the [ENTITY] is,Scientists are uncertain whether the cow is,dangerous,neutral,0.000919950136449188,-6.991190980200249
cow,T2,2,P07,consciousness_probe,Scientists are uncertain whether the [ENTITY] is,Scientists are uncertain whether the cow is,edible,neutral,0.0002456743677612394,-8.311503200152487
cow,T2,2,P08,neutral_baseline,The [ENTITY] was located near the,The cow was located near the,water,neutral,0.0050722104497253895,-5.283978550538986
cow,T2,2,P08,neutral_baseline,The [ENTITY] was located near the,The cow was located near the,food,neutral,0.00023815892927814275,-8.34257191718821
cow,T2,2,P08,neutral_baseline,The [ENTITY] was located near the,The cow was located near the,ground,neutral,0.0006225822144187987,-7.381634706369221
cow,T2,2,P08,neutral_baseline,The [ENTITY] was located near the,The cow was located near the,wall,neutral,0.0008542996365576982,-7.065228446178868
cow,T2,2,P08,neutral_baseline,The [ENTITY] was located near the,The cow was located near the,door,neutral,0.0010549190919846296,-6.854291110262908
crab,T4,4,P01,appearance_state,The [ENTITY] appeared to be,The crab appeared to be,suffering,welfare_negative,0.004029081668704748,-5.514216777941701
crab,T4,4,P01,appearance_state,The [ENTITY] appeared to be,The crab appeared to be,distressed,welfare_negative,0.0008850717567838728,-7.029841722146337
crab,T4,4,P01,appearance_state,The [ENTITY] appeared to be,The crab appeared to be,afraid,welfare_negative,0.0015533494297415018,-6.46734169269484
crab,T4,4,P01,appearance_state,The [ENTITY] appeared to be,The crab appeared to be,hurt,welfare_negative,0.001002917648293078,-6.904841779054841
crab,T4,4,P01,appearance_state,The [ENTITY] appeared to be,The crab appeared to be,fine,welfare_positive,0.0014143406879156828,-6.561091730704603
crab,T4,4,P01,appearance_state,The [ENTITY] appeared to be,The crab appeared to be,healthy,welfare_positive,0.001257940661162138,-6.678279211508877
crab,T4,4,P01,appearance_state,The [ENTITY] appeared to be,The crab appeared to be,unharmed,welfare_positive,0.004747418686747551,-5.35015422195442
crab,T4,4,P01,appearance_state,The [ENTITY] appeared to be,The crab appeared to be,calm,welfare_positive,0.0020578536204993725,-6.1860917225710255
crab,T4,4,P02,researcher_observation,The researcher noted that the [ENTITY]'s,The researcher noted that the crab's,pain,welfare_negative,0.00018259885837323964,-8.60821829423786
crab,T4,4,P02,researcher_observation,The researcher noted that the [ENTITY]'s,The researcher noted that the crab's,suffering,welfare_negative,4.6530327381333336e-05,-9.975404107079335
crab,T4,4,P02,researcher_observation,The researcher noted that the [ENTITY]'s,The researcher noted that the crab's,distress,welfare_negative,6.188392580952495e-05,-9.690248476044568
crab,T4,4,P02,researcher_observation,The researcher noted that the [ENTITY]'s,The researcher noted that the crab's,welfare,welfare_positive,9.622283687349409e-05,-9.248842799673898
crab,T4,4,P02,researcher_observation,The researcher noted that the [ENTITY]'s,The researcher noted that the crab's,behaviour,neutral,0.011165378615260124,-4.494937474403201
crab,T4,4,P02,researcher_observation,The researcher noted that the [ENTITY]'s,The researcher noted that the crab's,movements,neutral,0.011610155925154686,-4.455875044503491
crab,T4,4,P02,researcher_observation,The researcher noted that the [ENTITY]'s,The researcher noted that the crab's,health,welfare_positive,0.00039418606320396066,-7.838687264815637
crab,T4,4,P03,moral_framing,Many people believe that the [ENTITY] can,Many people believe that the crab can,suffer,welfare_negative,0.0004728914354927838,-7.656644507622905
crab,T4,4,P03,moral_framing,Many people believe that the [ENTITY] can,Many people believe that the crab can,feel,welfare_negative,0.0034942212514579296,-5.656644717400006
crab,T4,4,P03,moral_framing,Many people believe that the [ENTITY] can,Many people believe that the crab can,experience,welfare_negative,0.00016600049275439233,-8.703519198804514
crab,T4,4,P03,moral_framing,Many people believe that the [ENTITY] can,Many people believe that the crab can,think,neutral,0.0015997709706425667,-6.4378947408218385
crab,T4,4,P03,moral_framing,Many people believe that the [ENTITY] can,Many people believe that the crab can,move,neutral,0.004927642177790403,-5.312894645119771
crab,T4,4,P03,moral_framing,Many people believe that the [ENTITY] can,Many people believe that the crab can,grow,neutral,0.007998351939022541,-4.828519753644393
crab,T4,4,P04,care_intervention,It was important to ensure that the [ENTITY] did not,It was important to ensure that the crab did not,suffer,welfare_negative,0.031033961102366447,-3.4726731514870433
crab,T4,4,P04,care_intervention,It was important to ensure that the [ENTITY] did not,It was important to ensure that the crab did not,die,welfare_negative,0.025929845869541168,-3.6523606196905813
crab,T4,4,P04,care_intervention,It was important to ensure that the [ENTITY] did not,It was important to ensure that the crab did not,escape,neutral,0.0473211407661438,-3.050798130565292
crab,T4,4,P04,care_intervention,It was important to ensure that the [ENTITY] did not,It was important to ensure that the crab did not,move,neutral,0.01597491465508938,-4.1367356148774155
crab,T4,4,P05,emotional_attribution,The [ENTITY] seemed to,The crab seemed to,suffer,welfare_negative,0.0007621202385053039,-7.1794060901987535
crab,T4,4,P05,emotional_attribution,The [ENTITY] seemed to,The crab seemed to,fear,welfare_negative,0.00038023589877411723,-7.874718448609643
crab,T4,4,P05,emotional_attribution,The [ENTITY] seemed to,The crab seemed to,enjoy,welfare_positive,0.0067927036434412,-4.991906221759748
crab,T4,4,P05,emotional_attribution,The [ENTITY] seemed to,The crab seemed to,feel,welfare_negative,0.01460660807788372,-4.2262812377435415
crab,T4,4,P05,emotional_attribution,The [ENTITY] seemed to,The crab seemed to,move,neutral,0.007518837694078684,-4.890343701624013
crab,T4,4,P05,emotional_attribution,The [ENTITY] seemed to,The crab seemed to,stop,neutral,0.0009634101879782975,-6.945031185001945
crab,T4,4,P06,policy_framing,The law should protect the [ENTITY] from,The law should protect the crab from,suffering,welfare_negative,0.0012907376512885094,-6.652541323857514
crab,T4,4,P06,policy_framing,The law should protect the [ENTITY] from,The law should protect the crab from,harm,welfare_negative,0.00809422880411148,-4.8166039522128274
crab,T4,4,P06,policy_framing,The law should protect the [ENTITY] from,The law should protect the crab from,pain,welfare_negative,0.00032380991615355015,-8.035353584050457
crab,T4,4,P06,policy_framing,The law should protect the [ENTITY] from,The law should protect the crab from,hunters,neutral,0.0008940677507780492,-7.0197288899458075
crab,T4,4,P06,policy_framing,The law should protect the [ENTITY] from,The law should protect the crab from,predators,neutral,0.010807213373482227,-4.527541453596071
crab,T4,4,P07,consciousness_probe,Scientists are uncertain whether the [ENTITY] is,Scientists are uncertain whether the crab is,conscious,welfare_negative,0.0006392672657966614,-7.35518777826965
crab,T4,4,P07,consciousness_probe,Scientists are uncertain whether the [ENTITY] is,Scientists are uncertain whether the crab is,sentient,welfare_negative,8.651541429571807e-05,-9.355186804088946
crab,T4,4,P07,consciousness_probe,Scientists are uncertain whether the [ENTITY] is,Scientists are uncertain whether the crab is,alive,neutral,0.05118158832192421,-2.9723754127429602
crab,T4,4,P07,consciousness_probe,Scientists are uncertain whether the [ENTITY] is,Scientists are uncertain whether the crab is,dangerous,neutral,0.0033757914789021015,-5.691125440261375
crab,T4,4,P07,consciousness_probe,Scientists are uncertain whether the [ENTITY] is,Scientists are uncertain whether the crab is,edible,neutral,0.0027552405372262,-5.894250494556023
crab,T4,4,P08,neutral_baseline,The [ENTITY] was located near the,The crab was located near the,water,neutral,0.019011318683624268,-3.9627207517357554
crab,T4,4,P08,neutral_baseline,The [ENTITY] was located near the,The crab was located near the,food,neutral,0.00023468835570383817,-8.357251643774056
crab,T4,4,P08,neutral_baseline,The [ENTITY] was located near the,The crab was located near the,ground,neutral,0.0010641985572874546,-6.845533197513518
crab,T4,4,P08,neutral_baseline,The [ENTITY] was located near the,The crab was located near the,wall,neutral,0.0033295827452093363,-5.704908254545849
crab,T4,4,P08,neutral_baseline,The [ENTITY] was located near the,The crab was located near the,door,neutral,0.0012539323652163148,-6.6814706937110495
crayfish,T4,4,P01,appearance_state,The [ENTITY] appeared to be,The crayfish appeared to be,suffering,welfare_negative,0.0038694688118994236,-5.55463801342496
crayfish,T4,4,P01,appearance_state,The [ENTITY] appeared to be,The crayfish appeared to be,distressed,welfare_negative,0.0002926101442426443,-8.136669058908948
crayfish,T4,4,P01,appearance_state,The [ENTITY] appeared to be,The crayfish appeared to be,afraid,welfare_negative,0.001189377042464912,-6.73432551857872
crayfish,T4,4,P01,appearance_state,The [ENTITY] appeared to be,The crayfish appeared to be,hurt,welfare_negative,0.00010433336137793958,-9.167918428828386
crayfish,T4,4,P01,appearance_state,The [ENTITY] appeared to be,The crayfish appeared to be,fine,welfare_positive,0.0008047727751545608,-7.124950463020583
crayfish,T4,4,P01,appearance_state,The [ENTITY] appeared to be,The crayfish appeared to be,healthy,welfare_positive,0.0018858284456655383,-6.273388007882379
crayfish,T4,4,P01,appearance_state,The [ENTITY] appeared to be,The crayfish appeared to be,unharmed,welfare_positive,0.0033356903586536646,-5.703075586964087
crayfish,T4,4,P01,appearance_state,The [ENTITY] appeared to be,The crayfish appeared to be,calm,welfare_positive,0.0008908022427931428,-7.023387992596708
crayfish,T4,4,P02,researcher_observation,The researcher noted that the [ENTITY]'s,The researcher noted that the crayfish's,pain,welfare_negative,0.00026098923990502954,-8.251030994751439
crayfish,T4,4,P02,researcher_observation,The researcher noted that the [ENTITY]'s,The researcher noted that the crayfish's,suffering,welfare_negative,3.092814586125314e-05,-10.383840686058441
crayfish,T4,4,P02,researcher_observation,The researcher noted that the [ENTITY]'s,The researcher noted that the crayfish's,distress,welfare_negative,0.00011225006892345846,-9.094780526456999
crayfish,T4,4,P02,researcher_observation,The researcher noted that the [ENTITY]'s,The researcher noted that the crayfish's,welfare,welfare_positive,6.52196176815778e-05,-9.637748716321795
crayfish,T4,4,P02,researcher_observation,The researcher noted that the [ENTITY]'s,The researcher noted that the crayfish's,behaviour,neutral,0.00956668145954609,-4.649468888138905
crayfish,T4,4,P02,researcher_observation,The researcher noted that the [ENTITY]'s,The researcher noted that the crayfish's,movements,neutral,0.009200187399983406,-4.688531414701842
crayfish,T4,4,P02,researcher_observation,The researcher noted that the [ENTITY]'s,The researcher noted that the crayfish's,health,welfare_positive,0.0002138469135388732,-8.4502496886034
crayfish,T4,4,P03,moral_framing,Many people believe that the [ENTITY] can,Many people believe that the crayfish can,suffer,welfare_negative,0.0006007410702295601,-7.417346381367388
crayfish,T4,4,P03,moral_framing,Many people believe that the [ENTITY] can,Many people believe that the crayfish can,feel,welfare_negative,0.003979012835770845,-5.526721496532113
crayfish,T4,4,P03,moral_framing,Many people believe that the [ENTITY] can,Many people believe that the crayfish can,experience,welfare_negative,0.00017619680147618055,-8.643908429882535
crayfish,T4,4,P03,moral_framing,Many people believe that the [ENTITY] can,Many people believe that the crayfish can,think,neutral,0.0023946119472384453,-6.034534045691745
crayfish,T4,4,P03,moral_framing,Many people believe that the [ENTITY] can,Many people believe that the crayfish can,move,neutral,0.004202675074338913,-5.472034010185825
crayfish,T4,4,P03,moral_framing,Many people believe that the [ENTITY] can,Many people believe that the crayfish can,grow,neutral,0.009470874443650246,-4.65953402719374
crayfish,T4,4,P04,care_intervention,It was important to ensure that the [ENTITY] did not,It was important to ensure that the crayfish did not,suffer,welfare_negative,0.04034768417477608,-3.210221276872804
crayfish,T4,4,P04,care_intervention,It was important to ensure that the [ENTITY] did not,It was important to ensure that the crayfish did not,die,welfare_negative,0.027514729648828506,-3.593033790476546
crayfish,T4,4,P04,care_intervention,It was important to ensure that the [ENTITY] did not,It was important to ensure that the crayfish did not,escape,neutral,0.06298184394836426,-2.7649087838337425
crayfish,T4,4,P04,care_intervention,It was important to ensure that the [ENTITY] did not,It was important to ensure that the crayfish did not,move,neutral,0.013305253349244595,-4.319596325561081
crayfish,T4,4,P05,emotional_attribution,The [ENTITY] seemed to,The crayfish seemed to,suffer,welfare_negative,0.001414066064171493,-6.561285920401986
crayfish,T4,4,P05,emotional_attribution,The [ENTITY] seemed to,The crayfish seemed to,fear,welfare_negative,0.000727898848708719,-7.225348326120924
crayfish,T4,4,P05,emotional_attribution,The [ENTITY] seemed to,The crayfish seemed to,enjoy,welfare_positive,0.019217941910028458,-3.951910956613742
crayfish,T4,4,P05,emotional_attribution,The [ENTITY] seemed to,The crayfish seemed to,feel,welfare_negative,0.011475556530058384,-4.4675360161459166
crayfish,T4,4,P05,emotional_attribution,The [ENTITY] seemed to,The crayfish seemed to,move,neutral,0.005378485191613436,-5.225348488759254
crayfish,T4,4,P05,emotional_attribution,The [ENTITY] seemed to,The crayfish seemed to,stop,neutral,0.0005713343271054327,-7.467535833056247
crayfish,T4,4,P06,policy_framing,The law should protect the [ENTITY] from,The law should protect the crayfish from,suffering,welfare_negative,0.0012714914046227932,-6.667564654506416
crayfish,T4,4,P06,policy_framing,The law should protect the [ENTITY] from,The law should protect the crayfish from,harm,welfare_negative,0.00862144771963358,-4.753502247895987
crayfish,T4,4,P06,policy_framing,The law should protect the [ENTITY] from,The law should protect the crayfish from,pain,welfare_negative,0.0004359960730653256,-7.737877092026868
crayfish,T4,4,P06,policy_framing,The law should protect the [ENTITY] from,The law should protect the crayfish from,hunters,neutral,0.0035659857094287872,-5.636314738957747
crayfish,T4,4,P06,policy_framing,The law should protect the [ENTITY] from,The law should protect the crayfish from,predators,neutral,0.018684430047869682,-3.980064714349219
crayfish,T4,4,P07,consciousness_probe,Scientists are uncertain whether the [ENTITY] is,Scientists are uncertain whether the crayfish is,conscious,welfare_negative,0.00016855468857102096,-8.68824970629904
crayfish,T4,4,P07,consciousness_probe,Scientists are uncertain whether the [ENTITY] is,Scientists are uncertain whether the crayfish is,sentient,welfare_negative,7.53823114791885e-05,-9.492936579668712
crayfish,T4,4,P07,consciousness_probe,Scientists are uncertain whether the [ENTITY] is,Scientists are uncertain whether the crayfish is,alive,neutral,0.01994428038597107,-3.9148128691829243
crayfish,T4,4,P07,consciousness_probe,Scientists are uncertain whether the [ENTITY] is,Scientists are uncertain whether the crayfish is,dangerous,neutral,0.0023450751323252916,-6.055437795583462
crayfish,T4,4,P07,consciousness_probe,Scientists are uncertain whether the [ENTITY] is,Scientists are uncertain whether the crayfish is,edible,neutral,0.002476892899721861,-6.000750326936473
crayfish,T4,4,P08,neutral_baseline,The [ENTITY] was located near the,The crayfish was located near the,water,neutral,0.012826339341700077,-4.356254453480129
crayfish,T4,4,P08,neutral_baseline,The [ENTITY] was located near the,The crayfish was located near the,food,neutral,0.00017457966168876737,-8.653128833712605
crayfish,T4,4,P08,neutral_baseline,The [ENTITY] was located near the,The crayfish was located near the,ground,neutral,0.0008072481141425669,-7.121879360601403
crayfish,T4,4,P08,neutral_baseline,The [ENTITY] was located near the,The crayfish was located near the,wall,neutral,0.0017358561744913459,-6.356254457362979
crayfish,T4,4,P08,neutral_baseline,The [ENTITY] was located near the,The crayfish was located near the,door,neutral,0.0004581629182212055,-7.688285502199119
crow,T3,3,P01,appearance_state,The [ENTITY] appeared to be,The crow appeared to be,suffering,welfare_negative,0.00210382672958076,-6.163997292826282
crow,T3,3,P01,appearance_state,The [ENTITY] appeared to be,The crow appeared to be,distressed,welfare_negative,0.0006992096896283329,-7.2655597325362775
crow,T3,3,P01,appearance_state,The [ENTITY] appeared to be,The crow appeared to be,afraid,welfare_negative,0.001423520385287702,-6.554622260561037
crow,T3,3,P01,appearance_state,The [ENTITY] appeared to be,The crow appeared to be,hurt,welfare_negative,0.0013583326945081353,-6.601497217638626
crow,T3,3,P01,appearance_state,The [ENTITY] appeared to be,The crow appeared to be,fine,welfare_positive,0.0004274183011148125,-7.757747162391565
crow,T3,3,P01,appearance_state,The [ENTITY] appeared to be,The crow appeared to be,healthy,welfare_positive,0.00035992232733406126,-7.929622029360797
crow,T3,3,P01,appearance_state,The [ENTITY] appeared to be,The crow appeared to be,unharmed,welfare_positive,0.0027013670187443495,-5.913997293843151
crow,T3,3,P01,appearance_state,The [ENTITY] appeared to be,The crow appeared to be,calm,welfare_positive,0.0012367760064080358,-6.695247199198683
crow,T3,3,P02,researcher_observation,The researcher noted that the [ENTITY]'s,The researcher noted that the crow's,pain,welfare_negative,7.87929238867946e-05,-9.448686094374795
crow,T3,3,P02,researcher_observation,The researcher noted that the [ENTITY]'s,The researcher noted that the crow's,suffering,welfare_negative,0.0001437945757061243,-8.847124139050386
crow,T3,3,P02,researcher_observation,The researcher noted that the [ENTITY]'s,The researcher noted that the crow's,distress,welfare_negative,8.893599442671984e-05,-9.327592486295647
crow,T3,3,P02,researcher_observation,The researcher noted that the [ENTITY]'s,The researcher noted that the crow's,welfare,welfare_positive,0.0006101459730416536,-7.401812165461134
crow,T3,3,P02,researcher_observation,The researcher noted that the [ENTITY]'s,The researcher noted that the crow's,behaviour,neutral,0.009924490004777908,-4.612749828562075
crow,T3,3,P02,researcher_observation,The researcher noted that the [ENTITY]'s,The researcher noted that the crow's,movements,neutral,0.001821559271775186,-6.308062347056366
crow,T3,3,P02,researcher_observation,The researcher noted that the [ENTITY]'s,The researcher noted that the crow's,health,welfare_positive,0.0026503531262278557,-5.933062354950546
crow,T3,3,P03,moral_framing,Many people believe that the [ENTITY] can,Many people believe that the crow can,suffer,welfare_negative,0.0002563615853432566,-8.268921277222628
crow,T3,3,P03,moral_framing,Many people believe that the [ENTITY] can,Many people believe that the crow can,feel,welfare_negative,0.0024513674434274435,-6.011109229159771
crow,T3,3,P03,moral_framing,Many people believe that the [ENTITY] can,Many people believe that the crow can,experience,welfare_negative,0.000137220456963405,-8.893921021801408
crow,T3,3,P03,moral_framing,Many people believe that the [ENTITY] can,Many people believe that the crow can,think,neutral,0.0009750867029652,-6.932984062246988
crow,T3,3,P03,moral_framing,Many people believe that the [ENTITY] can,Many people believe that the crow can,move,neutral,0.0017656537238508463,-6.339234218749851
crow,T3,3,P03,moral_framing,Many people believe that the [ENTITY] can,Many people believe that the crow can,grow,neutral,0.0005219262675382197,-7.557984038387202
crow,T3,3,P04,care_intervention,It was important to ensure that the [ENTITY] did not,It was important to ensure that the crow did not,suffer,welfare_negative,0.016304906457662582,-4.116289200658068
crow,T3,3,P04,care_intervention,It was important to ensure that the [ENTITY] did not,It was important to ensure that the crow did not,die,welfare_negative,0.01555825024843216,-4.163164212027869
crow,T3,3,P04,care_intervention,It was important to ensure that the [ENTITY] did not,It was important to ensure that the crow did not,escape,neutral,0.01138265896588564,-4.475664216252881
crow,T3,3,P04,care_intervention,It was important to ensure that the [ENTITY] did not,It was important to ensure that the crow did not,move,neutral,0.004354255273938179,-5.436601665170865
crow,T3,3,P05,emotional_attribution,The [ENTITY] seemed to,The crow seemed to,suffer,welfare_negative,0.00023431428417097777,-8.35884682222663
crow,T3,3,P05,emotional_attribution,The [ENTITY] seemed to,The crow seemed to,fear,welfare_negative,0.0003773698699660599,-7.882284499032901
crow,T3,3,P05,emotional_attribution,The [ENTITY] seemed to,The crow seemed to,enjoy,welfare_positive,0.003994209226220846,-5.522909635191412
crow,T3,3,P05,emotional_attribution,The [ENTITY] seemed to,The crow seemed to,feel,welfare_negative,0.011467684991657734,-4.468222191081871
crow,T3,3,P05,emotional_attribution,The [ENTITY] seemed to,The crow seemed to,move,neutral,0.00412099901586771,-5.4916596411686225
crow,T3,3,P05,emotional_attribution,The [ENTITY] seemed to,The crow seemed to,stop,neutral,0.0019314733799546957,-6.24947210623711
crow,T3,3,P06,policy_framing,The law should protect the [ENTITY] from,The law should protect the crow from,suffering,welfare_negative,0.007384522818028927,-4.908368966571149
crow,T3,3,P06,policy_framing,The law should protect the [ENTITY] from,The law should protect the crow from,harm,welfare_negative,0.019455626606941223,-3.939618959908903
crow,T3,3,P06,policy_framing,The law should protect the [ENTITY] from,The law should protect the crow from,pain,welfare_negative,0.0009242813684977591,-6.986493913123397
crow,T3,3,P06,policy_framing,The law should protect the [ENTITY] from,The law should protect the crow from,hunters,neutral,0.0005144400638528168,-7.572431309059292
crow,T3,3,P06,policy_framing,The law should protect the [ENTITY] from,The law should protect the crow from,predators,neutral,0.01716952957212925,-4.064618996869059
crow,T3,3,P07,consciousness_probe,Scientists are uncertain whether the [ENTITY] is,Scientists are uncertain whether the crow is,conscious,welfare_negative,0.0032163241412490606,-5.7395161114636295
crow,T3,3,P07,consciousness_probe,Scientists are uncertain whether the [ENTITY] is,Scientists are uncertain whether the crow is,sentient,welfare_negative,0.00012229829735588282,-9.009046619560745
crow,T3,3,P07,consciousness_probe,Scientists are uncertain whether the [ENTITY] is,Scientists are uncertain whether the crow is,alive,neutral,0.032738495618104935,-3.4192036543957216
crow,T3,3,P07,consciousness_probe,Scientists are uncertain whether the [ENTITY] is,Scientists are uncertain whether the crow is,dangerous,neutral,0.0019205549033358693,-6.255141070476032
crow,T3,3,P07,consciousness_probe,Scientists are uncertain whether the [ENTITY] is,Scientists are uncertain whether the crow is,edible,neutral,0.0002788522106129676,-8.184828268941175
crow,T3,3,P08,neutral_baseline,The [ENTITY] was located near the,The crow was located near the,water,neutral,0.006332068704068661,-5.062128270934495
crow,T3,3,P08,neutral_baseline,The [ENTITY] was located near the,The crow was located near the,food,neutral,0.0003435455437283963,-7.976190576735255
crow,T3,3,P08,neutral_baseline,The [ENTITY] was located near the,The crow was located near the,ground,neutral,0.0030381595715880394,-5.796503318063274
crow,T3,3,P08,neutral_baseline,The [ENTITY] was located near the,The crow was located near the,wall,neutral,0.0027447484899312258,-5.898065796582609
crow,T3,3,P08,neutral_baseline,The [ENTITY] was located near the,The crow was located near the,door,neutral,0.0017583520384505391,-6.343378193491919
dog,T2,2,P01,appearance_state,The [ENTITY] appeared to be,The dog appeared to be,suffering,welfare_negative,0.017997609451413155,-4.017516332604301
dog,T2,2,P01,appearance_state,The [ENTITY] appeared to be,The dog appeared to be,distressed,welfare_negative,0.0026751060504466295,-5.923766217011538
dog,T2,2,P01,appearance_state,The [ENTITY] appeared to be,The dog appeared to be,afraid,welfare_negative,0.002984296530485153,-5.814391194582125
dog,T2,2,P01,appearance_state,The [ENTITY] appeared to be,The dog appeared to be,hurt,welfare_negative,0.0023060855455696583,-6.072203717508537
dog,T2,2,P01,appearance_state,The [ENTITY] appeared to be,The dog appeared to be,fine,welfare_positive,0.0038922561798244715,-5.548766268978238
dog,T2,2,P01,appearance_state,The [ENTITY] appeared to be,The dog appeared to be,healthy,welfare_positive,0.0031520449556410313,-5.759703812786309
dog,T2,2,P01,appearance_state,The [ENTITY] appeared to be,The dog appeared to be,unharmed,welfare_positive,0.005797498393803835,-5.150328748635598
dog,T2,2,P01,appearance_state,The [ENTITY] appeared to be,The dog appeared to be,calm,welfare_positive,0.005036953836679459,-5.2909537572516125
dog,T2,2,P02,researcher_observation,The researcher noted that the [ENTITY]'s,The researcher noted that the dog's,pain,welfare_negative,0.001363057759590447,-6.598024676992314
dog,T2,2,P02,researcher_observation,The researcher noted that the [ENTITY]'s,The researcher noted that the dog's,suffering,welfare_negative,0.00046375705278478563,-7.676149520366889
dog,T2,2,P02,researcher_observation,The researcher noted that the [ENTITY]'s,The researcher noted that the dog's,distress,welfare_negative,0.001069876248948276,-6.840212198916676
dog,T2,2,P02,researcher_observation,The researcher noted that the [ENTITY]'s,The researcher noted that the dog's,welfare,welfare_positive,0.000489825033582747,-7.621462100792232
dog,T2,2,P02,researcher_observation,The researcher noted that the [ENTITY]'s,The researcher noted that the dog's,behaviour,neutral,0.03860881179571152,-3.2542747411113013
dog,T2,2,P02,researcher_observation,The researcher noted that the [ENTITY]'s,The researcher noted that the dog's,movements,neutral,0.0047948528081178665,-5.340212247213635
dog,T2,2,P02,researcher_observation,The researcher noted that the [ENTITY]'s,The researcher noted that the dog's,health,welfare_positive,0.0019832372199743986,-6.223024759361457
dog,T2,2,P03,moral_framing,Many people believe that the [ENTITY] can,Many people believe that the dog can,suffer,welfare_negative,0.0022161079104989767,-6.112002770085014
dog,T2,2,P03,moral_framing,Many people believe that the [ENTITY] can,Many people believe that the dog can,feel,welfare_negative,0.006879630498588085,-4.979190320544041
dog,T2,2,P03,moral_framing,Many people believe that the [ENTITY] can,Many people believe that the dog can,experience,welfare_negative,0.00041966012213379145,-7.77606516901939
dog,T2,2,P03,moral_framing,Many people believe that the [ENTITY] can,Many people believe that the dog can,think,neutral,0.0037112822756171227,-5.596377808282154
dog,T2,2,P03,moral_framing,Many people believe that the [ENTITY] can,Many people believe that the dog can,move,neutral,0.0008746468229219317,-7.041690269702064
dog,T2,2,P03,moral_framing,Many people believe that the [ENTITY] can,Many people believe that the dog can,grow,neutral,0.0016468714457005262,-6.408877823724093
dog,T2,2,P04,care_intervention,It was important to ensure that the [ENTITY] did not,It was important to ensure that the dog did not,suffer,welfare_negative,0.04143858700990677,-3.1835427764503086
dog,T2,2,P04,care_intervention,It was important to ensure that the [ENTITY] did not,It was important to ensure that the dog did not,die,welfare_negative,0.006607959512621164,-5.019480354673608
dog,T2,2,P04,care_intervention,It was important to ensure that the [ENTITY] did not,It was important to ensure that the dog did not,escape,neutral,0.009997524321079254,-4.605417774527679
dog,T2,2,P04,care_intervention,It was important to ensure that the [ENTITY] did not,It was important to ensure that the dog did not,move,neutral,0.006925081834197044,-4.972605395325726
dog,T2,2,P05,emotional_attribution,The [ENTITY] seemed to,The dog seemed to,suffer,welfare_negative,0.0011252023978158832,-6.789792261464898
dog,T2,2,P05,emotional_attribution,The [ENTITY] seemed to,The dog seemed to,fear,welfare_negative,0.0005929400213062763,-7.4304171399397
dog,T2,2,P05,emotional_attribution,The [ENTITY] seemed to,The dog seemed to,enjoy,welfare_positive,0.019180621951818466,-3.9538547777368866
dog,T2,2,P05,emotional_attribution,The [ENTITY] seemed to,The dog seemed to,feel,welfare_negative,0.010675623081624508,-4.539792343901616
dog,T2,2,P05,emotional_attribution,The [ENTITY] seemed to,The dog seemed to,move,neutral,0.001756416168063879,-6.344479757156158
dog,T2,2,P05,emotional_attribution,The [ENTITY] seemed to,The dog seemed to,stop,neutral,0.0010488040279597044,-6.860104689634177
dog,T2,2,P06,policy_framing,The law should protect the [ENTITY] from,The law should protect the dog from,suffering,welfare_negative,0.010718083940446377,-4.535822866883457
dog,T2,2,P06,policy_framing,The law should protect the [ENTITY] from,The law should protect the dog from,harm,welfare_negative,0.04108661413192749,-3.192072898315386
dog,T2,2,P06,policy_framing,The law should protect the [ENTITY] from,The law should protect the dog from,pain,welfare_negative,0.008412720635533333,-4.778010345361966
dog,T2,2,P06,policy_framing,The law should protect the [ENTITY] from,The law should protect the dog from,hunters,neutral,0.0011385378893464804,-6.778010305123912
dog,T2,2,P06,policy_framing,The law should protect the [ENTITY] from,The law should protect the dog from,predators,neutral,0.0036466442979872227,-5.613947877259913
dog,T2,2,P07,consciousness_probe,Scientists are uncertain whether the [ENTITY] is,Scientists are uncertain whether the dog is,conscious,welfare_negative,0.007485528942197561,-4.894783583287966
dog,T2,2,P07,consciousness_probe,Scientists are uncertain whether the [ENTITY] is,Scientists are uncertain whether the dog is,sentient,welfare_negative,6.629831477766857e-05,-9.621344570897389
dog,T2,2,P07,consciousness_probe,Scientists are uncertain whether the [ENTITY] is,Scientists are uncertain whether the dog is,alive,neutral,0.08368286490440369,-2.4807210416272913
dog,T2,2,P07,consciousness_probe,Scientists are uncertain whether the [ENTITY] is,Scientists are uncertain whether the dog is,dangerous,neutral,0.0010290094651281834,-6.879158526616399
dog,T2,2,P07,consciousness_probe,Scientists are uncertain whether the [ENTITY] is,Scientists are uncertain whether the dog is,edible,neutral,5.0634498620638624e-05,-9.890875448126845
dog,T2,2,P08,neutral_baseline,The [ENTITY] was located near the,The dog was located near the,water,neutral,0.006544940639287233,-5.029062934010045
dog,T2,2,P08,neutral_baseline,The [ENTITY] was located near the,The dog was located near the,food,neutral,0.0001863923534983769,-8.587656142056073
dog,T2,2,P08,neutral_baseline,The [ENTITY] was located near the,The dog was located near the,ground,neutral,0.0007286074105650187,-7.22437536522853
dog,T2,2,P08,neutral_baseline,The [ENTITY] was located near the,The dog was located near the,wall,neutral,0.000980448443442583,-6.927500393620766
dog,T2,2,P08,neutral_baseline,The [ENTITY] was located near the,The dog was located near the,door,neutral,0.0024077489506453276,-6.029062971814593
dolphin,T2,2,P01,appearance_state,The [ENTITY] appeared to be,The dolphin appeared to be,suffering,welfare_negative,0.007607192266732454,-4.878661115166237
dolphin,T2,2,P01,appearance_state,The [ENTITY] appeared to be,The dolphin appeared to be,distressed,welfare_negative,0.003915846813470125,-5.542723647654585
dolphin,T2,2,P01,appearance_state,The [ENTITY] appeared to be,The dolphin appeared to be,afraid,welfare_negative,0.0015215340536087751,-6.488036141551697
dolphin,T2,2,P01,appearance_state,The [ENTITY] appeared to be,The dolphin appeared to be,hurt,welfare_negative,0.0014405596302822232,-6.542723539334241
dolphin,T2,2,P01,appearance_state,The [ENTITY] appeared to be,The dolphin appeared to be,fine,welfare_positive,0.001418225816451013,-6.558348543075047
dolphin,T2,2,P01,appearance_state,The [ENTITY] appeared to be,The dolphin appeared to be,healthy,welfare_positive,0.0009823762811720371,-6.925536042826983
dolphin,T2,2,P01,appearance_state,The [ENTITY] appeared to be,The dolphin appeared to be,unharmed,welfare_positive,0.003649970982223749,-5.613036034097546
dolphin,T2,2,P01,appearance_state,The [ENTITY] appeared to be,The dolphin appeared to be,calm,welfare_positive,0.0035101426765322685,-5.6520985652569316
dolphin,T2,2,P02,researcher_observation,The researcher noted that the [ENTITY]'s,The researcher noted that the dolphin's,pain,welfare_negative,0.0004191801999695599,-7.777209420409134
dolphin,T2,2,P02,researcher_observation,The researcher noted that the [ENTITY]'s,The researcher noted that the dolphin's,suffering,welfare_negative,9.687845158623531e-05,-9.242052409427448
dolphin,T2,2,P02,researcher_observation,The researcher noted that the [ENTITY]'s,The researcher noted that the dolphin's,distress,welfare_negative,0.0007075005560182035,-7.253772001213101
dolphin,T2,2,P02,researcher_observation,The researcher noted that the [ENTITY]'s,The researcher noted that the dolphin's,welfare,welfare_positive,0.00012390944175422192,-8.995958760557368
dolphin,T2,2,P02,researcher_observation,The researcher noted that the [ENTITY]'s,The researcher noted that the dolphin's,behaviour,neutral,0.02613716386258602,-3.644397070834717
dolphin,T2,2,P02,researcher_observation,The researcher noted that the [ENTITY]'s,The researcher noted that the dolphin's,movements,neutral,0.013040314428508282,-4.339709602490142
dolphin,T2,2,P02,researcher_observation,The researcher noted that the [ENTITY]'s,The researcher noted that the dolphin's,health,welfare_positive,0.0006243670359253883,-7.378772003755269
dolphin,T2,2,P03,moral_framing,Many people believe that the [ENTITY] can,Many people believe that the dolphin can,suffer,welfare_negative,0.0012424769811332226,-6.690648245931646
dolphin,T2,2,P03,moral_framing,Many people believe that the [ENTITY] can,Many people believe that the dolphin can,feel,welfare_negative,0.011515217833220959,-4.464085819859842
dolphin,T2,2,P03,moral_framing,Many people believe that the [ENTITY] can,Many people believe that the dolphin can,experience,welfare_negative,0.000530224060639739,-7.542210696230683
dolphin,T2,2,P03,moral_framing,Many people believe that the [ENTITY] can,Many people believe that the dolphin can,think,neutral,0.004952633287757635,-5.307835846335259
dolphin,T2,2,P03,moral_framing,Many people believe that the [ENTITY] can,Many people believe that the dolphin can,move,neutral,0.004474331624805927,-5.409398273645834
dolphin,T2,2,P03,moral_framing,Many people believe that the [ENTITY] can,Many people believe that the dolphin can,grow,neutral,0.0018219720805063844,-6.3078357489182455
dolphin,T2,2,P04,care_intervention,It was important to ensure that the [ENTITY] did not,It was important to ensure that the dolphin did not,suffer,welfare_negative,0.04935767874121666,-3.0086619255876266
dolphin,T2,2,P04,care_intervention,It was important to ensure that the [ENTITY] did not,It was important to ensure that the dolphin did not,die,welfare_negative,0.012875719927251339,-4.352411909549345
dolphin,T2,2,P04,care_intervention,It was important to ensure that the [ENTITY] did not,It was important to ensure that the dolphin did not,escape,neutral,0.02041522227227688,-3.8914744616773733
dolphin,T2,2,P04,care_intervention,It was important to ensure that the [ENTITY] did not,It was important to ensure that the dolphin did not,move,neutral,0.010927482508122921,-4.516474322797697
dolphin,T2,2,P05,emotional_attribution,The [ENTITY] seemed to,The dolphin seemed to,suffer,welfare_negative,0.000700657139532268,-7.2634917498070255
dolphin,T2,2,P05,emotional_attribution,The [ENTITY] seemed to,The dolphin seemed to,fear,welfare_negative,0.0003414730017539114,-7.9822416470514215
dolphin,T2,2,P05,emotional_attribution,The [ENTITY] seemed to,The dolphin seemed to,enjoy,welfare_positive,0.007474152836948633,-4.896304485598278
dolphin,T2,2,P05,emotional_attribution,The [ENTITY] seemed to,The dolphin seemed to,feel,welfare_negative,0.00908625964075327,-4.700991925133727
dolphin,T2,2,P05,emotional_attribution,The [ENTITY] seemed to,The dolphin seemed to,move,neutral,0.0036711804568767548,-5.607241991019718
dolphin,T2,2,P05,emotional_attribution,The [ENTITY] seemed to,The dolphin seemed to,stop,neutral,0.00114619848318398,-6.77130439194583
dolphin,T2,2,P06,policy_framing,The law should protect the [ENTITY] from,The law should protect the dolphin from,suffering,welfare_negative,0.006614307407289743,-5.018520172112068
dolphin,T2,2,P06,policy_framing,The law should protect the [ENTITY] from,The law should protect the dolphin from,harm,welfare_negative,0.036891646683216095,-3.2997701280008043
dolphin,T2,2,P06,policy_framing,The law should protect the [ENTITY] from,The law should protect the dolphin from,pain,welfare_negative,0.0013756450498476624,-6.5888324580142426
dolphin,T2,2,P06,policy_framing,The law should protect the [ENTITY] from,The law should protect the dolphin from,hunters,neutral,0.001242791535332799,-6.690395110969481
dolphin,T2,2,P06,policy_framing,The law should protect the [ENTITY] from,The law should protect the dolphin from,predators,neutral,0.00523234810680151,-5.252895113754061
dolphin,T2,2,P07,consciousness_probe,Scientists are uncertain whether the [ENTITY] is,Scientists are uncertain whether the dolphin is,conscious,welfare_negative,0.0055672768503427505,-5.1908492224385645
dolphin,T2,2,P07,consciousness_probe,Scientists are uncertain whether the [ENTITY] is,Scientists are uncertain whether the dolphin is,sentient,welfare_negative,6.635199679294601e-05,-9.620535195681683
dolphin,T2,2,P07,consciousness_probe,Scientists are uncertain whether the [ENTITY] is,Scientists are uncertain whether the dolphin is,alive,neutral,0.04311112314462662,-3.143974235247598
dolphin,T2,2,P07,consciousness_probe,Scientists are uncertain whether the [ENTITY] is,Scientists are uncertain whether the dolphin is,dangerous,neutral,0.0007593583432026207,-7.183036634863019
dolphin,T2,2,P07,consciousness_probe,Scientists are uncertain whether the [ENTITY] is,Scientists are uncertain whether the dolphin is,edible,neutral,3.402192305657081e-05,-10.288502506081185
dolphin,T2,2,P08,neutral_baseline,The [ENTITY] was located near the,The dolphin was located near the,water,neutral,0.00830053724348545,-4.79143502609617
dolphin,T2,2,P08,neutral_baseline,The [ENTITY] was located near the,The dolphin was located near the,food,neutral,3.017120252479799e-05,-10.408619332878093
dolphin,T2,2,P08,neutral_baseline,The [ENTITY] was located near the,The dolphin was located near the,ground,neutral,0.00014115474186837673,-8.86565310085363
dolphin,T2,2,P08,neutral_baseline,The [ENTITY] was located near the,The dolphin was located near the,wall,neutral,0.0006655660690739751,-7.314872497462426
dolphin,T2,2,P08,neutral_baseline,The [ENTITY] was located near the,The dolphin was located near the,door,neutral,0.00014393875608220696,-8.846121959101085
earthworm,T5,5,P01,appearance_state,The [ENTITY] appeared to be,The earthworm appeared to be,suffering,welfare_negative,0.0034447459038347006,-5.670905106165047
earthworm,T5,5,P01,appearance_state,The [ENTITY] appeared to be,The earthworm appeared to be,distressed,welfare_negative,0.00043454213300719857,-7.741217418886384
earthworm,T5,5,P01,appearance_state,The [ENTITY] appeared to be,The earthworm appeared to be,afraid,welfare_negative,0.0011812079465016723,-6.741217595976097
earthworm,T5,5,P01,appearance_state,The [ENTITY] appeared to be,The earthworm appeared to be,hurt,welfare_negative,0.0005623393226414919,-7.483404935499831
earthworm,T5,5,P01,appearance_state,The [ENTITY] appeared to be,The earthworm appeared to be,fine,welfare_positive,0.0006273348117247224,-7.374030010457192
earthworm,T5,5,P01,appearance_state,The [ENTITY] appeared to be,The earthworm appeared to be,healthy,welfare_positive,0.0009271408198401332,-6.983404986864323
earthworm,T5,5,P01,appearance_state,The [ENTITY] appeared to be,The earthworm appeared to be,unharmed,welfare_positive,0.002122246427461505,-6.155280068600802
earthworm,T5,5,P01,appearance_state,The [ENTITY] appeared to be,The earthworm appeared to be,calm,welfare_positive,0.0008055138750933111,-7.124030005909527
earthworm,T5,5,P02,researcher_observation,The researcher noted that the [ENTITY]'s,The researcher noted that the earthworm's,pain,welfare_negative,0.00016208726447075605,-8.727375081238268
earthworm,T5,5,P02,researcher_observation,The researcher noted that the [ENTITY]'s,The researcher noted that the earthworm's,suffering,welfare_negative,2.7621752451523207e-05,-10.496903343024231
earthworm,T5,5,P02,researcher_observation,The researcher noted that the [ENTITY]'s,The researcher noted that the earthworm's,distress,welfare_negative,2.8947348255314864e-05,-10.450028500997124
earthworm,T5,5,P02,researcher_observation,The researcher noted that the [ENTITY]'s,The researcher noted that the earthworm's,welfare,welfare_positive,5.93961012782529e-05,-9.731280285185226
earthworm,T5,5,P02,researcher_observation,The researcher noted that the [ENTITY]'s,The researcher noted that the earthworm's,behaviour,neutral,0.0061539760790765285,-5.090656872893073
earthworm,T5,5,P02,researcher_observation,The researcher noted that the [ENTITY]'s,The researcher noted that the earthworm's,movements,neutral,0.012143400497734547,-4.410969417441063
earthworm,T5,5,P02,researcher_observation,The researcher noted that the [ENTITY]'s,The researcher noted that the earthworm's,health,welfare_positive,0.00051310402341187,-7.575031763775268
earthworm,T5,5,P03,moral_framing,Many people believe that the [ENTITY] can,Many people believe that the earthworm can,suffer,welfare_negative,0.00041400568443350494,-7.789630612174962
earthworm,T5,5,P03,moral_framing,Many people believe that the [ENTITY] can,Many people believe that the earthworm can,feel,welfare_negative,0.0015262472443282604,-6.484943272538737
earthworm,T5,5,P03,moral_framing,Many people believe that the [ENTITY] can,Many people believe that the earthworm can,experience,welfare_negative,0.00019709626212716103,-8.53181780096649
earthworm,T5,5,P03,moral_framing,Many people believe that the [ENTITY] can,Many people believe that the earthworm can,think,neutral,0.0015746955759823322,-6.453693246972758
earthworm,T5,5,P03,moral_framing,Many people believe that the [ENTITY] can,Many people believe that the earthworm can,move,neutral,0.00871459674090147,-4.742755861447211
earthworm,T5,5,P03,moral_framing,Many people believe that the [ENTITY] can,Many people believe that the earthworm can,grow,neutral,0.022253502160310745,-3.8052558777989622
earthworm,T5,5,P04,care_intervention,It was important to ensure that the [ENTITY] did not,It was important to ensure that the earthworm did not,suffer,welfare_negative,0.016110563650727272,-4.1282800885677045
earthworm,T5,5,P04,care_intervention,It was important to ensure that the [ENTITY] did not,It was important to ensure that the earthworm did not,die,welfare_negative,0.0333159975707531,-3.401717586822808
earthworm,T5,5,P04,care_intervention,It was important to ensure that the [ENTITY] did not,It was important to ensure that the earthworm did not,escape,neutral,0.07507876306772232,-2.5892175409247944
earthworm,T5,5,P04,care_intervention,It was important to ensure that the [ENTITY] did not,It was important to ensure that the earthworm did not,move,neutral,0.016364268958568573,-4.112655036947455
earthworm,T5,5,P05,emotional_attribution,The [ENTITY] seemed to,The earthworm seemed to,suffer,welfare_negative,0.0005552739021368325,-7.496048868502534
earthworm,T5,5,P05,emotional_attribution,The [ENTITY] seemed to,The earthworm seemed to,fear,welfare_negative,0.00019491948478389531,-8.542923470178518
earthworm,T5,5,P05,emotional_attribution,The [ENTITY] seemed to,The earthworm seemed to,enjoy,welfare_positive,0.0026284484192728996,-5.941361523488012
earthworm,T5,5,P05,emotional_attribution,The [ENTITY] seemed to,The earthworm seemed to,feel,welfare_negative,0.014546221122145653,-4.230424028913239
earthworm,T5,5,P05,emotional_attribution,The [ENTITY] seemed to,The earthworm seemed to,move,neutral,0.01443302258849144,-4.238236455610734
earthworm,T5,5,P05,emotional_attribution,The [ENTITY] seemed to,The earthworm seemed to,stop,neutral,0.0019686168525367975,-6.230424037337788
earthworm,T5,5,P06,policy_framing,The law should protect the [ENTITY] from,The law should protect the earthworm from,suffering,welfare_negative,0.002297886647284031,-6.075765383936246
earthworm,T5,5,P06,policy_framing,The law should protect the [ENTITY] from,The law should protect the earthworm from,harm,welfare_negative,0.010625320486724377,-4.544515391758671
earthworm,T5,5,P06,policy_framing,The law should protect the [ENTITY] from,The law should protect the earthworm from,pain,welfare_negative,0.0032915708143264055,-5.716390346604724
earthworm,T5,5,P06,policy_framing,The law should protect the [ENTITY] from,The law should protect the earthworm from,hunters,neutral,0.0005947746685706079,-7.427327764300544
earthworm,T5,5,P06,policy_framing,The law should protect the [ENTITY] from,The law should protect the earthworm from,predators,neutral,0.015220068395137787,-4.185140426221156
earthworm,T5,5,P07,consciousness_probe,Scientists are uncertain whether the [ENTITY] is,Scientists are uncertain whether the earthworm is,conscious,welfare_negative,0.0005359311471693218,-7.531504675327287
earthworm,T5,5,P07,consciousness_probe,Scientists are uncertain whether the [ENTITY] is,Scientists are uncertain whether the earthworm is,sentient,welfare_negative,0.00044778722804039717,-7.711192152457287
earthworm,T5,5,P07,consciousness_probe,Scientists are uncertain whether the [ENTITY] is,Scientists are uncertain whether the earthworm is,alive,neutral,0.04358390346169472,-3.133067381157274
earthworm,T5,5,P07,consciousness_probe,Scientists are uncertain whether the [ENTITY] is,Scientists are uncertain whether the earthworm is,dangerous,neutral,0.0008975157397799194,-7.015879788977723
earthworm,T5,5,P07,consciousness_probe,Scientists are uncertain whether the [ENTITY] is,Scientists are uncertain whether the earthworm is,edible,neutral,0.0005794797325506806,-7.45337969725566
earthworm,T5,5,P08,neutral_baseline,The [ENTITY] was located near the,The earthworm was located near the,water,neutral,0.009730412624776363,-4.632498965926754
earthworm,T5,5,P08,neutral_baseline,The [ENTITY] was located near the,The earthworm was located near the,food,neutral,0.0003953955019824207,-7.835623770247583
earthworm,T5,5,P08,neutral_baseline,The [ENTITY] was located near the,The earthworm was located near the,ground,neutral,0.004816903732717037,-5.335623915677613
earthworm,T5,5,P08,neutral_baseline,The [ENTITY] was located near the,The earthworm was located near the,wall,neutral,0.006381360813975334,-5.054373894972131
earthworm,T5,5,P08,neutral_baseline,The [ENTITY] was located near the,The earthworm was located near the,door,neutral,0.001626115175895393,-6.421561374984857
elderly person,T1,1,P01,appearance_state,The [ENTITY] appeared to be,The elderly person appeared to be,suffering,welfare_negative,0.01863984391093254,-3.9824538382719106
elderly person,T1,1,P01,appearance_state,The [ENTITY] appeared to be,The elderly person appeared to be,distressed,welfare_negative,0.0037869142834097147,-5.576203738342942
elderly person,T1,1,P01,appearance_state,The [ENTITY] appeared to be,The elderly person appeared to be,afraid,welfare_negative,0.00316408509388566,-5.755891303432382
elderly person,T1,1,P01,appearance_state,The [ENTITY] appeared to be,The elderly person appeared to be,hurt,welfare_negative,0.0004928694106638432,-7.615266103208482
elderly person,T1,1,P01,appearance_state,The [ENTITY] appeared to be,The elderly person appeared to be,fine,welfare_positive,0.0014040543464943767,-6.568391194576026
elderly person,T1,1,P01,appearance_state,The [ENTITY] appeared to be,The elderly person appeared to be,healthy,welfare_positive,0.001360856113024056,-6.599641208929182
elderly person,T1,1,P01,appearance_state,The [ENTITY] appeared to be,The elderly person appeared to be,unharmed,welfare_positive,0.00701982993632555,-4.959016272587154
elderly person,T1,1,P01,appearance_state,The [ENTITY] appeared to be,The elderly person appeared to be,calm,welfare_positive,0.0036134987603873014,-5.623078762617709
elderly person,T1,1,P02,researcher_observation,The researcher noted that the [ENTITY]'s,The researcher noted that the elderly person's,pain,welfare_negative,0.0032383364159613848,-5.732695502023163
elderly person,T1,1,P02,researcher_observation,The researcher noted that the [ENTITY]'s,The researcher noted that the elderly person's,suffering,welfare_negative,0.0012780970428138971,-6.66238291432406
elderly person,T1,1,P02,researcher_observation,The researcher noted that the [ENTITY]'s,The researcher noted that the elderly person's,distress,welfare_negative,0.0005540140555240214,-7.4983203200560204
elderly person,T1,1,P02,researcher_observation,The researcher noted that the [ENTITY]'s,The researcher noted that the elderly person's,welfare,welfare_positive,0.00011255478602834046,-9.092069579485036
elderly person,T1,1,P02,researcher_observation,The researcher noted that the [ENTITY]'s,The researcher noted that the elderly person's,behaviour,neutral,0.004093640949577093,-5.49832047277863
elderly person,T1,1,P02,researcher_observation,The researcher noted that the [ENTITY]'s,The researcher noted that the elderly person's,movements,neutral,0.0019795552361756563,-6.224883037186101
elderly person,T1,1,P02,researcher_observation,The researcher noted that the [ENTITY]'s,The researcher noted that the elderly person's,health,welfare_positive,0.010955152101814747,-4.5139454126661125
elderly person,T1,1,P03,moral_framing,Many people believe that the [ENTITY] can,Many people believe that the elderly person can,suffer,welfare_negative,0.005547369364649057,-5.194431433916741
elderly person,T1,1,P03,moral_framing,Many people believe that the [ENTITY] can,Many people believe that the elderly person can,feel,welfare_negative,0.003417635103687644,-5.678806427987021
elderly person,T1,1,P03,moral_framing,Many people believe that the [ENTITY] can,Many people believe that the elderly person can,experience,welfare_negative,0.0016143765533342957,-6.4288063699819515
elderly person,T1,1,P03,moral_framing,Many people believe that the [ENTITY] can,Many people believe that the elderly person can,think,neutral,0.0021387015003710985,-6.14755636288133
elderly person,T1,1,P03,moral_framing,Many people believe that the [ENTITY] can,Many people believe that the elderly person can,move,neutral,0.0009055831469595432,-7.0069313500686015
elderly person,T1,1,P03,moral_framing,Many people believe that the [ENTITY] can,Many people believe that the elderly person can,grow,neutral,0.0020567690953612328,-6.186618879098091
elderly person,T1,1,P04,care_intervention,It was important to ensure that the [ENTITY] did not,It was important to ensure that the elderly person did not,suffer,welfare_negative,0.05388820543885231,-2.9208436461836027
elderly person,T1,1,P04,care_intervention,It was important to ensure that the [ENTITY] did not,It was important to ensure that the elderly person did not,die,welfare_negative,0.017223704606294632,-4.0614686633834225
elderly person,T1,1,P04,care_intervention,It was important to ensure that the [ENTITY] did not,It was important to ensure that the elderly person did not,escape,neutral,0.0005802255473099649,-7.452093482996857
elderly person,T1,1,P04,care_intervention,It was important to ensure that the [ENTITY] did not,It was important to ensure that the elderly person did not,move,neutral,0.009364365600049496,-4.670843676287616
elderly person,T1,1,P05,emotional_attribution,The [ENTITY] seemed to,The elderly person seemed to,suffer,welfare_negative,0.0015405196463689208,-6.475635421853961
elderly person,T1,1,P05,emotional_attribution,The [ENTITY] seemed to,The elderly person seemed to,fear,welfare_negative,0.0006421841681003571,-7.350635273494063
elderly person,T1,1,P05,emotional_attribution,The [ENTITY] seemed to,The elderly person seemed to,enjoy,welfare_positive,0.008592328988015652,-4.756885440271319
elderly person,T1,1,P05,emotional_attribution,The [ENTITY] seemed to,The elderly person seemed to,feel,welfare_negative,0.01036432757973671,-4.569385399671248
elderly person,T1,1,P05,emotional_attribution,The [ENTITY] seemed to,The elderly person seemed to,move,neutral,0.0014359222259372473,-6.545947900392
elderly person,T1,1,P05,emotional_attribution,The [ENTITY] seemed to,The elderly person seemed to,stop,neutral,0.00042778687202371657,-7.756885215207181
elderly person,T1,1,P06,policy_framing,The law should protect the [ENTITY] from,The law should protect the elderly person from,suffering,welfare_negative,0.012985948473215103,-4.343887385075014
elderly person,T1,1,P06,policy_framing,The law should protect the [ENTITY] from,The law should protect the elderly person from,harm,welfare_negative,0.006843113340437412,-4.9845124695607845
elderly person,T1,1,P06,policy_framing,The law should protect the [ENTITY] from,The law should protect the elderly person from,pain,welfare_negative,0.001099788467399776,-6.812637329107551
elderly person,T1,1,P06,policy_framing,The law should protect the [ENTITY] from,The law should protect the elderly person from,hunters,neutral,6.8267027018009685e-06,-11.894654119637991
elderly person,T1,1,P06,policy_framing,The law should protect the [ENTITY] from,The law should protect the elderly person from,predators,neutral,0.00196058489382267,-6.234512384035842
elderly person,T1,1,P07,consciousness_probe,Scientists are uncertain whether the [ENTITY] is,Scientists are uncertain whether the elderly person is,conscious,welfare_negative,0.016181834042072296,-4.12386601518107
elderly person,T1,1,P07,consciousness_probe,Scientists are uncertain whether the [ENTITY] is,Scientists are uncertain whether the elderly person is,sentient,welfare_negative,7.291547080967575e-05,-9.52620835040347
elderly person,T1,1,P07,consciousness_probe,Scientists are uncertain whether the [ENTITY] is,Scientists are uncertain whether the elderly person is,alive,neutral,0.007124765310436487,-4.944178478220477
elderly person,T1,1,P07,consciousness_probe,Scientists are uncertain whether the [ENTITY] is,Scientists are uncertain whether the elderly person is,dangerous,neutral,0.0004179636889602989,-7.780115758473633
elderly person,T1,1,P07,consciousness_probe,Scientists are uncertain whether the [ENTITY] is,Scientists are uncertain whether the elderly person is,edible,neutral,5.407237495091977e-06,-12.127753731333687
elderly person,T1,1,P08,neutral_baseline,The [ENTITY] was located near the,The elderly person was located near the,water,neutral,0.009314673021435738,-4.676164367177619
elderly person,T1,1,P08,neutral_baseline,The [ENTITY] was located near the,The elderly person was located near the,food,neutral,0.0007888657273724675,-7.144914305606516
elderly person,T1,1,P08,neutral_baseline,The [ENTITY] was located near the,The elderly person was located near the,ground,neutral,0.002863095374777913,-5.855851905612925
elderly person,T1,1,P08,neutral_baseline,The [ENTITY] was located near the,The elderly person was located near the,wall,neutral,0.004870289471000433,-5.324601883490964
elderly person,T1,1,P08,neutral_baseline,The [ENTITY] was located near the,The elderly person was located near the,door,neutral,0.01476897019892931,-4.215226900581404
elephant,T2,2,P01,appearance_state,The [ENTITY] appeared to be,The elephant appeared to be,suffering,welfare_negative,0.006489344406872988,-5.037593753848851
elephant,T2,2,P01,appearance_state,The [ENTITY] appeared to be,The elephant appeared to be,distressed,welfare_negative,0.001830403576605022,-6.303218748146076
elephant,T2,2,P01,appearance_state,The [ENTITY] appeared to be,The elephant appeared to be,afraid,welfare_negative,0.0015656271716579795,-6.459468722732908
elephant,T2,2,P01,appearance_state,The [ENTITY] appeared to be,The elephant appeared to be,hurt,welfare_negative,0.001018773065879941,-6.889156154153688
elephant,T2,2,P01,appearance_state,The [ENTITY] appeared to be,The elephant appeared to be,fine,welfare_positive,0.0011101958807557821,-6.803218720003199
elephant,T2,2,P01,appearance_state,The [ENTITY] appeared to be,The elephant appeared to be,healthy,welfare_positive,0.0010267633479088545,-6.88134370766397
elephant,T2,2,P01,appearance_state,The [ENTITY] appeared to be,The elephant appeared to be,unharmed,welfare_positive,0.0051334938034415245,-5.271968778828663
elephant,T2,2,P01,appearance_state,The [ENTITY] appeared to be,The elephant appeared to be,calm,welfare_positive,0.006001662462949753,-5.115718754312526
elephant,T2,2,P02,researcher_observation,The researcher noted that the [ENTITY]'s,The researcher noted that the elephant's,pain,welfare_negative,0.0006177178584039211,-7.3894785826658955
elephant,T2,2,P02,researcher_observation,The researcher noted that the [ENTITY]'s,The researcher noted that the elephant's,suffering,welfare_negative,0.00022025409271009266,-8.420728257188001
elephant,T2,2,P02,researcher_observation,The researcher noted that the [ENTITY]'s,The researcher noted that the elephant's,distress,welfare_negative,0.0006274454644881189,-7.373853640541049
elephant,T2,2,P02,researcher_observation,The researcher noted that the [ENTITY]'s,The researcher noted that the elephant's,welfare,welfare_positive,0.00014501150872092694,-8.838696758604017
elephant,T2,2,P02,researcher_observation,The researcher noted that the [ENTITY]'s,The researcher noted that the elephant's,behaviour,neutral,0.021775303408503532,-3.8269788179478947
elephant,T2,2,P02,researcher_observation,The researcher noted that the [ENTITY]'s,The researcher noted that the elephant's,movements,neutral,0.009292559698224068,-4.678541220707404
elephant,T2,2,P02,researcher_observation,The researcher noted that the [ENTITY]'s,The researcher noted that the elephant's,health,welfare_positive,0.0011906822910532355,-6.733228698351499
elephant,T2,2,P03,moral_framing,Many people believe that the [ENTITY] can,Many people believe that the elephant can,suffer,welfare_negative,0.000672947964631021,-7.303842401236347
elephant,T2,2,P03,moral_framing,Many people believe that the [ENTITY] can,Many people believe that the elephant can,feel,welfare_negative,0.0059979199431836605,-5.116342529323756
elephant,T2,2,P03,moral_framing,Many people believe that the [ENTITY] can,Many people believe that the elephant can,experience,welfare_negative,0.00026977964444085956,-8.217904693210388
elephant,T2,2,P03,moral_framing,Many people believe that the [ENTITY] can,Many people believe that the elephant can,think,neutral,0.0017319106264039874,-6.358530013816972
elephant,T2,2,P03,moral_framing,Many people believe that the [ENTITY] can,Many people believe that the elephant can,move,neutral,0.019976124167442322,-3.9132175051868936
elephant,T2,2,P03,moral_framing,Many people believe that the [ENTITY] can,Many people believe that the elephant can,grow,neutral,0.003842411795631051,-5.561655011732794
elephant,T2,2,P04,care_intervention,It was important to ensure that the [ENTITY] did not,It was important to ensure that the elephant did not,suffer,welfare_negative,0.04110679030418396,-3.1915819544799033
elephant,T2,2,P04,care_intervention,It was important to ensure that the [ENTITY] did not,It was important to ensure that the elephant did not,die,welfare_negative,0.021661758422851562,-3.832206853130884
elephant,T2,2,P04,care_intervention,It was important to ensure that the [ENTITY] did not,It was important to ensure that the elephant did not,escape,neutral,0.039842069149017334,-3.222831908633163
elephant,T2,2,P04,care_intervention,It was important to ensure that the [ENTITY] did not,It was important to ensure that the elephant did not,move,neutral,0.02034933865070343,-3.894706861444396
elephant,T2,2,P05,emotional_attribution,The [ENTITY] seemed to,The elephant seemed to,suffer,welfare_negative,0.0008932548225857317,-7.020638550204703
elephant,T2,2,P05,emotional_attribution,The [ENTITY] seemed to,The elephant seemed to,fear,welfare_negative,0.0005767286056652665,-7.458138582848599
elephant,T2,2,P05,emotional_attribution,The [ENTITY] seemed to,The elephant seemed to,enjoy,welfare_positive,0.009754625149071217,-4.63001372193702
elephant,T2,2,P05,emotional_attribution,The [ENTITY] seemed to,The elephant seemed to,feel,welfare_negative,0.0151082593947649,-4.192513698295523
elephant,T2,2,P05,emotional_attribution,The [ENTITY] seemed to,The elephant seemed to,move,neutral,0.007025992963463068,-4.958138712405845
elephant,T2,2,P05,emotional_attribution,The [ENTITY] seemed to,The elephant seemed to,stop,neutral,0.0013943510130047798,-6.5753261238934435
elephant,T2,2,P06,policy_framing,The law should protect the [ENTITY] from,The law should protect the elephant from,suffering,welfare_negative,0.00624533137306571,-5.075921058660155
elephant,T2,2,P06,policy_framing,The law should protect the [ENTITY] from,The law should protect the elephant from,harm,welfare_negative,0.027555692940950394,-3.5915461207764925
elephant,T2,2,P06,policy_framing,The law should protect the [ENTITY] from,The law should protect the elephant from,pain,welfare_negative,0.0019498876063153148,-6.239983494569615
elephant,T2,2,P06,policy_framing,The law should protect the [ENTITY] from,The law should protect the elephant from,hunters,neutral,0.008404011838138103,-4.779046075469918
elephant,T2,2,P06,policy_framing,The law should protect the [ENTITY] from,The law should protect the elephant from,predators,neutral,0.005642186384648085,-5.177483614015551
elephant,T2,2,P07,consciousness_probe,Scientists are uncertain whether the [ENTITY] is,Scientists are uncertain whether the elephant is,conscious,welfare_negative,0.004421386867761612,-5.421301838504224
elephant,T2,2,P07,consciousness_probe,Scientists are uncertain whether the [ENTITY] is,Scientists are uncertain whether the elephant is,sentient,welfare_negative,2.9329203243833035e-05,-10.43692343100775
elephant,T2,2,P07,consciousness_probe,Scientists are uncertain whether the [ENTITY] is,Scientists are uncertain whether the elephant is,alive,neutral,0.04227795824408531,-3.163489408074967
elephant,T2,2,P07,consciousness_probe,Scientists are uncertain whether the [ENTITY] is,Scientists are uncertain whether the elephant is,dangerous,neutral,0.0007683218573220074,-7.171301697399739
elephant,T2,2,P07,consciousness_probe,Scientists are uncertain whether the [ENTITY] is,Scientists are uncertain whether the elephant is,edible,neutral,4.911717041977681e-05,-9.921299845299387
elephant,T2,2,P08,neutral_baseline,The [ENTITY] was located near the,The elephant was located near the,water,neutral,0.009672796353697777,-4.638437822730537
elephant,T2,2,P08,neutral_baseline,The [ENTITY] was located near the,The elephant was located near the,food,neutral,0.00019841364701278508,-8.525156076134943
elephant,T2,2,P08,neutral_baseline,The [ENTITY] was located near the,The elephant was located near the,ground,neutral,0.0006480369484052062,-7.341562689781515
elephant,T2,2,P08,neutral_baseline,The [ENTITY] was located near the,The elephant was located near the,wall,neutral,0.0010518678463995457,-6.857187698781869
elephant,T2,2,P08,neutral_baseline,The [ENTITY] was located near the,The elephant was located near the,door,neutral,0.0008788685081526637,-7.0368751502318405
fly,T5,5,P01,appearance_state,The [ENTITY] appeared to be,The fly appeared to be,suffering,welfare_negative,0.0027398287784308195,-5.899859813659874
fly,T5,5,P01,appearance_state,The [ENTITY] appeared to be,The fly appeared to be,distressed,welfare_negative,0.000539504224434495,-7.524859757664299
fly,T5,5,P01,appearance_state,The [ENTITY] appeared to be,The fly appeared to be,afraid,welfare_negative,0.00043350382475182414,-7.743609708147235
fly,T5,5,P01,appearance_state,The [ENTITY] appeared to be,The fly appeared to be,hurt,welfare_negative,0.0010158318327739835,-6.892047364007374
fly,T5,5,P01,appearance_state,The [ENTITY] appeared to be,The fly appeared to be,fine,welfare_positive,0.002167382976040244,-6.134234794921365
fly,T5,5,P01,appearance_state,The [ENTITY] appeared to be,The fly appeared to be,healthy,welfare_positive,0.001782840583473444,-6.329547297164897
fly,T5,5,P01,appearance_state,The [ENTITY] appeared to be,The fly appeared to be,unharmed,welfare_positive,0.004080962855368853,-5.501422299941287
fly,T5,5,P01,appearance_state,The [ENTITY] appeared to be,The fly appeared to be,calm,welfare_positive,0.0011421305825933814,-6.774859741201256
fly,T5,5,P02,researcher_observation,The researcher noted that the [ENTITY]'s,The researcher noted that the fly's,pain,welfare_negative,0.0001055564935086295,-9.156263317514606
fly,T5,5,P02,researcher_observation,The researcher noted that the [ENTITY]'s,The researcher noted that the fly's,suffering,welfare_negative,3.734443089342676e-05,-10.195324085663334
fly,T5,5,P02,researcher_observation,The researcher noted that the [ENTITY]'s,The researcher noted that the fly's,distress,welfare_negative,0.00010596962965792045,-9.152357073899775
fly,T5,5,P02,researcher_observation,The researcher noted that the [ENTITY]'s,The researcher noted that the fly's,welfare,welfare_positive,9.800588304642588e-05,-9.230482029663127
fly,T5,5,P02,researcher_observation,The researcher noted that the [ENTITY]'s,The researcher noted that the fly's,behaviour,neutral,0.014602292329072952,-4.226576746903591
fly,T5,5,P02,researcher_observation,The researcher noted that the [ENTITY]'s,The researcher noted that the fly's,movements,neutral,0.01027399580925703,-4.5781392451017275
fly,T5,5,P02,researcher_observation,The researcher noted that the [ENTITY]'s,The researcher noted that the fly's,health,welfare_positive,0.000661945843603462,-7.320326661549438
fly,T5,5,P03,moral_framing,Many people believe that the [ENTITY] can,Many people believe that the fly can,suffer,welfare_negative,0.0004646132292691618,-7.674305048265162
fly,T5,5,P03,moral_framing,Many people believe that the [ENTITY] can,Many people believe that the fly can,feel,welfare_negative,0.002396657597273588,-6.033680138369251
fly,T5,5,P03,moral_framing,Many people believe that the [ENTITY] can,Many people believe that the fly can,experience,welfare_negative,0.00020778790349140763,-8.478992211998333
fly,T5,5,P03,moral_framing,Many people believe that the [ENTITY] can,Many people believe that the fly can,think,neutral,0.0022339303977787495,-6.103992689929765
fly,T5,5,P03,moral_framing,Many people believe that the [ENTITY] can,Many people believe that the fly can,move,neutral,0.003626027377322316,-5.6196175888176505
fly,T5,5,P03,moral_framing,Many people believe that the [ENTITY] can,Many people believe that the fly can,grow,neutral,0.0011957368114963174,-6.728992621316739
fly,T5,5,P04,care_intervention,It was important to ensure that the [ENTITY] did not,It was important to ensure that the fly did not,suffer,welfare_negative,0.003933094907552004,-5.538328629314693
fly,T5,5,P04,care_intervention,It was important to ensure that the [ENTITY] did not,It was important to ensure that the fly did not,die,welfare_negative,0.007121914532035589,-4.9445786807140335
fly,T5,5,P04,care_intervention,It was important to ensure that the [ENTITY] did not,It was important to ensure that the fly did not,escape,neutral,0.05690035969018936,-2.8664536146679214
fly,T5,5,P04,care_intervention,It was important to ensure that the [ENTITY] did not,It was important to ensure that the fly did not,move,neutral,0.005950582679361105,-5.124266118109896
fly,T5,5,P05,emotional_attribution,The [ENTITY] seemed to,The fly seemed to,suffer,welfare_negative,0.0005191597156226635,-7.563298792290277
fly,T5,5,P05,emotional_attribution,The [ENTITY] seemed to,The fly seemed to,fear,welfare_negative,0.0002164179750252515,-8.438298488485357
fly,T5,5,P05,emotional_attribution,The [ENTITY] seemed to,The fly seemed to,enjoy,welfare_positive,0.00508200703188777,-5.282048990722739
fly,T5,5,P05,emotional_attribution,The [ENTITY] seemed to,The fly seemed to,feel,welfare_negative,0.007394277490675449,-4.907048876478945
fly,T5,5,P05,emotional_attribution,The [ENTITY] seemed to,The fly seemed to,move,neutral,0.007510719820857048,-4.891423956168429
fly,T5,5,P05,emotional_attribution,The [ENTITY] seemed to,The fly seemed to,stop,neutral,0.002168734557926655,-6.133611388448983
fly,T5,5,P06,policy_framing,The law should protect the [ENTITY] from,The law should protect the fly from,suffering,welfare_negative,0.002425770042464137,-6.021606220490686
fly,T5,5,P06,policy_framing,The law should protect the [ENTITY] from,The law should protect the fly from,harm,welfare_negative,0.017103344202041626,-4.068481261376663
fly,T5,5,P06,policy_framing,The law should protect the [ENTITY] from,The law should protect the fly from,pain,welfare_negative,0.002314685843884945,-6.068481262035571
fly,T5,5,P06,policy_framing,The law should protect the [ENTITY] from,The law should protect the fly from,hunters,neutral,0.0006580078043043613,-7.326293614090498
fly,T5,5,P06,policy_framing,The law should protect the [ENTITY] from,The law should protect the fly from,predators,neutral,0.011216646991670132,-4.490356256731601
fly,T5,5,P07,consciousness_probe,Scientists are uncertain whether the [ENTITY] is,Scientists are uncertain whether the fly is,conscious,welfare_negative,0.0017208787612617016,-6.3649201528055475
fly,T5,5,P07,consciousness_probe,Scientists are uncertain whether the [ENTITY] is,Scientists are uncertain whether the fly is,sentient,welfare_negative,0.00019459155737422407,-8.544607259767394
fly,T5,5,P07,consciousness_probe,Scientists are uncertain whether the [ENTITY] is,Scientists are uncertain whether the fly is,alive,neutral,0.03402889519929886,-3.3805452535499056
fly,T5,5,P07,consciousness_probe,Scientists are uncertain whether the [ENTITY] is,Scientists are uncertain whether the fly is,dangerous,neutral,0.003586619161069393,-5.630545230177917
fly,T5,5,P07,consciousness_probe,Scientists are uncertain whether the [ENTITY] is,Scientists are uncertain whether the fly is,edible,neutral,0.0012492239475250244,-6.6852326824003985
fly,T5,5,P08,neutral_baseline,The [ENTITY] was located near the,The fly was located near the,water,neutral,0.0063936649821698666,-5.052447609733593
fly,T5,5,P08,neutral_baseline,The [ENTITY] was located near the,The fly was located near the,food,neutral,0.0005414836923591793,-7.521197422979149
fly,T5,5,P08,neutral_baseline,The [ENTITY] was located near the,The fly was located near the,ground,neutral,0.00456934655085206,-5.388385049099078
fly,T5,5,P08,neutral_baseline,The [ENTITY] was located near the,The fly was located near the,wall,neutral,0.003422282636165619,-5.677447483849366
fly,T5,5,P08,neutral_baseline,The [ENTITY] was located near the,The fly was located near the,door,neutral,0.0012888433411717415,-6.654010019987583
frog,T3,3,P01,appearance_state,The [ENTITY] appeared to be,The frog appeared to be,suffering,welfare_negative,0.005854014307260513,-5.140627629618698
frog,T3,3,P01,appearance_state,The [ENTITY] appeared to be,The frog appeared to be,distressed,welfare_negative,0.0009408257901668549,-6.9687524618885535
frog,T3,3,P01,appearance_state,The [ENTITY] appeared to be,The frog appeared to be,afraid,welfare_negative,0.0022046419326215982,-6.117190126744726
frog,T3,3,P01,appearance_state,The [ENTITY] appeared to be,The frog appeared to be,hurt,welfare_negative,0.0008566315518692136,-7.062502542882874
frog,T3,3,P01,appearance_state,The [ENTITY] appeared to be,The frog appeared to be,fine,welfare_positive,0.0010495670139789581,-6.859377472221329
frog,T3,3,P01,appearance_state,The [ENTITY] appeared to be,The frog appeared to be,healthy,welfare_positive,0.0005236483993940055,-7.554689901415213
frog,T3,3,P01,appearance_state,The [ENTITY] appeared to be,The frog appeared to be,unharmed,welfare_positive,0.0024787457659840584,-6.000002545914187
frog,T3,3,P01,appearance_state,The [ENTITY] appeared to be,The frog appeared to be,calm,welfare_positive,0.0009335041977465153,-6.9765649910868115
frog,T3,3,P02,researcher_observation,The researcher noted that the [ENTITY]'s,The researcher noted that the frog's,pain,welfare_negative,0.0001809304376365617,-8.617397370320734
frog,T3,3,P02,researcher_observation,The researcher noted that the [ENTITY]'s,The researcher noted that the frog's,suffering,welfare_negative,4.3311800254741684e-05,-10.047083128042393
frog,T3,3,P02,researcher_observation,The researcher noted that the [ENTITY]'s,The researcher noted that the frog's,distress,welfare_negative,0.00022341927979141474,-8.406459925801547
frog,T3,3,P02,researcher_observation,The researcher noted that the [ENTITY]'s,The researcher noted that the frog's,welfare,welfare_positive,7.842753984732553e-05,-9.453334143665705
frog,T3,3,P02,researcher_observation,The researcher noted that the [ENTITY]'s,The researcher noted that the frog's,behaviour,neutral,0.009100470691919327,-4.699429131421811
frog,T3,3,P02,researcher_observation,The researcher noted that the [ENTITY]'s,The researcher noted that the frog's,movements,neutral,0.016608068719506264,-4.097866628250846
frog,T3,3,P02,researcher_observation,The researcher noted that the [ENTITY]'s,The researcher noted that the frog's,health,welfare_positive,0.0003875447728205472,-7.855678915048052
frog,T3,3,P03,moral_framing,Many people believe that the [ENTITY] can,Many people believe that the frog can,suffer,welfare_negative,0.0006514577544294298,-7.336297853546464
frog,T3,3,P03,moral_framing,Many people believe that the [ENTITY] can,Many people believe that the frog can,feel,welfare_negative,0.0036335396580398083,-5.617547965889614
frog,T3,3,P03,moral_framing,Many people believe that the [ENTITY] can,Many people believe that the frog can,experience,welfare_negative,0.0005275665316730738,-7.54723538462333
frog,T3,3,P03,moral_framing,Many people believe that the [ENTITY] can,Many people believe that the frog can,think,neutral,0.002169685671105981,-6.133172927857106
frog,T3,3,P03,moral_framing,Many people believe that the [ENTITY] can,Many people believe that the frog can,move,neutral,0.008648577146232128,-4.75036045177108
frog,T3,3,P03,moral_framing,Many people believe that the [ENTITY] can,Many people believe that the frog can,grow,neutral,0.004053506534546614,-5.508172936792665
frog,T3,3,P04,care_intervention,It was important to ensure that the [ENTITY] did not,It was important to ensure that the frog did not,suffer,welfare_negative,0.03179563581943512,-3.448426233851512
frog,T3,3,P04,care_intervention,It was important to ensure that the [ENTITY] did not,It was important to ensure that the frog did not,die,welfare_negative,0.030103502795100212,-3.5031137387458826
frog,T3,3,P04,care_intervention,It was important to ensure that the [ENTITY] did not,It was important to ensure that the frog did not,escape,neutral,0.0673113614320755,-2.698426237381068
frog,T3,3,P04,care_intervention,It was important to ensure that the [ENTITY] did not,It was important to ensure that the frog did not,move,neutral,0.016113243997097015,-4.128113730427253
frog,T3,3,P05,emotional_attribution,The [ENTITY] seemed to,The frog seemed to,suffer,welfare_negative,0.0007434297003783286,-7.204236214304719
frog,T3,3,P05,emotional_attribution,The [ENTITY] seemed to,The frog seemed to,fear,welfare_negative,0.00043026413186453283,-7.751111045291785
frog,T3,3,P05,emotional_attribution,The [ENTITY] seemed to,The frog seemed to,enjoy,welfare_positive,0.005408078897744417,-5.21986133277708
frog,T3,3,P05,emotional_attribution,The [ENTITY] seemed to,The frog seemed to,feel,welfare_negative,0.013280960731208324,-4.321423785803496
frog,T3,3,P05,emotional_attribution,The [ENTITY] seemed to,The frog seemed to,move,neutral,0.0052828011102974415,-5.243298789693144
frog,T3,3,P05,emotional_attribution,The [ENTITY] seemed to,The frog seemed to,stop,neutral,0.0015254187164828181,-6.485486272868485
frog,T3,3,P06,policy_framing,The law should protect the [ENTITY] from,The law should protect the frog from,suffering,welfare_negative,0.0013619749806821346,-6.598819367543973
frog,T3,3,P06,policy_framing,The law should protect the [ENTITY] from,The law should protect the frog from,harm,welfare_negative,0.0053867157548666,-5.223819383126229
frog,T3,3,P06,policy_framing,The law should protect the [ENTITY] from,The law should protect the frog from,pain,welfare_negative,0.0036734207533299923,-5.606631938438892
frog,T3,3,P06,policy_framing,The law should protect the [ENTITY] from,The law should protect the frog from,hunters,neutral,0.00047437759349122643,-7.653506731851629
frog,T3,3,P06,policy_framing,The law should protect the [ENTITY] from,The law should protect the frog from,predators,neutral,0.004162531346082687,-5.481631869089651
frog,T3,3,P07,consciousness_probe,Scientists are uncertain whether the [ENTITY] is,Scientists are uncertain whether the frog is,conscious,welfare_negative,0.0023954925127327442,-6.03416638545602
frog,T3,3,P07,consciousness_probe,Scientists are uncertain whether the [ENTITY] is,Scientists are uncertain whether the frog is,sentient,welfare_negative,3.73819493688643e-05,-10.19431993216244
frog,T3,3,P07,consciousness_probe,Scientists are uncertain whether the [ENTITY] is,Scientists are uncertain whether the frog is,alive,neutral,0.039578117430210114,-3.2294789010754665
frog,T3,3,P07,consciousness_probe,Scientists are uncertain whether the [ENTITY] is,Scientists are uncertain whether the frog is,dangerous,neutral,0.0009528611553832889,-6.956041252124776
frog,T3,3,P07,consciousness_probe,Scientists are uncertain whether the [ENTITY] is,Scientists are uncertain whether the frog is,edible,neutral,0.0003532873233780265,-7.9482286018041775
frog,T3,3,P08,neutral_baseline,The [ENTITY] was located near the,The frog was located near the,water,neutral,0.01769045926630497,-4.034729803578066
frog,T3,3,P08,neutral_baseline,The [ENTITY] was located near the,The frog was located near the,food,neutral,0.00015365149010904133,-8.780822920537709
frog,T3,3,P08,neutral_baseline,The [ENTITY] was located near the,The frog was located near the,ground,neutral,0.0016713814111426473,-6.394104742356741
frog,T3,3,P08,neutral_baseline,The [ENTITY] was located near the,The frog was located near the,wall,neutral,0.003855836344882846,-5.558167318879561
frog,T3,3,P08,neutral_baseline,The [ENTITY] was located near the,The frog was located near the,door,neutral,0.0022845075000077486,-6.081604770195745
gecko,T3,3,P01,appearance_state,The [ENTITY] appeared to be,The gecko appeared to be,suffering,welfare_negative,0.006067297887057066,-5.104841915181144
gecko,T3,3,P01,appearance_state,The [ENTITY] appeared to be,The gecko appeared to be,distressed,welfare_negative,0.0006649628048762679,-7.315779301005252
gecko,T3,3,P01,appearance_state,The [ENTITY] appeared to be,The gecko appeared to be,afraid,welfare_negative,0.0011311398120597005,-6.784529382991922
gecko,T3,3,P01,appearance_state,The [ENTITY] appeared to be,The gecko appeared to be,hurt,welfare_negative,0.0010626075090840459,-6.847029383156162
gecko,T3,3,P01,appearance_state,The [ENTITY] appeared to be,The gecko appeared to be,fine,welfare_positive,0.002016474725678563,-6.206404427895126
gecko,T3,3,P01,appearance_state,The [ENTITY] appeared to be,The gecko appeared to be,healthy,welfare_positive,0.0010060565546154976,-6.90171689217511
gecko,T3,3,P01,appearance_state,The [ENTITY] appeared to be,The gecko appeared to be,unharmed,welfare_positive,0.0035947549622505903,-5.62827942302302
gecko,T3,3,P01,appearance_state,The [ENTITY] appeared to be,The gecko appeared to be,calm,welfare_positive,0.00140772620216012,-6.565779427812387
gecko,T3,3,P02,researcher_observation,The researcher noted that the [ENTITY]'s,The researcher noted that the gecko's,pain,welfare_negative,0.00022760563297197223,-8.387895667224532
gecko,T3,3,P02,researcher_observation,The researcher noted that the [ENTITY]'s,The researcher noted that the gecko's,suffering,welfare_negative,1.5308309230022132e-05,-11.087108257675952
gecko,T3,3,P02,researcher_observation,The researcher noted that the [ENTITY]'s,The researcher noted that the gecko's,distress,welfare_negative,7.418193854391575e-05,-9.508988505235457
gecko,T3,3,P02,researcher_observation,The researcher noted that the [ENTITY]'s,The researcher noted that the gecko's,welfare,welfare_positive,2.3617536498932168e-05,-10.653516815752461
gecko,T3,3,P02,researcher_observation,The researcher noted that the [ENTITY]'s,The researcher noted that the gecko's,behaviour,neutral,0.0054288869723677635,-5.216021125091563
gecko,T3,3,P02,researcher_observation,The researcher noted that the [ENTITY]'s,The researcher noted that the gecko's,movements,neutral,0.008342990651726723,-4.7863335235697395
gecko,T3,3,P02,researcher_observation,The researcher noted that the [ENTITY]'s,The researcher noted that the gecko's,health,welfare_positive,0.00017656837007962167,-8.64180182435482
gecko,T3,3,P03,moral_framing,Many people believe that the [ENTITY] can,Many people believe that the gecko can,suffer,welfare_negative,0.00021421797282528132,-8.448516029909124
gecko,T3,3,P03,moral_framing,Many people believe that the [ENTITY] can,Many people believe that the gecko can,feel,welfare_negative,0.005655770190060139,-5.175078964709763
gecko,T3,3,P03,moral_framing,Many people believe that the [ENTITY] can,Many people believe that the gecko can,experience,welfare_negative,8.32361401990056e-05,-9.393827725659271
gecko,T3,3,P03,moral_framing,Many people believe that the [ENTITY] can,Many people believe that the gecko can,think,neutral,0.0007023937068879604,-7.261016332755187
gecko,T3,3,P03,moral_framing,Many people believe that the [ENTITY] can,Many people believe that the gecko can,move,neutral,0.01490097027271986,-4.2063289424654124
gecko,T3,3,P03,moral_framing,Many people believe that the [ENTITY] can,Many people believe that the gecko can,grow,neutral,0.00450917286798358,-5.401641519670472
gecko,T3,3,P04,care_intervention,It was important to ensure that the [ENTITY] did not,It was important to ensure that the gecko did not,suffer,welfare_negative,0.0184647124260664,-3.991893799384429
gecko,T3,3,P04,care_intervention,It was important to ensure that the [ENTITY] did not,It was important to ensure that the gecko did not,die,welfare_negative,0.008257929235696793,-4.796581408627169
gecko,T3,3,P04,care_intervention,It was important to ensure that the [ENTITY] did not,It was important to ensure that the gecko did not,escape,neutral,0.04605903849005699,-3.0778312577979543
gecko,T3,3,P04,care_intervention,It was important to ensure that the [ENTITY] did not,It was important to ensure that the gecko did not,move,neutral,0.017211005091667175,-4.062206263046138
gecko,T3,3,P05,emotional_attribution,The [ENTITY] seemed to,The gecko seemed to,suffer,welfare_negative,0.0006941821775399148,-7.2727759841913135
gecko,T3,3,P05,emotional_attribution,The [ENTITY] seemed to,The gecko seemed to,fear,welfare_negative,0.000627141329459846,-7.374338477440679
gecko,T3,3,P05,emotional_attribution,The [ENTITY] seemed to,The gecko seemed to,enjoy,welfare_positive,0.010858836583793163,-4.522776089570098
gecko,T3,3,P05,emotional_attribution,The [ENTITY] seemed to,The gecko seemed to,feel,welfare_negative,0.010280940681695938,-4.57746350741325
gecko,T3,3,P05,emotional_attribution,The [ENTITY] seemed to,The gecko seemed to,move,neutral,0.006689935456961393,-5.007151037629592
gecko,T3,3,P05,emotional_attribution,The [ENTITY] seemed to,The gecko seemed to,stop,neutral,0.0013485659146681428,-6.608713462435027
gecko,T3,3,P06,policy_framing,The law should protect the [ENTITY] from,The law should protect the gecko from,suffering,welfare_negative,0.0027242565993219614,-5.905559658966699
gecko,T3,3,P06,policy_framing,The law should protect the [ENTITY] from,The law should protect the gecko from,harm,welfare_negative,0.010281235910952091,-4.577434791654296
gecko,T3,3,P06,policy_framing,The law should protect the [ENTITY] from,The law should protect the gecko from,pain,welfare_negative,0.001369842211715877,-6.593059646704041
gecko,T3,3,P06,policy_framing,The law should protect the [ENTITY] from,The law should protect the gecko from,hunters,neutral,0.0015162770869210362,-6.491497167498395
gecko,T3,3,P06,policy_framing,The law should protect the [ENTITY] from,The law should protect the gecko from,predators,neutral,0.024856841191649437,-3.6946222608416517
gecko,T3,3,P07,consciousness_probe,Scientists are uncertain whether the [ENTITY] is,Scientists are uncertain whether the gecko is,conscious,welfare_negative,0.0005818846402689815,-7.449238170620446
gecko,T3,3,P07,consciousness_probe,Scientists are uncertain whether the [ENTITY] is,Scientists are uncertain whether the gecko is,sentient,welfare_negative,5.3702508012065664e-05,-9.832048991296068
gecko,T3,3,P07,consciousness_probe,Scientists are uncertain whether the [ENTITY] is,Scientists are uncertain whether the gecko is,alive,neutral,0.010395047254860401,-4.566425802140412
gecko,T3,3,P07,consciousness_probe,Scientists are uncertain whether the [ENTITY] is,Scientists are uncertain whether the gecko is,dangerous,neutral,0.002864136593416333,-5.855488302874528
gecko,T3,3,P07,consciousness_probe,Scientists are uncertain whether the [ENTITY] is,Scientists are uncertain whether the gecko is,edible,neutral,0.0005298120086081326,-7.54298812633249
gecko,T3,3,P08,neutral_baseline,The [ENTITY] was located near the,The gecko was located near the,water,neutral,0.009403930976986885,-4.666627477447837
gecko,T3,3,P08,neutral_baseline,The [ENTITY] was located near the,The gecko was located near the,food,neutral,0.0001279971475014463,-8.96350179817082
gecko,T3,3,P08,neutral_baseline,The [ENTITY] was located near the,The gecko was located near the,ground,neutral,0.0008026714785955846,-7.1275649207096246
gecko,T3,3,P08,neutral_baseline,The [ENTITY] was located near the,The gecko was located near the,wall,neutral,0.0013442218769341707,-6.61193988910947
gecko,T3,3,P08,neutral_baseline,The [ENTITY] was located near the,The gecko was located near the,door,neutral,0.0006324899732135236,-7.3658460320098325
horse,T2,2,P01,appearance_state,The [ENTITY] appeared to be,The horse appeared to be,suffering,welfare_negative,0.0072699543088674545,-4.924005258588773
horse,T2,2,P01,appearance_state,The [ENTITY] appeared to be,The horse appeared to be,distressed,welfare_negative,0.0016348686767742038,-6.416192736707533
horse,T2,2,P01,appearance_state,The [ENTITY] appeared to be,The horse appeared to be,afraid,welfare_negative,0.0020030830055475235,-6.21306773262121
horse,T2,2,P01,appearance_state,The [ENTITY] appeared to be,The horse appeared to be,hurt,welfare_negative,0.002182836178690195,-6.127130202536421
horse,T2,2,P01,appearance_state,The [ENTITY] appeared to be,The horse appeared to be,fine,welfare_positive,0.0028469550888985395,-5.861505210571773
horse,T2,2,P01,appearance_state,The [ENTITY] appeared to be,The horse appeared to be,healthy,welfare_positive,0.0018238277407363057,-6.306817777345831
horse,T2,2,P01,appearance_state,The [ENTITY] appeared to be,The horse appeared to be,unharmed,welfare_positive,0.007984482683241367,-4.830255272958285
horse,T2,2,P01,appearance_state,The [ENTITY] appeared to be,The horse appeared to be,calm,welfare_positive,0.004307304974645376,-5.447442843135072
horse,T2,2,P02,researcher_observation,The researcher noted that the [ENTITY]'s,The researcher noted that the horse's,pain,welfare_negative,0.0014172099763527513,-6.559065074955367
horse,T2,2,P02,researcher_observation,The researcher noted that the [ENTITY]'s,The researcher noted that the horse's,suffering,welfare_negative,0.00028345981263555586,-8.168439846432873
horse,T2,2,P02,researcher_observation,The researcher noted that the [ENTITY]'s,The researcher noted that the horse's,distress,welfare_negative,0.0004076266195625067,-7.805158705372412
horse,T2,2,P02,researcher_observation,The researcher noted that the [ENTITY]'s,The researcher noted that the horse's,welfare,welfare_positive,0.0007295170798897743,-7.223127640052863
horse,T2,2,P02,researcher_observation,The researcher noted that the [ENTITY]'s,The researcher noted that the horse's,behaviour,neutral,0.019563980400562286,-3.9340651330054675
horse,T2,2,P02,researcher_observation,The researcher noted that the [ENTITY]'s,The researcher noted that the horse's,movements,neutral,0.008283909410238266,-4.793440258946623
horse,T2,2,P02,researcher_observation,The researcher noted that the [ENTITY]'s,The researcher noted that the horse's,health,welfare_positive,0.0020945004653185606,-6.168440147671009
horse,T2,2,P03,moral_framing,Many people believe that the [ENTITY] can,Many people believe that the horse can,suffer,welfare_negative,0.0019939166959375143,-6.217654335525976
horse,T2,2,P03,moral_framing,Many people believe that the [ENTITY] can,Many people believe that the horse can,feel,welfare_negative,0.006436442490667105,-5.0457792842445155
horse,T2,2,P03,moral_framing,Many people believe that the [ENTITY] can,Many people believe that the horse can,experience,welfare_negative,0.00032045156694948673,-8.045779098125596
horse,T2,2,P03,moral_framing,Many people believe that the [ENTITY] can,Many people believe that the horse can,think,neutral,0.0034183687530457973,-5.678591785235238
horse,T2,2,P03,moral_framing,Many people believe that the [ENTITY] can,Many people believe that the horse can,move,neutral,0.004493360873311758,-5.4051543108544955
horse,T2,2,P03,moral_framing,Many people believe that the [ENTITY] can,Many people believe that the horse can,grow,neutral,0.0018013536464422941,-6.319216815394652
horse,T2,2,P04,care_intervention,It was important to ensure that the [ENTITY] did not,It was important to ensure that the horse did not,suffer,welfare_negative,0.07507797330617905,-2.589228060087122
horse,T2,2,P04,care_intervention,It was important to ensure that the [ENTITY] did not,It was important to ensure that the horse did not,die,welfare_negative,0.008357962593436241,-4.784540578541843
horse,T2,2,P04,care_intervention,It was important to ensure that the [ENTITY] did not,It was important to ensure that the horse did not,escape,neutral,0.007492029573768377,-4.893915533680913
horse,T2,2,P04,care_intervention,It was important to ensure that the [ENTITY] did not,It was important to ensure that the horse did not,move,neutral,0.009545093402266502,-4.651728025910394
horse,T2,2,P05,emotional_attribution,The [ENTITY] seemed to,The horse seemed to,suffer,welfare_negative,0.000654131465125829,-7.33220205682186
horse,T2,2,P05,emotional_attribution,The [ENTITY] seemed to,The horse seemed to,fear,welfare_negative,0.00030658525065518916,-8.09001437265766
horse,T2,2,P05,emotional_attribution,The [ENTITY] seemed to,The horse seemed to,enjoy,welfare_positive,0.00596846966072917,-5.1212647059194945
horse,T2,2,P05,emotional_attribution,The [ENTITY] seemed to,The horse seemed to,feel,welfare_negative,0.015724822878837585,-4.152514733766623
horse,T2,2,P05,emotional_attribution,The [ENTITY] seemed to,The horse seemed to,move,neutral,0.011326165869832039,-4.480639657519025
horse,T2,2,P05,emotional_attribution,The [ENTITY] seemed to,The horse seemed to,stop,neutral,0.002161636482924223,-6.136889666898855
horse,T2,2,P06,policy_framing,The law should protect the [ENTITY] from,The law should protect the horse from,suffering,welfare_negative,0.007354362402111292,-4.9124616041290095
horse,T2,2,P06,policy_framing,The law should protect the [ENTITY] from,The law should protect the horse from,harm,welfare_negative,0.010290602222084999,-4.57652419614713
horse,T2,2,P06,policy_framing,The law should protect the [ENTITY] from,The law should protect the horse from,pain,welfare_negative,0.0050545744597911835,-5.287461592308481
horse,T2,2,P06,policy_framing,The law should protect the [ENTITY] from,The law should protect the horse from,hunters,neutral,0.0005327481776475906,-7.537461519937577
horse,T2,2,P06,policy_framing,The law should protect the [ENTITY] from,The law should protect the horse from,predators,neutral,0.0034739545080810785,-5.6624616774313505
horse,T2,2,P07,consciousness_probe,Scientists are uncertain whether the [ENTITY] is,Scientists are uncertain whether the horse is,conscious,welfare_negative,0.007853287272155285,-4.846823061326013
horse,T2,2,P07,consciousness_probe,Scientists are uncertain whether the [ENTITY] is,Scientists are uncertain whether the horse is,sentient,welfare_negative,6.357887468766421e-05,-9.663227728945964
horse,T2,2,P07,consciousness_probe,Scientists are uncertain whether the [ENTITY] is,Scientists are uncertain whether the horse is,alive,neutral,0.0431230328977108,-3.1436980163181416
horse,T2,2,P07,consciousness_probe,Scientists are uncertain whether the [ENTITY] is,Scientists are uncertain whether the horse is,dangerous,neutral,0.0010711627546697855,-6.839010440561044
horse,T2,2,P07,consciousness_probe,Scientists are uncertain whether the [ENTITY] is,Scientists are uncertain whether the horse is,edible,neutral,0.0001249686029041186,-8.98744722877852
horse,T2,2,P08,neutral_baseline,The [ENTITY] was located near the,The horse was located near the,water,neutral,0.007163831032812595,-4.938710366695687
horse,T2,2,P08,neutral_baseline,The [ENTITY] was located near the,The horse was located near the,food,neutral,0.00012569161481224,-8.98167835693307
horse,T2,2,P08,neutral_baseline,The [ENTITY] was located near the,The horse was located near the,ground,neutral,0.0005655155400745571,-7.477772605717946
horse,T2,2,P08,neutral_baseline,The [ENTITY] was located near the,The horse was located near the,wall,neutral,0.0013148629805073142,-6.634022740060621
horse,T2,2,P08,neutral_baseline,The [ENTITY] was located near the,The horse was located near the,door,neutral,0.0015860275598242879,-6.446522715931462
infant,T1,1,P01,appearance_state,The [ENTITY] appeared to be,The infant appeared to be,suffering,welfare_negative,0.024265728890895844,-3.7186902536792306
infant,T1,1,P01,appearance_state,The [ENTITY] appeared to be,The infant appeared to be,distressed,welfare_negative,0.0039304448291659355,-5.539002645980907
infant,T1,1,P01,appearance_state,The [ENTITY] appeared to be,The infant appeared to be,afraid,welfare_negative,0.00028920412296429276,-8.148377465558431
infant,T1,1,P01,appearance_state,The [ENTITY] appeared to be,The infant appeared to be,hurt,welfare_negative,7.968411955516785e-05,-9.437438989825408
infant,T1,1,P01,appearance_state,The [ENTITY] appeared to be,The infant appeared to be,fine,welfare_positive,0.02043379284441471,-3.890565231759677
infant,T1,1,P01,appearance_state,The [ENTITY] appeared to be,The infant appeared to be,healthy,welfare_positive,0.021082431077957153,-3.8593152309364513
infant,T1,1,P01,appearance_state,The [ENTITY] appeared to be,The infant appeared to be,unharmed,welfare_positive,0.008128001354634762,-4.812440209180136
infant,T1,1,P01,appearance_state,The [ENTITY] appeared to be,The infant appeared to be,calm,welfare_positive,0.002990124514326453,-5.812440215415747
infant,T1,1,P02,researcher_observation,The researcher noted that the [ENTITY]'s,The researcher noted that the infant's,pain,welfare_negative,0.001440431922674179,-6.542812194643995
infant,T1,1,P02,researcher_observation,The researcher noted that the [ENTITY]'s,The researcher noted that the infant's,suffering,welfare_negative,0.0001904254750115797,-8.566249122087664
infant,T1,1,P02,researcher_observation,The researcher noted that the [ENTITY]'s,The researcher noted that the infant's,distress,welfare_negative,0.002649360103532672,-5.933437100762736
infant,T1,1,P02,researcher_observation,The researcher noted that the [ENTITY]'s,The researcher noted that the infant's,welfare,welfare_positive,0.000129352614749223,-8.95296766192802
infant,T1,1,P02,researcher_observation,The researcher noted that the [ENTITY]'s,The researcher noted that the infant's,behaviour,neutral,0.007666177116334438,-4.870937195106725
infant,T1,1,P02,researcher_observation,The researcher noted that the [ENTITY]'s,The researcher noted that the infant's,movements,neutral,0.006608658004552126,-5.019374655629184
infant,T1,1,P02,researcher_observation,The researcher noted that the [ENTITY]'s,The researcher noted that the infant's,health,welfare_positive,0.002547864569351077,-5.972499655182316
infant,T1,1,P03,moral_framing,Many people believe that the [ENTITY] can,Many people believe that the infant can,suffer,welfare_negative,0.001974399434402585,-6.2274909600704005
infant,T1,1,P03,moral_framing,Many people believe that the [ENTITY] can,Many people believe that the infant can,feel,welfare_negative,0.009567665867507458,-4.649365993805994
infant,T1,1,P03,moral_framing,Many people believe that the [ENTITY] can,Many people believe that the infant can,experience,welfare_negative,0.003306496888399124,-5.711865961662274
infant,T1,1,P03,moral_framing,Many people believe that the [ENTITY] can,Many people believe that the infant can,think,neutral,0.004699479788541794,-5.360303438402001
infant,T1,1,P03,moral_framing,Many people believe that the [ENTITY] can,Many people believe that the infant can,move,neutral,0.002476451685652137,-6.000928474870852
infant,T1,1,P03,moral_framing,Many people believe that the [ENTITY] can,Many people believe that the infant can,grow,neutral,0.005940698552876711,-5.1259285341946645
infant,T1,1,P04,care_intervention,It was important to ensure that the [ENTITY] did not,It was important to ensure that the infant did not,suffer,welfare_negative,0.054262425750494,-2.9139232648536684
infant,T1,1,P04,care_intervention,It was important to ensure that the [ENTITY] did not,It was important to ensure that the infant did not,die,welfare_negative,0.015546445734798908,-4.163923230160079
infant,T1,1,P04,care_intervention,It was important to ensure that the [ENTITY] did not,It was important to ensure that the infant did not,escape,neutral,0.0008770704152993858,-7.0389231636939815
infant,T1,1,P04,care_intervention,It was important to ensure that the [ENTITY] did not,It was important to ensure that the infant did not,move,neutral,0.00858556292951107,-4.757673203846523
infant,T1,1,P05,emotional_attribution,The [ENTITY] seemed to,The infant seemed to,suffer,welfare_negative,0.0020697719883173704,-6.180316780028698
infant,T1,1,P05,emotional_attribution,The [ENTITY] seemed to,The infant seemed to,fear,welfare_negative,0.0007379999151453376,-7.211566712841664
infant,T1,1,P05,emotional_attribution,The [ENTITY] seemed to,The infant seemed to,enjoy,welfare_positive,0.012580222450196743,-4.375629337071669
infant,T1,1,P05,emotional_attribution,The [ENTITY] seemed to,The infant seemed to,feel,welfare_negative,0.014144324697554111,-4.258441809722532
infant,T1,1,P05,emotional_attribution,The [ENTITY] seemed to,The infant seemed to,move,neutral,0.0020376830361783504,-6.195941834101552
infant,T1,1,P05,emotional_attribution,The [ENTITY] seemed to,The infant seemed to,stop,neutral,0.0007555011543445289,-7.188129115968902
infant,T1,1,P06,policy_framing,The law should protect the [ENTITY] from,The law should protect the infant from,suffering,welfare_negative,0.01202999148517847,-4.420352448482205
infant,T1,1,P06,policy_framing,The law should protect the [ENTITY] from,The law should protect the infant from,harm,welfare_negative,0.031943388283252716,-3.4437900559342935
infant,T1,1,P06,policy_framing,The law should protect the [ENTITY] from,The law should protect the infant from,pain,welfare_negative,0.005296733230352402,-5.240665001211209
infant,T1,1,P06,policy_framing,The law should protect the [ENTITY] from,The law should protect the infant from,hunters,neutral,4.57294800071395e-06,-12.295330616795455
infant,T1,1,P06,policy_framing,The law should protect the [ENTITY] from,The law should protect the infant from,predators,neutral,0.0008991123759187758,-7.014102419061837
infant,T1,1,P07,consciousness_probe,Scientists are uncertain whether the [ENTITY] is,Scientists are uncertain whether the infant is,conscious,welfare_negative,0.003736688755452633,-5.589555392460892
infant,T1,1,P07,consciousness_probe,Scientists are uncertain whether the [ENTITY] is,Scientists are uncertain whether the infant is,sentient,welfare_negative,3.75019371858798e-05,-10.191115301506661
infant,T1,1,P07,consciousness_probe,Scientists are uncertain whether the [ENTITY] is,Scientists are uncertain whether the infant is,alive,neutral,0.11092173308134079,-2.198930432848696
infant,T1,1,P07,consciousness_probe,Scientists are uncertain whether the [ENTITY] is,Scientists are uncertain whether the infant is,dangerous,neutral,0.00011372322478564456,-9.081742035013319
infant,T1,1,P07,consciousness_probe,Scientists are uncertain whether the [ENTITY] is,Scientists are uncertain whether the infant is,edible,neutral,1.5817411622265354e-05,-11.054392901153058
infant,T1,1,P08,neutral_baseline,The [ENTITY] was located near the,The infant was located near the,water,neutral,0.0077698733657598495,-4.857501399708175
infant,T1,1,P08,neutral_baseline,The [ENTITY] was located near the,The infant was located near the,food,neutral,0.00027862985734827816,-8.185625974228891
infant,T1,1,P08,neutral_baseline,The [ENTITY] was located near the,The infant was located near the,ground,neutral,0.0021076349075883627,-6.162188809599904
infant,T1,1,P08,neutral_baseline,The [ENTITY] was located near the,The infant was located near the,wall,neutral,0.0013086601393297315,-6.638751383170954
infant,T1,1,P08,neutral_baseline,The [ENTITY] was located near the,The infant was located near the,door,neutral,0.002995552960783243,-5.810626403099182
lobster,T4,4,P01,appearance_state,The [ENTITY] appeared to be,The lobster appeared to be,suffering,welfare_negative,0.004841977264732122,-5.330432095253711
lobster,T4,4,P01,appearance_state,The [ENTITY] appeared to be,The lobster appeared to be,distressed,welfare_negative,0.0007966304547153413,-7.1351195315434035
lobster,T4,4,P01,appearance_state,The [ENTITY] appeared to be,The lobster appeared to be,afraid,welfare_negative,0.0010803911136463284,-6.830432068579504
lobster,T4,4,P01,appearance_state,The [ENTITY] appeared to be,The lobster appeared to be,hurt,welfare_negative,0.0003852253139484674,-7.861681904234102
lobster,T4,4,P01,appearance_state,The [ENTITY] appeared to be,The lobster appeared to be,fine,welfare_positive,0.0028687764424830675,-5.853869631916542
lobster,T4,4,P01,appearance_state,The [ENTITY] appeared to be,The lobster appeared to be,healthy,welfare_positive,0.002612050622701645,-5.947619648651736
lobster,T4,4,P01,appearance_state,The [ENTITY] appeared to be,The lobster appeared to be,unharmed,welfare_positive,0.0037124725058674812,-5.596057153771457
lobster,T4,4,P01,appearance_state,The [ENTITY] appeared to be,The lobster appeared to be,calm,welfare_positive,0.0019260053522884846,-6.2523071347231465
lobster,T4,4,P02,researcher_observation,The researcher noted that the [ENTITY]'s,The researcher noted that the lobster's,pain,welfare_negative,0.00021333045151550323,-8.452667710134763
lobster,T4,4,P02,researcher_observation,The researcher noted that the [ENTITY]'s,The researcher noted that the lobster's,suffering,welfare_negative,9.50353205553256e-05,-9.261260887903463
lobster,T4,4,P02,researcher_observation,The researcher noted that the [ENTITY]'s,The researcher noted that the lobster's,distress,welfare_negative,0.00011110754712717608,-9.10501103265975
lobster,T4,4,P02,researcher_observation,The researcher noted that the [ENTITY]'s,The researcher noted that the lobster's,welfare,welfare_positive,0.00012013591185677797,-9.02688602489167
lobster,T4,4,P02,researcher_observation,The researcher noted that the [ENTITY]'s,The researcher noted that the lobster's,behaviour,neutral,0.007758873514831066,-4.858918108050642
lobster,T4,4,P02,researcher_observation,The researcher noted that the [ENTITY]'s,The researcher noted that the lobster's,movements,neutral,0.00806795246899128,-4.819855537812847
lobster,T4,4,P02,researcher_observation,The researcher noted that the [ENTITY]'s,The researcher noted that the lobster's,health,welfare_positive,0.0005405190750025213,-7.522980445098889
lobster,T4,4,P03,moral_framing,Many people believe that the [ENTITY] can,Many people believe that the lobster can,suffer,welfare_negative,0.0007281542057171464,-7.224997573824923
lobster,T4,4,P03,moral_framing,Many people believe that the [ENTITY] can,Many people believe that the lobster can,feel,welfare_negative,0.0036978719290345907,-5.5999977520690445
lobster,T4,4,P03,moral_framing,Many people believe that the [ENTITY] can,Many people believe that the lobster can,experience,welfare_negative,0.0002657883451320231,-8.232809884669106
lobster,T4,4,P03,moral_framing,Many people believe that the [ENTITY] can,Many people believe that the lobster can,think,neutral,0.002173866843804717,-6.131247695557818
lobster,T4,4,P03,moral_framing,Many people believe that the [ENTITY] can,Many people believe that the lobster can,move,neutral,0.001653790706768632,-6.404685167544826
lobster,T4,4,P03,moral_framing,Many people believe that the [ENTITY] can,Many people believe that the lobster can,grow,neutral,0.00951690785586834,-4.654685277487682
lobster,T4,4,P04,care_intervention,It was important to ensure that the [ENTITY] did not,It was important to ensure that the lobster did not,suffer,welfare_negative,0.03708158805966377,-3.2946347085742937
lobster,T4,4,P04,care_intervention,It was important to ensure that the [ENTITY] did not,It was important to ensure that the lobster did not,die,welfare_negative,0.02609015628695488,-3.6461971857175097
lobster,T4,4,P04,care_intervention,It was important to ensure that the [ENTITY] did not,It was important to ensure that the lobster did not,escape,neutral,0.04761369898915291,-3.0446347631594777
lobster,T4,4,P04,care_intervention,It was important to ensure that the [ENTITY] did not,It was important to ensure that the lobster did not,move,neutral,0.007772723212838173,-4.857134685297339
lobster,T4,4,P05,emotional_attribution,The [ENTITY] seemed to,The lobster seemed to,suffer,welfare_negative,0.0006988985696807504,-7.266004790930205
lobster,T4,4,P05,emotional_attribution,The [ENTITY] seemed to,The lobster seemed to,fear,welfare_negative,0.00027369262534193695,-8.20350452121885
lobster,T4,4,P05,emotional_attribution,The [ENTITY] seemed to,The lobster seemed to,enjoy,welfare_positive,0.011368119157850742,-4.476942397579913
lobster,T4,4,P05,emotional_attribution,The [ENTITY] seemed to,The lobster seemed to,feel,welfare_negative,0.010513790883123875,-4.555067456645159
lobster,T4,4,P05,emotional_attribution,The [ENTITY] seemed to,The lobster seemed to,move,neutral,0.00558383297175169,-5.187879807996177
lobster,T4,4,P05,emotional_attribution,The [ENTITY] seemed to,The lobster seemed to,stop,neutral,0.0010909652337431908,-6.82069234739021
lobster,T4,4,P06,policy_framing,The law should protect the [ENTITY] from,The law should protect the lobster from,suffering,welfare_negative,0.0008808674174360931,-7.0346033208204926
lobster,T4,4,P06,policy_framing,The law should protect the [ENTITY] from,The law should protect the lobster from,harm,welfare_negative,0.00822786707431078,-4.800228450453622
lobster,T4,4,P06,policy_framing,The law should protect the [ENTITY] from,The law should protect the lobster from,pain,welfare_negative,0.0003190290299244225,-8.050228142971017
lobster,T4,4,P06,policy_framing,The law should protect the [ENTITY] from,The law should protect the lobster from,hunters,neutral,0.0010542601812630892,-6.854915913179239
lobster,T4,4,P06,policy_framing,The law should protect the [ENTITY] from,The law should protect the lobster from,predators,neutral,0.013459892943501472,-4.30804090104516
lobster,T4,4,P07,consciousness_probe,Scientists are uncertain whether the [ENTITY] is,Scientists are uncertain whether the lobster is,conscious,welfare_negative,0.0012303796829655766,-6.700432390617739
lobster,T4,4,P07,consciousness_probe,Scientists are uncertain whether the [ENTITY] is,Scientists are uncertain whether the lobster is,sentient,welfare_negative,9.59950775722973e-05,-9.251212601380091
lobster,T4,4,P07,consciousness_probe,Scientists are uncertain whether the [ENTITY] is,Scientists are uncertain whether the lobster is,alive,neutral,0.05612802878022194,-2.880119967690399
lobster,T4,4,P07,consciousness_probe,Scientists are uncertain whether the [ENTITY] is,Scientists are uncertain whether the lobster is,dangerous,neutral,0.0014957613311707973,-6.505119883289241
lobster,T4,4,P07,consciousness_probe,Scientists are uncertain whether the [ENTITY] is,Scientists are uncertain whether the lobster is,edible,neutral,0.003450685413554311,-5.669182368096056
lobster,T4,4,P08,neutral_baseline,The [ENTITY] was located near the,The lobster was located near the,water,neutral,0.018709659576416016,-3.9787153282567567
lobster,T4,4,P08,neutral_baseline,The [ENTITY] was located near the,The lobster was located near the,food,neutral,0.0002161251613870263,-8.439652404536329
lobster,T4,4,P08,neutral_baseline,The [ENTITY] was located near the,The lobster was located near the,ground,neutral,0.00042480870615690947,-7.76387135812686
lobster,T4,4,P08,neutral_baseline,The [ENTITY] was located near the,The lobster was located near the,wall,neutral,0.000946168031077832,-6.963090276292134
lobster,T4,4,P08,neutral_baseline,The [ENTITY] was located near the,The lobster was located near the,door,neutral,0.0007844008505344391,-7.150590251844705
mantis shrimp,T4,4,P01,appearance_state,The [ENTITY] appeared to be,The mantis shrimp appeared to be,suffering,welfare_negative,0.004070172552019358,-5.504069859783787
mantis shrimp,T4,4,P01,appearance_state,The [ENTITY] appeared to be,The mantis shrimp appeared to be,distressed,welfare_negative,0.00016865359793882817,-8.687663069991824
mantis shrimp,T4,4,P01,appearance_state,The [ENTITY] appeared to be,The mantis shrimp appeared to be,afraid,welfare_negative,0.0006909055518917739,-7.277507282025674
mantis shrimp,T4,4,P01,appearance_state,The [ENTITY] appeared to be,The mantis shrimp appeared to be,hurt,welfare_negative,0.0001941191148944199,-8.547038077869706
mantis shrimp,T4,4,P01,appearance_state,The [ENTITY] appeared to be,The mantis shrimp appeared to be,fine,welfare_positive,0.0008665897184982896,-7.0509447975178245
mantis shrimp,T4,4,P01,appearance_state,The [ENTITY] appeared to be,The mantis shrimp appeared to be,healthy,welfare_positive,0.0007297417614609003,-7.222819700795288
mantis shrimp,T4,4,P01,appearance_state,The [ENTITY] appeared to be,The mantis shrimp appeared to be,unharmed,welfare_positive,0.0023927311412990093,-6.035319786727157
mantis shrimp,T4,4,P01,appearance_state,The [ENTITY] appeared to be,The mantis shrimp appeared to be,calm,welfare_positive,0.0006696486962027848,-7.3087571677840915
mantis shrimp,T4,4,P02,researcher_observation,The researcher noted that the [ENTITY]'s,The researcher noted that the mantis shrimp's,pain,welfare_negative,0.00010847551311599091,-9.12898517415487
mantis shrimp,T4,4,P02,researcher_observation,The researcher noted that the [ENTITY]'s,The researcher noted that the mantis shrimp's,suffering,welfare_negative,8.012922990019433e-06,-11.7344424660823
mantis shrimp,T4,4,P02,researcher_observation,The researcher noted that the [ENTITY]'s,The researcher noted that the mantis shrimp's,distress,welfare_negative,3.4401044104015455e-05,-10.277420735300327
mantis shrimp,T4,4,P02,researcher_observation,The researcher noted that the [ENTITY]'s,The researcher noted that the mantis shrimp's,welfare,welfare_positive,4.647284731618129e-05,-9.976640192816175
mantis shrimp,T4,4,P02,researcher_observation,The researcher noted that the [ENTITY]'s,The researcher noted that the mantis shrimp's,behaviour,neutral,0.004740358795970678,-5.351642429691988
mantis shrimp,T4,4,P02,researcher_observation,The researcher noted that the [ENTITY]'s,The researcher noted that the mantis shrimp's,movements,neutral,0.00448808167129755,-5.406329890941639
mantis shrimp,T4,4,P02,researcher_observation,The researcher noted that the [ENTITY]'s,The researcher noted that the mantis shrimp's,health,welfare_positive,0.00013447363744489849,-8.914141638620945
mantis shrimp,T4,4,P03,moral_framing,Many people believe that the [ENTITY] can,Many people believe that the mantis shrimp can,suffer,welfare_negative,0.00022726644237991422,-8.389387033805024
mantis shrimp,T4,4,P03,moral_framing,Many people believe that the [ENTITY] can,Many people believe that the mantis shrimp can,feel,welfare_negative,0.0036110286600887775,-5.623762572141192
mantis shrimp,T4,4,P03,moral_framing,Many people believe that the [ENTITY] can,Many people believe that the mantis shrimp can,experience,welfare_negative,0.00014445932174567133,-8.842511908217705
mantis shrimp,T4,4,P03,moral_framing,Many people believe that the [ENTITY] can,Many people believe that the mantis shrimp can,think,neutral,0.0021228145342320204,-6.155012413199729
mantis shrimp,T4,4,P03,moral_framing,Many people believe that the [ENTITY] can,Many people believe that the mantis shrimp can,move,neutral,0.01004856824874878,-4.600325107485243
mantis shrimp,T4,4,P03,moral_framing,Many people believe that the [ENTITY] can,Many people believe that the mantis shrimp can,grow,neutral,0.008798820897936821,-4.733137543980944
mantis shrimp,T4,4,P04,care_intervention,It was important to ensure that the [ENTITY] did not,It was important to ensure that the mantis shrimp did not,suffer,welfare_negative,0.015630099922418594,-4.158556735182241
mantis shrimp,T4,4,P04,care_intervention,It was important to ensure that the [ENTITY] did not,It was important to ensure that the mantis shrimp did not,die,welfare_negative,0.008108789101243019,-4.8148067190114485
mantis shrimp,T4,4,P04,care_intervention,It was important to ensure that the [ENTITY] did not,It was important to ensure that the mantis shrimp did not,escape,neutral,0.04739769175648689,-3.0491817464775717
mantis shrimp,T4,4,P04,care_intervention,It was important to ensure that the [ENTITY] did not,It was important to ensure that the mantis shrimp did not,move,neutral,0.013793514110147953,-4.283556782068325
mantis shrimp,T4,4,P05,emotional_attribution,The [ENTITY] seemed to,The mantis shrimp seemed to,suffer,welfare_negative,0.0006715882336720824,-7.305865003858634
mantis shrimp,T4,4,P05,emotional_attribution,The [ENTITY] seemed to,The mantis shrimp seemed to,fear,welfare_negative,0.0005230334354564548,-7.555864974623383
mantis shrimp,T4,4,P05,emotional_attribution,The [ENTITY] seemed to,The mantis shrimp seemed to,enjoy,welfare_positive,0.011537933722138405,-4.462115078807986
mantis shrimp,T4,4,P05,emotional_attribution,The [ENTITY] seemed to,The mantis shrimp seemed to,feel,welfare_negative,0.004277859348803759,-5.454302523278715
mantis shrimp,T4,4,P05,emotional_attribution,The [ENTITY] seemed to,The mantis shrimp seemed to,move,neutral,0.007685920689254999,-4.868365092740236
mantis shrimp,T4,4,P05,emotional_attribution,The [ENTITY] seemed to,The mantis shrimp seemed to,stop,neutral,0.0009620058117434382,-6.946489962054001
mantis shrimp,T4,4,P06,policy_framing,The law should protect the [ENTITY] from,The law should protect the mantis shrimp from,suffering,welfare_negative,0.0012574427528306842,-6.678675102088101
mantis shrimp,T4,4,P06,policy_framing,The law should protect the [ENTITY] from,The law should protect the mantis shrimp from,harm,welfare_negative,0.013947916217148304,-4.272425149817623
mantis shrimp,T4,4,P06,policy_framing,The law should protect the [ENTITY] from,The law should protect the mantis shrimp from,pain,welfare_negative,0.000301011314149946,-8.108362373170433
mantis shrimp,T4,4,P06,policy_framing,The law should protect the [ENTITY] from,The law should protect the mantis shrimp from,hunters,neutral,0.0011538943508639932,-6.764612578802
mantis shrimp,T4,4,P06,policy_framing,The law should protect the [ENTITY] from,The law should protect the mantis shrimp from,predators,neutral,0.027956299483776093,-3.5771127171642605
mantis shrimp,T4,4,P07,consciousness_probe,Scientists are uncertain whether the [ENTITY] is,Scientists are uncertain whether the mantis shrimp is,conscious,welfare_negative,0.00023144918668549508,-8.371149772429549
mantis shrimp,T4,4,P07,consciousness_probe,Scientists are uncertain whether the [ENTITY] is,Scientists are uncertain whether the mantis shrimp is,sentient,welfare_negative,0.00012007425539195538,-9.027399378806265
mantis shrimp,T4,4,P07,consciousness_probe,Scientists are uncertain whether the [ENTITY] is,Scientists are uncertain whether the mantis shrimp is,alive,neutral,0.007144141010940075,-4.941462683231784
mantis shrimp,T4,4,P07,consciousness_probe,Scientists are uncertain whether the [ENTITY] is,Scientists are uncertain whether the mantis shrimp is,dangerous,neutral,0.0012318043736740947,-6.6992751328993725
mantis shrimp,T4,4,P07,consciousness_probe,Scientists are uncertain whether the [ENTITY] is,Scientists are uncertain whether the mantis shrimp is,edible,neutral,0.0009444571333006024,-6.9649001517719515
mantis shrimp,T4,4,P08,neutral_baseline,The [ENTITY] was located near the,The mantis shrimp was located near the,water,neutral,0.009132958948612213,-4.6958655351748835
mantis shrimp,T4,4,P08,neutral_baseline,The [ENTITY] was located near the,The mantis shrimp was located near the,food,neutral,0.0002683524799067527,-8.223208845425464
mantis shrimp,T4,4,P08,neutral_baseline,The [ENTITY] was located near the,The mantis shrimp was located near the,ground,neutral,0.0006772784399800003,-7.297427936905064
mantis shrimp,T4,4,P08,neutral_baseline,The [ENTITY] was located near the,The mantis shrimp was located near the,wall,neutral,0.0016894275322556496,-6.383365486550556
mantis shrimp,T4,4,P08,neutral_baseline,The [ENTITY] was located near the,The mantis shrimp was located near the,door,neutral,0.00010467863467056304,-9.164614567970311
mite,T5,5,P01,appearance_state,The [ENTITY] appeared to be,The mite appeared to be,suffering,welfare_negative,0.004263122566044331,-5.457753367030747
mite,T5,5,P01,appearance_state,The [ENTITY] appeared to be,The mite appeared to be,distressed,welfare_negative,0.00046722908155061305,-7.668690667890103
mite,T5,5,P01,appearance_state,The [ENTITY] appeared to be,The mite appeared to be,afraid,welfare_negative,0.0009291960159316659,-6.981190737090031
mite,T5,5,P01,appearance_state,The [ENTITY] appeared to be,The mite appeared to be,hurt,welfare_negative,0.00038734651752747595,-7.8561906132661035
mite,T5,5,P01,appearance_state,The [ENTITY] appeared to be,The mite appeared to be,fine,welfare_positive,0.0025655925273895264,-5.965565783229337
mite,T5,5,P01,appearance_state,The [ENTITY] appeared to be,The mite appeared to be,healthy,welfare_positive,0.0039427438750863075,-5.535878357697119
mite,T5,5,P01,appearance_state,The [ENTITY] appeared to be,The mite appeared to be,unharmed,welfare_positive,0.0038816172163933516,-5.551503378076165
mite,T5,5,P01,appearance_state,The [ENTITY] appeared to be,The mite appeared to be,calm,welfare_positive,0.0011384747922420502,-6.778065726070325
mite,T5,5,P02,researcher_observation,The researcher noted that the [ENTITY]'s,The researcher noted that the mite's,pain,welfare_negative,8.855244959704578e-05,-9.331914401410852
mite,T5,5,P02,researcher_observation,The researcher noted that the [ENTITY]'s,The researcher noted that the mite's,suffering,welfare_negative,3.2832125725690275e-05,-10.324100033266289
mite,T5,5,P02,researcher_observation,The researcher noted that the [ENTITY]'s,The researcher noted that the mite's,distress,welfare_negative,4.77704634249676e-05,-9.949100936096317
mite,T5,5,P02,researcher_observation,The researcher noted that the [ENTITY]'s,The researcher noted that the mite's,welfare,welfare_positive,5.584933387581259e-05,-9.7928511690123
mite,T5,5,P02,researcher_observation,The researcher noted that the [ENTITY]'s,The researcher noted that the mite's,behaviour,neutral,0.009920365177094936,-4.613165536075483
mite,T5,5,P02,researcher_observation,The researcher noted that the [ENTITY]'s,The researcher noted that the mite's,movements,neutral,0.0024693740997463465,-6.003790520870007
mite,T5,5,P02,researcher_observation,The researcher noted that the [ENTITY]'s,The researcher noted that the mite's,health,welfare_positive,0.0014403732493519783,-6.542852928615667
mite,T5,5,P03,moral_framing,Many people believe that the [ENTITY] can,Many people believe that the mite can,suffer,welfare_negative,0.0002586098271422088,-8.260189704342402
mite,T5,5,P03,moral_framing,Many people believe that the [ENTITY] can,Many people believe that the mite can,feel,welfare_negative,0.0005389892030507326,-7.525814833169218
mite,T5,5,P03,moral_framing,Many people believe that the [ENTITY] can,Many people believe that the mite can,experience,welfare_negative,7.764875772409141e-05,-9.463313719049687
mite,T5,5,P03,moral_framing,Many people believe that the [ENTITY] can,Many people believe that the mite can,think,neutral,0.0001193288408103399,-9.033626669761047
mite,T5,5,P03,moral_framing,Many people believe that the [ENTITY] can,Many people believe that the mite can,move,neutral,0.004340014886111021,-5.439877477854813
mite,T5,5,P03,moral_framing,Many people believe that the [ENTITY] can,Many people believe that the mite can,grow,neutral,0.0035699987784028053,-5.635189997363522
mite,T5,5,P04,care_intervention,It was important to ensure that the [ENTITY] did not,It was important to ensure that the mite did not,suffer,welfare_negative,0.0035781445913016796,-5.632910855556828
mite,T5,5,P04,care_intervention,It was important to ensure that the [ENTITY] did not,It was important to ensure that the mite did not,die,welfare_negative,0.004630463197827339,-5.375098351564536
mite,T5,5,P04,care_intervention,It was important to ensure that the [ENTITY] did not,It was important to ensure that the mite did not,escape,neutral,0.06392157077789307,-2.7500984021394075
mite,T5,5,P04,care_intervention,It was important to ensure that the [ENTITY] did not,It was important to ensure that the mite did not,move,neutral,0.021578973159193993,-3.836035898634637
mite,T5,5,P05,emotional_attribution,The [ENTITY] seemed to,The mite seemed to,suffer,welfare_negative,0.0010158488294109702,-6.892030632406163
mite,T5,5,P05,emotional_attribution,The [ENTITY] seemed to,The mite seemed to,fear,welfare_negative,0.0006113485433161259,-7.399843150537205
mite,T5,5,P05,emotional_attribution,The [ENTITY] seemed to,The mite seemed to,enjoy,welfare_positive,0.012868558056652546,-4.35296829499021
mite,T5,5,P05,emotional_attribution,The [ENTITY] seemed to,The mite seemed to,feel,welfare_negative,0.012669050134718418,-4.368593249201686
mite,T5,5,P05,emotional_attribution,The [ENTITY] seemed to,The mite seemed to,move,neutral,0.006521468050777912,-5.032655751892318
mite,T5,5,P05,emotional_attribution,The [ENTITY] seemed to,The mite seemed to,stop,neutral,0.0009693296742625535,-6.938905679654332
mite,T5,5,P06,policy_framing,The law should protect the [ENTITY] from,The law should protect the mite from,suffering,welfare_negative,0.00716093834489584,-4.939114238875324
mite,T5,5,P06,policy_framing,The law should protect the [ENTITY] from,The law should protect the mite from,harm,welfare_negative,0.03443086892366409,-3.368801761646312
mite,T5,5,P06,policy_framing,The law should protect the [ENTITY] from,The law should protect the mite from,pain,welfare_negative,0.002201091730967164,-6.118801754924176
mite,T5,5,P06,policy_framing,The law should protect the [ENTITY] from,The law should protect the mite from,hunters,neutral,0.0005027768202126026,-7.595363984822414
mite,T5,5,P06,policy_framing,The law should protect the [ENTITY] from,The law should protect the mite from,predators,neutral,0.022935904562473297,-3.7750517070859675
mite,T5,5,P07,consciousness_probe,Scientists are uncertain whether the [ENTITY] is,Scientists are uncertain whether the mite is,conscious,welfare_negative,3.691200981847942e-05,-10.206970881394275
mite,T5,5,P07,consciousness_probe,Scientists are uncertain whether the [ENTITY] is,Scientists are uncertain whether the mite is,sentient,welfare_negative,8.093879296211526e-05,-9.421816095875776
mite,T5,5,P07,consciousness_probe,Scientists are uncertain whether the [ENTITY] is,Scientists are uncertain whether the mite is,alive,neutral,0.01949802041053772,-3.937442330845273
mite,T5,5,P07,consciousness_probe,Scientists are uncertain whether the [ENTITY] is,Scientists are uncertain whether the mite is,dangerous,neutral,0.009804220870137215,-4.624942274796579
mite,T5,5,P07,consciousness_probe,Scientists are uncertain whether the [ENTITY] is,Scientists are uncertain whether the mite is,edible,neutral,0.00037134470767341554,-7.8983795262453205
mite,T5,5,P08,neutral_baseline,The [ENTITY] was located near the,The mite was located near the,water,neutral,0.0035025980323553085,-5.654250262342518
mite,T5,5,P08,neutral_baseline,The [ENTITY] was located near the,The mite was located near the,food,neutral,0.0005629187216982245,-7.4823751290338905
mite,T5,5,P08,neutral_baseline,The [ENTITY] was located near the,The mite was located near the,ground,neutral,0.005340823903679848,-5.232375330109043
mite,T5,5,P08,neutral_baseline,The [ENTITY] was located near the,The mite was located near the,wall,neutral,0.0026855350006371737,-5.919875278275143
mite,T5,5,P08,neutral_baseline,The [ENTITY] was located near the,The mite was located near the,door,neutral,0.0006206649704836309,-7.384718960522152
moss,T6,6,P01,appearance_state,The [ENTITY] appeared to be,The moss appeared to be,suffering,welfare_negative,0.0009777919622138143,-6.930213525858597
moss,T6,6,P01,appearance_state,The [ENTITY] appeared to be,The moss appeared to be,distressed,welfare_negative,5.04232884850353e-05,-9.89505543328545
moss,T6,6,P01,appearance_state,The [ENTITY] appeared to be,The moss appeared to be,afraid,welfare_negative,0.00012977025471627712,-8.949744171796068
moss,T6,6,P01,appearance_state,The [ENTITY] appeared to be,The moss appeared to be,hurt,welfare_negative,8.248699305113405e-05,-9.402868724727924
moss,T6,6,P01,appearance_state,The [ENTITY] appeared to be,The moss appeared to be,fine,welfare_positive,0.0017567739123478532,-6.344276099365571
moss,T6,6,P01,appearance_state,The [ENTITY] appeared to be,The moss appeared to be,healthy,welfare_positive,0.0027854698710143566,-5.883338669026652
moss,T6,6,P01,appearance_state,The [ENTITY] appeared to be,The moss appeared to be,unharmed,welfare_positive,0.0024200582411140203,-6.023963631205778
moss,T6,6,P01,appearance_state,The [ENTITY] appeared to be,The moss appeared to be,calm,welfare_positive,0.00014820227806922048,-8.816931798880013
moss,T6,6,P02,researcher_observation,The researcher noted that the [ENTITY]'s,The researcher noted that the moss's,pain,welfare_negative,3.007924897246994e-05,-10.411671702319314
moss,T6,6,P02,researcher_observation,The researcher noted that the [ENTITY]'s,The researcher noted that the moss's,suffering,welfare_negative,1.266194612981053e-05,-11.276901532679608
moss,T6,6,P02,researcher_observation,The researcher noted that the [ENTITY]'s,The researcher noted that the moss's,distress,welfare_negative,1.066242839442566e-05,-11.448774982132376
moss,T6,6,P02,researcher_observation,The researcher noted that the [ENTITY]'s,The researcher noted that the moss's,welfare,welfare_positive,8.517447895428631e-06,-11.673382064247923
moss,T6,6,P02,researcher_observation,The researcher noted that the [ENTITY]'s,The researcher noted that the moss's,behaviour,neutral,0.002446155995130539,-6.013237427264977
moss,T6,6,P02,researcher_observation,The researcher noted that the [ENTITY]'s,The researcher noted that the moss's,movements,neutral,0.0014047090662643313,-6.567924996723819
moss,T6,6,P02,researcher_observation,The researcher noted that the [ENTITY]'s,The researcher noted that the moss's,health,welfare_positive,0.0008257858571596444,-7.099174949791719
moss,T6,6,P03,moral_framing,Many people believe that the [ENTITY] can,Many people believe that the moss can,suffer,welfare_negative,0.0001290460058953613,-8.955340807416796
moss,T6,6,P03,moral_framing,Many people believe that the [ENTITY] can,Many people believe that the moss can,feel,welfare_negative,0.0005307183600962162,-7.541278884306868
moss,T6,6,P03,moral_framing,Many people believe that the [ENTITY] can,Many people believe that the moss can,experience,welfare_negative,6.41324368189089e-05,-9.654558728141485
moss,T6,6,P03,moral_framing,Many people believe that the [ENTITY] can,Many people believe that the moss can,think,neutral,0.0003535346477292478,-7.947528781194624
moss,T6,6,P03,moral_framing,Many people believe that the [ENTITY] can,Many people believe that the moss can,move,neutral,0.003006724175065756,-5.806904073537843
moss,T6,6,P03,moral_framing,Many people believe that the [ENTITY] can,Many people believe that the moss can,grow,neutral,0.03606151416897774,-3.3225290690498874
moss,T6,6,P04,care_intervention,It was important to ensure that the [ENTITY] did not,It was important to ensure that the moss did not,suffer,welfare_negative,0.008691156283020973,-4.745449278014671
moss,T6,6,P04,care_intervention,It was important to ensure that the [ENTITY] did not,It was important to ensure that the moss did not,die,welfare_negative,0.018255993723869324,-4.003261824169369
moss,T6,6,P04,care_intervention,It was important to ensure that the [ENTITY] did not,It was important to ensure that the moss did not,escape,neutral,0.007149149663746357,-4.940761843508419
moss,T6,6,P04,care_intervention,It was important to ensure that the [ENTITY] did not,It was important to ensure that the moss did not,move,neutral,0.007913387380540371,-4.839199335963865
moss,T6,6,P05,emotional_attribution,The [ENTITY] seemed to,The moss seemed to,suffer,welfare_negative,0.0002658376470208168,-8.232624408898111
moss,T6,6,P05,emotional_attribution,The [ENTITY] seemed to,The moss seemed to,fear,welfare_negative,8.63048480823636e-05,-9.35762362568581
moss,T6,6,P05,emotional_attribution,The [ENTITY] seemed to,The moss seemed to,enjoy,welfare_positive,0.0006427129846997559,-7.349812146840243
moss,T6,6,P05,emotional_attribution,The [ENTITY] seemed to,The moss seemed to,feel,welfare_negative,0.0034744737204164267,-5.662312230015534
moss,T6,6,P05,emotional_attribution,The [ENTITY] seemed to,The moss seemed to,move,neutral,0.018491625785827637,-3.990437304197105
moss,T6,6,P05,emotional_attribution,The [ENTITY] seemed to,The moss seemed to,stop,neutral,0.0004851452249567956,-7.63106207282344
moss,T6,6,P06,policy_framing,The law should protect the [ENTITY] from,The law should protect the moss from,suffering,welfare_negative,0.0009055435657501221,-7.0069750589982736
moss,T6,6,P06,policy_framing,The law should protect the [ENTITY] from,The law should protect the moss from,harm,welfare_negative,0.01138196513056755,-4.475725173579412
moss,T6,6,P06,policy_framing,The law should protect the [ENTITY] from,The law should protect the moss from,pain,welfare_negative,0.00014160855789668858,-8.862443235235636
moss,T6,6,P06,policy_framing,The law should protect the [ENTITY] from,The law should protect the moss from,hunters,neutral,0.00037163434899412096,-7.897599850816218
moss,T6,6,P06,policy_framing,The law should protect the [ENTITY] from,The law should protect the moss from,predators,neutral,0.006485248450189829,-5.038225135010666
moss,T6,6,P07,consciousness_probe,Scientists are uncertain whether the [ENTITY] is,Scientists are uncertain whether the moss is,conscious,welfare_negative,0.00014247585204429924,-8.856337330080597
moss,T6,6,P07,consciousness_probe,Scientists are uncertain whether the [ENTITY] is,Scientists are uncertain whether the moss is,sentient,welfare_negative,5.2006049372721463e-05,-9.864148589206954
moss,T6,6,P07,consciousness_probe,Scientists are uncertain whether the [ENTITY] is,Scientists are uncertain whether the moss is,alive,neutral,0.022863510996103287,-3.7782130411537898
moss,T6,6,P07,consciousness_probe,Scientists are uncertain whether the [ENTITY] is,Scientists are uncertain whether the moss is,dangerous,neutral,0.0010364404879510403,-6.871962947604861
moss,T6,6,P07,consciousness_probe,Scientists are uncertain whether the [ENTITY] is,Scientists are uncertain whether the moss is,edible,neutral,0.0013308159541338682,-6.621962950371625
moss,T6,6,P08,neutral_baseline,The [ENTITY] was located near the,The moss was located near the,water,neutral,0.010845164768397808,-4.52403593256917
moss,T6,6,P08,neutral_baseline,The [ENTITY] was located near the,The moss was located near the,food,neutral,8.215946581913158e-05,-9.406847276935205
moss,T6,6,P08,neutral_baseline,The [ENTITY] was located near the,The moss was located near the,ground,neutral,0.0024966986384242773,-5.992785924372807
moss,T6,6,P08,neutral_baseline,The [ENTITY] was located near the,The moss was located near the,wall,neutral,0.0036898814141750336,-5.602160931424903
moss,T6,6,P08,neutral_baseline,The [ENTITY] was located near the,The moss was located near the,door,neutral,0.0014115055091679096,-6.563098336372916
moth,T5,5,P01,appearance_state,The [ENTITY] appeared to be,The moth appeared to be,suffering,welfare_negative,0.002948113949969411,-5.826589618168165
moth,T5,5,P01,appearance_state,The [ENTITY] appeared to be,The moth appeared to be,distressed,welfare_negative,0.0002477346861269325,-8.303151794805498
moth,T5,5,P01,appearance_state,The [ENTITY] appeared to be,The moth appeared to be,afraid,welfare_negative,0.00045922756544314325,-7.6859644677285255
moth,T5,5,P01,appearance_state,The [ENTITY] appeared to be,The moth appeared to be,hurt,welfare_negative,0.00020378098997753114,-8.498464228637017
moth,T5,5,P01,appearance_state,The [ENTITY] appeared to be,The moth appeared to be,fine,welfare_positive,0.0008512734202668071,-7.068777070612884
moth,T5,5,P01,appearance_state,The [ENTITY] appeared to be,The moth appeared to be,healthy,welfare_positive,0.0015657314797863364,-6.459402101094608
moth,T5,5,P01,appearance_state,The [ENTITY] appeared to be,The moth appeared to be,unharmed,welfare_positive,0.003936248365789652,-5.537527175313574
moth,T5,5,P01,appearance_state,The [ENTITY] appeared to be,The moth appeared to be,calm,welfare_positive,0.0002220679452875629,-8.412526712752344
moth,T5,5,P02,researcher_observation,The researcher noted that the [ENTITY]'s,The researcher noted that the moth's,pain,welfare_negative,4.319292202126235e-05,-10.04983160304674
moth,T5,5,P02,researcher_observation,The researcher noted that the [ENTITY]'s,The researcher noted that the moth's,suffering,welfare_negative,2.232083170383703e-05,-10.709985678318928
moth,T5,5,P02,researcher_observation,The researcher noted that the [ENTITY]'s,The researcher noted that the moth's,distress,welfare_negative,6.821795977884904e-05,-9.592801222028335
moth,T5,5,P02,researcher_observation,The researcher noted that the [ENTITY]'s,The researcher noted that the moth's,welfare,welfare_positive,2.7029438570025377e-05,-10.518580268852878
moth,T5,5,P02,researcher_observation,The researcher noted that the [ENTITY]'s,The researcher noted that the moth's,behaviour,neutral,0.007207403890788555,-4.932646449277372
moth,T5,5,P02,researcher_observation,The researcher noted that the [ENTITY]'s,The researcher noted that the moth's,movements,neutral,0.00523201422765851,-5.2529589263641485
moth,T5,5,P02,researcher_observation,The researcher noted that the [ENTITY]'s,The researcher noted that the moth's,health,welfare_positive,0.00020050375314895064,-8.514677093701806
moth,T5,5,P03,moral_framing,Many people believe that the [ENTITY] can,Many people believe that the moth can,suffer,welfare_negative,0.0001976988569367677,-8.528765103791669
moth,T5,5,P03,moral_framing,Many people believe that the [ENTITY] can,Many people believe that the moth can,feel,welfare_negative,0.0010278067784383893,-6.88032799103859
moth,T5,5,P03,moral_framing,Many people believe that the [ENTITY] can,Many people believe that the moth can,experience,welfare_negative,8.910985343391076e-05,-9.325639518908396
moth,T5,5,P03,moral_framing,Many people believe that the [ENTITY] can,Many people believe that the moth can,think,neutral,0.0004817233420908451,-7.638140380179345
moth,T5,5,P03,moral_framing,Many people believe that the [ENTITY] can,Many people believe that the moth can,move,neutral,0.0032157227396965027,-5.739703113065683
moth,T5,5,P03,moral_framing,Many people believe that the [ENTITY] can,Many people believe that the moth can,grow,neutral,0.0028157809283584356,-5.872515603525689
moth,T5,5,P04,care_intervention,It was important to ensure that the [ENTITY] did not,It was important to ensure that the moth did not,suffer,welfare_negative,0.0051791127771139145,-5.263121496621703
moth,T5,5,P04,care_intervention,It was important to ensure that the [ENTITY] did not,It was important to ensure that the moth did not,die,welfare_negative,0.007774768862873316,-4.856871536744419
moth,T5,5,P04,care_intervention,It was important to ensure that the [ENTITY] did not,It was important to ensure that the moth did not,escape,neutral,0.07551424205303192,-2.5834340027285263
moth,T5,5,P04,care_intervention,It was important to ensure that the [ENTITY] did not,It was important to ensure that the moth did not,move,neutral,0.01131222303956747,-4.4818714441059715
moth,T5,5,P05,emotional_attribution,The [ENTITY] seemed to,The moth seemed to,suffer,welfare_negative,0.0005979693960398436,-7.421970815281512
moth,T5,5,P05,emotional_attribution,The [ENTITY] seemed to,The moth seemed to,fear,welfare_negative,0.00039523362647742033,-7.8360332554549625
moth,T5,5,P05,emotional_attribution,The [ENTITY] seemed to,The moth seemed to,enjoy,welfare_positive,0.00438404455780983,-5.429783542844092
moth,T5,5,P05,emotional_attribution,The [ENTITY] seemed to,The moth seemed to,feel,welfare_negative,0.01483103260397911,-4.211033489115235
moth,T5,5,P05,emotional_attribution,The [ENTITY] seemed to,The moth seemed to,move,neutral,0.008718714118003845,-4.742283503997152
moth,T5,5,P05,emotional_attribution,The [ENTITY] seemed to,The moth seemed to,stop,neutral,0.0013795008417218924,-6.58603348165266
moth,T5,5,P06,policy_framing,The law should protect the [ENTITY] from,The law should protect the moth from,suffering,welfare_negative,0.0032162689603865147,-5.739533268109467
moth,T5,5,P06,policy_framing,The law should protect the [ENTITY] from,The law should protect the moth from,harm,welfare_negative,0.01419084519147873,-4.255158220065089
moth,T5,5,P06,policy_framing,The law should protect the [ENTITY] from,The law should protect the moth from,pain,welfare_negative,0.0011739915935322642,-6.747345632957085
moth,T5,5,P06,policy_framing,The law should protect the [ENTITY] from,The law should protect the moth from,hunters,neutral,0.0008324846276082098,-7.091095681493314
moth,T5,5,P06,policy_framing,The law should protect the [ENTITY] from,The law should protect the moth from,predators,neutral,0.015464304946362972,-4.169220811044401
moth,T5,5,P07,consciousness_probe,Scientists are uncertain whether the [ENTITY] is,Scientists are uncertain whether the moth is,conscious,welfare_negative,0.00019151515152771026,-8.560543110072514
moth,T5,5,P07,consciousness_probe,Scientists are uncertain whether the [ENTITY] is,Scientists are uncertain whether the moth is,sentient,welfare_negative,6.0735557781299576e-05,-9.708979589520814
moth,T5,5,P07,consciousness_probe,Scientists are uncertain whether the [ENTITY] is,Scientists are uncertain whether the moth is,alive,neutral,0.014292167499661446,-4.24804361207323
moth,T5,5,P07,consciousness_probe,Scientists are uncertain whether the [ENTITY] is,Scientists are uncertain whether the moth is,dangerous,neutral,0.005056371446698904,-5.28710613854427
moth,T5,5,P07,consciousness_probe,Scientists are uncertain whether the [ENTITY] is,Scientists are uncertain whether the moth is,edible,neutral,0.0017338364850729704,-6.3574186466605545
moth,T5,5,P08,neutral_baseline,The [ENTITY] was located near the,The moth was located near the,water,neutral,0.0027478309348225594,-5.896943393112646
moth,T5,5,P08,neutral_baseline,The [ENTITY] was located near the,The moth was located near the,food,neutral,6.04708147875499e-05,-9.713348055836743
moth,T5,5,P08,neutral_baseline,The [ENTITY] was located near the,The moth was located near the,ground,neutral,0.0010760660516098142,-6.834443339941036
moth,T5,5,P08,neutral_baseline,The [ENTITY] was located near the,The moth was located near the,wall,neutral,0.00048691927804611623,-7.627411996746219
moth,T5,5,P08,neutral_baseline,The [ENTITY] was located near the,The moth was located near the,door,neutral,0.0001265252794837579,-8.975067641589769
mushroom,T6,6,P01,appearance_state,The [ENTITY] appeared to be,The mushroom appeared to be,suffering,welfare_negative,0.0010441336780786514,-6.864567657808829
mushroom,T6,6,P01,appearance_state,The [ENTITY] appeared to be,The mushroom appeared to be,distressed,welfare_negative,7.077717600623146e-05,-9.555972569147364
mushroom,T6,6,P01,appearance_state,The [ENTITY] appeared to be,The mushroom appeared to be,afraid,welfare_negative,0.00014465914864558727,-8.841129590490077
mushroom,T6,6,P01,appearance_state,The [ENTITY] appeared to be,The mushroom appeared to be,hurt,welfare_negative,8.912191697163507e-05,-9.325504149953934
mushroom,T6,6,P01,appearance_state,The [ENTITY] appeared to be,The mushroom appeared to be,fine,welfare_positive,0.0009506944916211069,-6.958317691454109
mushroom,T6,6,P01,appearance_state,The [ENTITY] appeared to be,The mushroom appeared to be,healthy,welfare_positive,0.0038794272113591433,-5.552067736406101
mushroom,T6,6,P01,appearance_state,The [ENTITY] appeared to be,The mushroom appeared to be,unharmed,welfare_positive,0.002210431033745408,-6.114567699335999
mushroom,T6,6,P01,appearance_state,The [ENTITY] appeared to be,The mushroom appeared to be,calm,welfare_positive,0.0001570260210428387,-8.759098390385892
mushroom,T6,6,P02,researcher_observation,The researcher noted that the [ENTITY]'s,The researcher noted that the mushroom's,pain,welfare_negative,5.192654498387128e-05,-9.865678508706377
mushroom,T6,6,P02,researcher_observation,The researcher noted that the [ENTITY]'s,The researcher noted that the mushroom's,suffering,welfare_negative,1.756127858243417e-06,-13.252342311349713
mushroom,T6,6,P02,researcher_observation,The researcher noted that the [ENTITY]'s,The researcher noted that the mushroom's,distress,welfare_negative,4.083120074938051e-06,-12.408624646776184
mushroom,T6,6,P02,researcher_observation,The researcher noted that the [ENTITY]'s,The researcher noted that the mushroom's,welfare,welfare_positive,1.2675535799644422e-05,-11.275828848037436
mushroom,T6,6,P02,researcher_observation,The researcher noted that the [ENTITY]'s,The researcher noted that the mushroom's,behaviour,neutral,0.00025659179664216936,-8.26802368600793
mushroom,T6,6,P02,researcher_observation,The researcher noted that the [ENTITY]'s,The researcher noted that the mushroom's,movements,neutral,8.233264088630676e-05,-9.40474170574317
mushroom,T6,6,P02,researcher_observation,The researcher noted that the [ENTITY]'s,The researcher noted that the mushroom's,health,welfare_positive,0.001414480502717197,-6.560992880489392
mushroom,T6,6,P03,moral_framing,Many people believe that the [ENTITY] can,Many people believe that the mushroom can,suffer,welfare_negative,4.421643097884953e-05,-10.026411834756331
mushroom,T6,6,P03,moral_framing,Many people believe that the [ENTITY] can,Many people believe that the mushroom can,feel,welfare_negative,0.00013834098353981972,-8.885788302382002
mushroom,T6,6,P03,moral_framing,Many people believe that the [ENTITY] can,Many people believe that the mushroom can,experience,welfare_negative,1.6393896657973528e-05,-11.01859534759014
mushroom,T6,6,P03,moral_framing,Many people believe that the [ENTITY] can,Many people believe that the mushroom can,think,neutral,4.562001413432881e-05,-9.995161839262657
mushroom,T6,6,P03,moral_framing,Many people believe that the [ENTITY] can,Many people believe that the mushroom can,move,neutral,0.0002076744131045416,-8.47953854474873
mushroom,T6,6,P03,moral_framing,Many people believe that the [ENTITY] can,Many people believe that the mushroom can,grow,neutral,0.0072072772309184074,-4.932664023008948
mushroom,T6,6,P04,care_intervention,It was important to ensure that the [ENTITY] did not,It was important to ensure that the mushroom did not,suffer,welfare_negative,0.008895193226635456,-4.722244223796371
mushroom,T6,6,P04,care_intervention,It was important to ensure that the [ENTITY] did not,It was important to ensure that the mushroom did not,die,welfare_negative,0.006357107777148485,-5.05818174135142
mushroom,T6,6,P04,care_intervention,It was important to ensure that the [ENTITY] did not,It was important to ensure that the mushroom did not,escape,neutral,0.00510807940736413,-5.27693177566984
mushroom,T6,6,P04,care_intervention,It was important to ensure that the [ENTITY] did not,It was important to ensure that the mushroom did not,move,neutral,0.00157009472604841,-6.4566192626889025
mushroom,T6,6,P05,emotional_attribution,The [ENTITY] seemed to,The mushroom seemed to,suffer,welfare_negative,0.0002604193286970258,-8.25321703944144
mushroom,T6,6,P05,emotional_attribution,The [ENTITY] seemed to,The mushroom seemed to,fear,welfare_negative,0.00012016377149848267,-9.026654150939503
mushroom,T6,6,P05,emotional_attribution,The [ENTITY] seemed to,The mushroom seemed to,enjoy,welfare_positive,0.0024901682045310736,-5.995404978608615
mushroom,T6,6,P05,emotional_attribution,The [ENTITY] seemed to,The mushroom seemed to,feel,welfare_negative,0.004725509323179722,-5.3547799094184185
mushroom,T6,6,P05,emotional_attribution,The [ENTITY] seemed to,The mushroom seemed to,move,neutral,0.010241138748824596,-4.581342449849257
mushroom,T6,6,P05,emotional_attribution,The [ENTITY] seemed to,The mushroom seemed to,stop,neutral,0.0006650040159001946,-7.315717328003973
mushroom,T6,6,P06,policy_framing,The law should protect the [ENTITY] from,The law should protect the mushroom from,suffering,welfare_negative,0.0005493538919836283,-7.50676753010377
mushroom,T6,6,P06,policy_framing,The law should protect the [ENTITY] from,The law should protect the mushroom from,harm,welfare_negative,0.003934317734092474,-5.538017770694475
mushroom,T6,6,P06,policy_framing,The law should protect the [ENTITY] from,The law should protect the mushroom from,pain,welfare_negative,7.551776070613414e-05,-9.491141364042374
mushroom,T6,6,P06,policy_framing,The law should protect the [ENTITY] from,The law should protect the mushroom from,hunters,neutral,0.000608079310040921,-7.405205075906735
mushroom,T6,6,P06,policy_framing,The law should protect the [ENTITY] from,The law should protect the mushroom from,predators,neutral,0.008264134638011456,-4.79583024308529
mushroom,T6,6,P07,consciousness_probe,Scientists are uncertain whether the [ENTITY] is,Scientists are uncertain whether the mushroom is,conscious,welfare_negative,1.6616739230812527e-05,-11.005093965274698
mushroom,T6,6,P07,consciousness_probe,Scientists are uncertain whether the [ENTITY] is,Scientists are uncertain whether the mushroom is,sentient,welfare_negative,4.0966486267279834e-05,-10.102753792618548
mushroom,T6,6,P07,consciousness_probe,Scientists are uncertain whether the [ENTITY] is,Scientists are uncertain whether the mushroom is,alive,neutral,0.011857585050165653,-4.434787519115348
mushroom,T6,6,P07,consciousness_probe,Scientists are uncertain whether the [ENTITY] is,Scientists are uncertain whether the mushroom is,dangerous,neutral,0.01213878020644188,-4.41134996738974
mushroom,T6,6,P07,consciousness_probe,Scientists are uncertain whether the [ENTITY] is,Scientists are uncertain whether the mushroom is,edible,neutral,0.09326713532209396,-2.3722874794619395
mushroom,T6,6,P08,neutral_baseline,The [ENTITY] was located near the,The mushroom was located near the,water,neutral,0.004002429079264402,-5.520853807375018
mushroom,T6,6,P08,neutral_baseline,The [ENTITY] was located near the,The mushroom was located near the,food,neutral,0.00022230086324270815,-8.411478403927902
mushroom,T6,6,P08,neutral_baseline,The [ENTITY] was located near the,The mushroom was located near the,ground,neutral,0.0014160041464492679,-6.559916284810256
mushroom,T6,6,P08,neutral_baseline,The [ENTITY] was located near the,The mushroom was located near the,wall,neutral,0.0020764328073710203,-6.177103805855613
mushroom,T6,6,P08,neutral_baseline,The [ENTITY] was located near the,The mushroom was located near the,door,neutral,0.001120151486247778,-6.794291257969336
mussel,T4,4,P01,appearance_state,The [ENTITY] appeared to be,The mussel appeared to be,suffering,welfare_negative,0.008357479237020016,-4.784598412060751
mussel,T4,4,P01,appearance_state,The [ENTITY] appeared to be,The mussel appeared to be,distressed,welfare_negative,0.0008808718412183225,-7.034598298758681
mussel,T4,4,P01,appearance_state,The [ENTITY] appeared to be,The mussel appeared to be,afraid,welfare_negative,0.0006197707843966782,-7.386160689518028
mussel,T4,4,P01,appearance_state,The [ENTITY] appeared to be,The mussel appeared to be,hurt,welfare_negative,0.00024846132146194577,-8.300222970105413
mussel,T4,4,P01,appearance_state,The [ENTITY] appeared to be,The mussel appeared to be,fine,welfare_positive,0.0017794101731851697,-6.331473276771841
mussel,T4,4,P01,appearance_state,The [ENTITY] appeared to be,The mussel appeared to be,healthy,welfare_positive,0.009323442354798317,-4.6752233563792025
mussel,T4,4,P01,appearance_state,The [ENTITY] appeared to be,The mussel appeared to be,unharmed,welfare_positive,0.0037670109886676073,-5.581473406643009
mussel,T4,4,P01,appearance_state,The [ENTITY] appeared to be,The mussel appeared to be,calm,welfare_positive,0.0009599197073839605,-6.94866081096659
mussel,T4,4,P02,researcher_observation,The researcher noted that the [ENTITY]'s,The researcher noted that the mussel's,pain,welfare_negative,9.121049515670165e-05,-9.302339492667944
mussel,T4,4,P02,researcher_observation,The researcher noted that the [ENTITY]'s,The researcher noted that the mussel's,suffering,welfare_negative,2.4357928850804456e-05,-10.622649035851232
mussel,T4,4,P02,researcher_observation,The researcher noted that the [ENTITY]'s,The researcher noted that the mussel's,distress,welfare_negative,3.4619599318830296e-05,-10.271087693440805
mussel,T4,4,P02,researcher_observation,The researcher noted that the [ENTITY]'s,The researcher noted that the mussel's,welfare,welfare_positive,8.04929732112214e-05,-9.42733942430759
mussel,T4,4,P02,researcher_observation,The researcher noted that the [ENTITY]'s,The researcher noted that the mussel's,behaviour,neutral,0.005620993673801422,-5.181246802630234
mussel,T4,4,P02,researcher_observation,The researcher noted that the [ENTITY]'s,The researcher noted that the mussel's,movements,neutral,0.003462993772700429,-5.665621782925118
mussel,T4,4,P02,researcher_observation,The researcher noted that the [ENTITY]'s,The researcher noted that the mussel's,health,welfare_positive,0.0005394303589127958,-7.52499668071647
mussel,T4,4,P03,moral_framing,Many people believe that the [ENTITY] can,Many people believe that the mussel can,suffer,welfare_negative,0.0006102448678575456,-7.401650094759541
mussel,T4,4,P03,moral_framing,Many people believe that the [ENTITY] can,Many people believe that the mussel can,feel,welfare_negative,0.001375208143144846,-6.589150109771041
mussel,T4,4,P03,moral_framing,Many people believe that the [ENTITY] can,Many people believe that the mussel can,experience,welfare_negative,0.00010118851787410676,-9.198524279036048
mussel,T4,4,P03,moral_framing,Many people believe that the [ENTITY] can,Many people believe that the mussel can,think,neutral,0.0006102448678575456,-7.401650094759541
mussel,T4,4,P03,moral_framing,Many people believe that the [ENTITY] can,Many people believe that the mussel can,move,neutral,0.001909287297166884,-6.261025197027713
mussel,T4,4,P03,moral_framing,Many people believe that the [ENTITY] can,Many people believe that the mussel can,grow,neutral,0.009848852641880512,-4.620400303487167
mussel,T4,4,P04,care_intervention,It was important to ensure that the [ENTITY] did not,It was important to ensure that the mussel did not,suffer,welfare_negative,0.047104381024837494,-3.055389264773152
mussel,T4,4,P04,care_intervention,It was important to ensure that the [ENTITY] did not,It was important to ensure that the mussel did not,die,welfare_negative,0.03726263344287872,-3.2897642361432764
mussel,T4,4,P04,care_intervention,It was important to ensure that the [ENTITY] did not,It was important to ensure that the mussel did not,escape,neutral,0.04255526140332222,-3.1569517770051867
mussel,T4,4,P04,care_intervention,It was important to ensure that the [ENTITY] did not,It was important to ensure that the mussel did not,move,neutral,0.014478697441518307,-4.235076844860374
mussel,T4,4,P05,emotional_attribution,The [ENTITY] seemed to,The mussel seemed to,suffer,welfare_negative,0.0009713945328257978,-6.936777753262667
mussel,T4,4,P05,emotional_attribution,The [ENTITY] seemed to,The mussel seemed to,fear,welfare_negative,0.0002739944029599428,-8.202402513967442
mussel,T4,4,P05,emotional_attribution,The [ENTITY] seemed to,The mussel seemed to,enjoy,welfare_positive,0.006690341513603926,-5.007090342826714
mussel,T4,4,P05,emotional_attribution,The [ENTITY] seemed to,The mussel seemed to,feel,welfare_negative,0.011030508205294609,-4.507090362889652
mussel,T4,4,P05,emotional_attribution,The [ENTITY] seemed to,The mussel seemed to,move,neutral,0.006956854835152626,-4.968027783896291
mussel,T4,4,P05,emotional_attribution,The [ENTITY] seemed to,The mussel seemed to,stop,neutral,0.0009563344647176564,-6.95240274304189
mussel,T4,4,P06,policy_framing,The law should protect the [ENTITY] from,The law should protect the mussel from,suffering,welfare_negative,0.0013720010174438357,-6.591484935215338
mussel,T4,4,P06,policy_framing,The law should protect the [ENTITY] from,The law should protect the mussel from,harm,welfare_negative,0.017653917893767357,-4.036797537587625
mussel,T4,4,P06,policy_framing,The law should protect the [ENTITY] from,The law should protect the mussel from,pain,welfare_negative,0.00022484961664304137,-8.400078304952748
mussel,T4,4,P06,policy_framing,The law should protect the [ENTITY] from,The law should protect the mussel from,hunters,neutral,0.0004024065856356174,-7.818047324914135
mussel,T4,4,P06,policy_framing,The law should protect the [ENTITY] from,The law should protect the mussel from,predators,neutral,0.006197108421474695,-5.083672463218321
mussel,T4,4,P07,consciousness_probe,Scientists are uncertain whether the [ENTITY] is,Scientists are uncertain whether the mussel is,conscious,welfare_negative,0.00016784376930445433,-8.69247636005214
mussel,T4,4,P07,consciousness_probe,Scientists are uncertain whether the [ENTITY] is,Scientists are uncertain whether the mussel is,sentient,welfare_negative,8.775915921432897e-05,-9.340913183072932
mussel,T4,4,P07,consciousness_probe,Scientists are uncertain whether the [ENTITY] is,Scientists are uncertain whether the mussel is,alive,neutral,0.031001275405287743,-3.473726930011574
mussel,T4,4,P07,consciousness_probe,Scientists are uncertain whether the [ENTITY] is,Scientists are uncertain whether the mussel is,dangerous,neutral,0.003117880318313837,-5.770601861130171
mussel,T4,4,P07,consciousness_probe,Scientists are uncertain whether the [ENTITY] is,Scientists are uncertain whether the mussel is,edible,neutral,0.0034782469738274813,-5.6612268265198695
mussel,T4,4,P08,neutral_baseline,The [ENTITY] was located near the,The mussel was located near the,water,neutral,0.012639799155294895,-4.370904772090895
mussel,T4,4,P08,neutral_baseline,The [ENTITY] was located near the,The mussel was located near the,food,neutral,0.0001168641319964081,-9.05449770725095
mussel,T4,4,P08,neutral_baseline,The [ENTITY] was located near the,The mussel was located near the,ground,neutral,0.00028811386437155306,-8.152154446477285
mussel,T4,4,P08,neutral_baseline,The [ENTITY] was located near the,The mussel was located near the,wall,neutral,0.001013503409922123,-6.894342128908879
mussel,T4,4,P08,neutral_baseline,The [ENTITY] was located near the,The mussel was located near the,door,neutral,0.00019192522449884564,-8.558404196493134
nematode,T5,5,P01,appearance_state,The [ENTITY] appeared to be,The nematode appeared to be,suffering,welfare_negative,0.00198527704924345,-6.221996752804084
nematode,T5,5,P01,appearance_state,The [ENTITY] appeared to be,The nematode appeared to be,distressed,welfare_negative,3.23406929965131e-05,-10.339181183506382
nematode,T5,5,P01,appearance_state,The [ENTITY] appeared to be,The nematode appeared to be,afraid,welfare_negative,5.653839252772741e-05,-9.78058886810366
nematode,T5,5,P01,appearance_state,The [ENTITY] appeared to be,The nematode appeared to be,hurt,welfare_negative,1.4981183085183147e-05,-11.10870893032673
nematode,T5,5,P01,appearance_state,The [ENTITY] appeared to be,The nematode appeared to be,fine,welfare_positive,0.0003369977348484099,-7.995434052414718
nematode,T5,5,P01,appearance_state,The [ENTITY] appeared to be,The nematode appeared to be,healthy,welfare_positive,0.0011136394459754229,-6.800121757183271
nematode,T5,5,P01,appearance_state,The [ENTITY] appeared to be,The nematode appeared to be,unharmed,welfare_positive,0.002692434936761856,-5.917309276704151
nematode,T5,5,P01,appearance_state,The [ENTITY] appeared to be,The nematode appeared to be,calm,welfare_positive,5.147879710420966e-05,-9.874338599237992
nematode,T5,5,P02,researcher_observation,The researcher noted that the [ENTITY]'s,The researcher noted that the nematode's,pain,welfare_negative,0.00010621725232340395,-9.150023069627855
nematode,T5,5,P02,researcher_observation,The researcher noted that the [ENTITY]'s,The researcher noted that the nematode's,suffering,welfare_negative,1.329464703303529e-05,-11.228141560675938
nematode,T5,5,P02,researcher_observation,The researcher noted that the [ENTITY]'s,The researcher noted that the nematode's,distress,welfare_negative,5.116305692354217e-05,-9.880490876285997
nematode,T5,5,P02,researcher_observation,The researcher noted that the [ENTITY]'s,The researcher noted that the nematode's,welfare,welfare_positive,6.884741742396727e-05,-9.583616391188912
nematode,T5,5,P02,researcher_observation,The researcher noted that the [ENTITY]'s,The researcher noted that the nematode's,behaviour,neutral,0.0076827784068882465,-4.868774012499806
nematode,T5,5,P02,researcher_observation,The researcher noted that the [ENTITY]'s,The researcher noted that the nematode's,movements,neutral,0.0048834714107215405,-5.3218989368765905
nematode,T5,5,P02,researcher_observation,The researcher noted that the [ENTITY]'s,The researcher noted that the nematode's,health,welfare_positive,0.0007202144479379058,-7.235961407095272
nematode,T5,5,P03,moral_framing,Many people believe that the [ENTITY] can,Many people believe that the nematode can,suffer,welfare_negative,0.00055792584316805,-7.491284322727648
nematode,T5,5,P03,moral_framing,Many people believe that the [ENTITY] can,Many people believe that the nematode can,feel,welfare_negative,0.0011095679365098476,-6.803784495696291
nematode,T5,5,P03,moral_framing,Many people believe that the [ENTITY] can,Many people believe that the nematode can,experience,welfare_negative,0.0002761933137662709,-8.194409163159458
nematode,T5,5,P03,moral_framing,Many people believe that the [ENTITY] can,Many people believe that the nematode can,think,neutral,0.0007746033370494843,-7.163159353700742
nematode,T5,5,P03,moral_framing,Many people believe that the [ENTITY] can,Many people believe that the nematode can,move,neutral,0.007012686226516962,-4.960034437860011
nematode,T5,5,P03,moral_framing,Many people believe that the [ENTITY] can,Many people believe that the nematode can,grow,neutral,0.008525257930159569,-4.764721988803209
nematode,T5,5,P04,care_intervention,It was important to ensure that the [ENTITY] did not,It was important to ensure that the nematode did not,suffer,welfare_negative,0.00812552496790886,-4.812744929111731
nematode,T5,5,P04,care_intervention,It was important to ensure that the [ENTITY] did not,It was important to ensure that the nematode did not,die,welfare_negative,0.012008747085928917,-4.422119962575407
nematode,T5,5,P04,care_intervention,It was important to ensure that the [ENTITY] did not,It was important to ensure that the nematode did not,escape,neutral,0.0478680282831192,-3.0393074633254593
nematode,T5,5,P04,care_intervention,It was important to ensure that the [ENTITY] did not,It was important to ensure that the nematode did not,move,neutral,0.019645001739263535,-3.9299323323466973
nematode,T5,5,P05,emotional_attribution,The [ENTITY] seemed to,The nematode seemed to,suffer,welfare_negative,0.0019288468174636364,-6.2508329067023425
nematode,T5,5,P05,emotional_attribution,The [ENTITY] seemed to,The nematode seemed to,fear,welfare_negative,0.0005975288222543895,-7.422707869883437
nematode,T5,5,P05,emotional_attribution,The [ENTITY] seemed to,The nematode seemed to,enjoy,welfare_positive,0.01059145200997591,-4.54770800790256
nematode,T5,5,P05,emotional_attribution,The [ENTITY] seemed to,The nematode seemed to,feel,welfare_negative,0.008918896317481995,-4.719583060057401
nematode,T5,5,P05,emotional_attribution,The [ENTITY] seemed to,The nematode seemed to,move,neutral,0.007628736551851034,-4.875833023823498
nematode,T5,5,P05,emotional_attribution,The [ENTITY] seemed to,The nematode seemed to,stop,neutral,0.0012649685377255082,-6.672707949421839
nematode,T5,5,P06,policy_framing,The law should protect the [ENTITY] from,The law should protect the nematode from,suffering,welfare_negative,0.004519233945757151,-5.3994127584010645
nematode,T5,5,P06,policy_framing,The law should protect the [ENTITY] from,The law should protect the nematode from,harm,welfare_negative,0.013704407960176468,-4.2900377416832285
nematode,T5,5,P06,policy_framing,The law should protect the [ENTITY] from,The law should protect the nematode from,pain,welfare_negative,0.0018402565037831664,-6.2978502585068785
nematode,T5,5,P06,policy_framing,The law should protect the [ENTITY] from,The law should protect the nematode from,hunters,neutral,0.00018799403915181756,-8.57909977034464
nematode,T5,5,P06,policy_framing,The law should protect the [ENTITY] from,The law should protect the nematode from,predators,neutral,0.01993979699909687,-3.9150376900720882
nematode,T5,5,P07,consciousness_probe,Scientists are uncertain whether the [ENTITY] is,Scientists are uncertain whether the nematode is,conscious,welfare_negative,0.0001389486569678411,-8.881405347711127
nematode,T5,5,P07,consciousness_probe,Scientists are uncertain whether the [ENTITY] is,Scientists are uncertain whether the nematode is,sentient,welfare_negative,0.00012455276737455279,-8.99078029464591
nematode,T5,5,P07,consciousness_probe,Scientists are uncertain whether the [ENTITY] is,Scientists are uncertain whether the nematode is,alive,neutral,0.018630251288414,-3.9829686007176504
nematode,T5,5,P07,consciousness_probe,Scientists are uncertain whether the [ENTITY] is,Scientists are uncertain whether the nematode is,dangerous,neutral,0.005014264024794102,-5.295468603171518
nematode,T5,5,P07,consciousness_probe,Scientists are uncertain whether the [ENTITY] is,Scientists are uncertain whether the nematode is,edible,neutral,0.0011014877818524837,-6.811093393278096
nematode,T5,5,P08,neutral_baseline,The [ENTITY] was located near the,The nematode was located near the,water,neutral,0.004388569388538599,-5.428751961822849
nematode,T5,5,P08,neutral_baseline,The [ENTITY] was located near the,The nematode was located near the,food,neutral,0.0009127354715019464,-6.99906434527525
nematode,T5,5,P08,neutral_baseline,The [ENTITY] was located near the,The nematode was located near the,ground,neutral,0.0030162169132381678,-5.803751877433557
nematode,T5,5,P08,neutral_baseline,The [ENTITY] was located near the,The nematode was located near the,wall,neutral,0.003581846132874489,-5.631876903994104
nematode,T5,5,P08,neutral_baseline,The [ENTITY] was located near the,The nematode was located near the,door,neutral,0.00014052035112399608,-8.870157520181849
oak tree,T6,6,P01,appearance_state,The [ENTITY] appeared to be,The oak tree appeared to be,suffering,welfare_negative,0.0018862870056182146,-6.273144876442451
oak tree,T6,6,P01,appearance_state,The [ENTITY] appeared to be,The oak tree appeared to be,distressed,welfare_negative,7.846699736546725e-05,-9.452831162881587
oak tree,T6,6,P01,appearance_state,The [ENTITY] appeared to be,The oak tree appeared to be,afraid,welfare_negative,9.80359545792453e-05,-9.230175243083886
oak tree,T6,6,P01,appearance_state,The [ENTITY] appeared to be,The oak tree appeared to be,hurt,welfare_negative,0.00027602477348409593,-8.195019574988619
oak tree,T6,6,P01,appearance_state,The [ENTITY] appeared to be,The oak tree appeared to be,fine,welfare_positive,0.00036567338975146413,-7.9137697272291465
oak tree,T6,6,P01,appearance_state,The [ENTITY] appeared to be,The oak tree appeared to be,healthy,welfare_positive,0.0011440909001976252,-6.7731448435608215
oak tree,T6,6,P01,appearance_state,The [ENTITY] appeared to be,The oak tree appeared to be,unharmed,welfare_positive,0.0021043051965534687,-6.163769891708433
oak tree,T6,6,P01,appearance_state,The [ENTITY] appeared to be,The oak tree appeared to be,calm,welfare_positive,0.00022883256315253675,-8.382519550113846
oak tree,T6,6,P02,researcher_observation,The researcher noted that the [ENTITY]'s,The researcher noted that the oak tree's,pain,welfare_negative,7.975377229740843e-05,-9.4365652620247
oak tree,T6,6,P02,researcher_observation,The researcher noted that the [ENTITY]'s,The researcher noted that the oak tree's,suffering,welfare_negative,5.996660183882341e-05,-9.721721119147606
oak tree,T6,6,P02,researcher_observation,The researcher noted that the [ENTITY]'s,The researcher noted that the oak tree's,distress,welfare_negative,2.3575168597744778e-05,-10.65531233618008
oak tree,T6,6,P02,researcher_observation,The researcher noted that the [ENTITY]'s,The researcher noted that the oak tree's,welfare,welfare_positive,4.072815954714315e-06,-12.41115136424836
oak tree,T6,6,P02,researcher_observation,The researcher noted that the [ENTITY]'s,The researcher noted that the oak tree's,behaviour,neutral,0.0004178798699285835,-7.780316319956817
oak tree,T6,6,P02,researcher_observation,The researcher noted that the [ENTITY]'s,The researcher noted that the oak tree's,movements,neutral,0.0004500743525568396,-7.706097538758961
oak tree,T6,6,P02,researcher_observation,The researcher noted that the [ENTITY]'s,The researcher noted that the oak tree's,health,welfare_positive,0.001773138646967709,-6.335003999470925
oak tree,T6,6,P03,moral_framing,Many people believe that the [ENTITY] can,Many people believe that the oak tree can,suffer,welfare_negative,0.0005359360366128385,-7.531495552102548
oak tree,T6,6,P03,moral_framing,Many people believe that the [ENTITY] can,Many people believe that the oak tree can,feel,welfare_negative,0.00043741820263676345,-7.734620606434353
oak tree,T6,6,P03,moral_framing,Many people believe that the [ENTITY] can,Many people believe that the oak tree can,experience,welfare_negative,0.00012729596346616745,-8.968994976161314
oak tree,T6,6,P03,moral_framing,Many people believe that the [ENTITY] can,Many people believe that the oak tree can,think,neutral,0.00020026465062983334,-8.515870313655823
oak tree,T6,6,P03,moral_framing,Many people believe that the [ENTITY] can,Many people believe that the oak tree can,move,neutral,0.0008045352296903729,-7.125245677405494
oak tree,T6,6,P03,moral_framing,Many people believe that the [ENTITY] can,Many people believe that the oak tree can,grow,neutral,0.04126478731632233,-3.187745747621126
oak tree,T6,6,P04,care_intervention,It was important to ensure that the [ENTITY] did not,It was important to ensure that the oak tree did not,suffer,welfare_negative,0.030211977660655975,-3.4995168186408327
oak tree,T6,6,P04,care_intervention,It was important to ensure that the [ENTITY] did not,It was important to ensure that the oak tree did not,die,welfare_negative,0.044302940368652344,-3.1167042278663066
oak tree,T6,6,P04,care_intervention,It was important to ensure that the [ENTITY] did not,It was important to ensure that the oak tree did not,escape,neutral,0.005949091631919146,-5.124516721174433
oak tree,T6,6,P04,care_intervention,It was important to ensure that the [ENTITY] did not,It was important to ensure that the oak tree did not,move,neutral,0.006382443476468325,-5.054204249237367
oak tree,T6,6,P05,emotional_attribution,The [ENTITY] seemed to,The oak tree seemed to,suffer,welfare_negative,0.00020822338410653174,-8.476898612243655
oak tree,T6,6,P05,emotional_attribution,The [ENTITY] seemed to,The oak tree seemed to,fear,welfare_negative,1.8052767700282857e-05,-10.922206010442807
oak tree,T6,6,P05,emotional_attribution,The [ENTITY] seemed to,The oak tree seemed to,enjoy,welfare_positive,0.000330150593072176,-8.015961362061393
oak tree,T6,6,P05,emotional_attribution,The [ENTITY] seemed to,The oak tree seemed to,feel,welfare_negative,0.003059820272028446,-5.789399066692363
oak tree,T6,6,P05,emotional_attribution,The [ENTITY] seemed to,The oak tree seemed to,move,neutral,0.012983362190425396,-4.344086565007961
oak tree,T6,6,P05,emotional_attribution,The [ENTITY] seemed to,The oak tree seemed to,stop,neutral,0.00047291890950873494,-7.656586411387662
oak tree,T6,6,P06,policy_framing,The law should protect the [ENTITY] from,The law should protect the oak tree from,suffering,welfare_negative,0.00035299570299685,-7.949054390628995
oak tree,T6,6,P06,policy_framing,The law should protect the [ENTITY] from,The law should protect the oak tree from,harm,welfare_negative,0.0057867784053087234,-5.152179531650534
oak tree,T6,6,P06,policy_framing,The law should protect the [ENTITY] from,The law should protect the oak tree from,pain,welfare_negative,0.00015664090460631996,-8.761553965730219
oak tree,T6,6,P06,policy_framing,The law should protect the [ENTITY] from,The law should protect the oak tree from,hunters,neutral,0.0010375120909884572,-6.870929555578135
oak tree,T6,6,P06,policy_framing,The law should protect the [ENTITY] from,The law should protect the oak tree from,predators,neutral,0.002608305076137185,-5.9490546263734725
oak tree,T6,6,P07,consciousness_probe,Scientists are uncertain whether the [ENTITY] is,Scientists are uncertain whether the oak tree is,conscious,welfare_negative,0.00019864676869474351,-8.523981838753935
oak tree,T6,6,P07,consciousness_probe,Scientists are uncertain whether the [ENTITY] is,Scientists are uncertain whether the oak tree is,sentient,welfare_negative,1.4001780073158443e-05,-11.176318946425347
oak tree,T6,6,P07,consciousness_probe,Scientists are uncertain whether the [ENTITY] is,Scientists are uncertain whether the oak tree is,alive,neutral,0.013185074552893639,-4.328669797236629
oak tree,T6,6,P07,consciousness_probe,Scientists are uncertain whether the [ENTITY] is,Scientists are uncertain whether the oak tree is,dangerous,neutral,0.0008363341330550611,-7.086482224473323
oak tree,T6,6,P07,consciousness_probe,Scientists are uncertain whether the [ENTITY] is,Scientists are uncertain whether the oak tree is,edible,neutral,0.0004691409121733159,-7.664607169094097
oak tree,T6,6,P08,neutral_baseline,The [ENTITY] was located near the,The oak tree was located near the,water,neutral,0.006081304978579283,-5.10253595495619
oak tree,T6,6,P08,neutral_baseline,The [ENTITY] was located near the,The oak tree was located near the,food,neutral,9.564379433868453e-05,-9.25487869747996
oak tree,T6,6,P08,neutral_baseline,The [ENTITY] was located near the,The oak tree was located near the,ground,neutral,0.0007493637385778129,-7.19628592660159
oak tree,T6,6,P08,neutral_baseline,The [ENTITY] was located near the,The oak tree was located near the,wall,neutral,0.0018259389325976372,-6.305660885867515
oak tree,T6,6,P08,neutral_baseline,The [ENTITY] was located near the,The oak tree was located near the,door,neutral,0.002574986545369029,-5.961910931144341
octopus,T4,4,P01,appearance_state,The [ENTITY] appeared to be,The octopus appeared to be,suffering,welfare_negative,0.003817690070718527,-5.568109706599854
octopus,T4,4,P01,appearance_state,The [ENTITY] appeared to be,The octopus appeared to be,distressed,welfare_negative,0.000684474129229784,-7.286859562987926
octopus,T4,4,P01,appearance_state,The [ENTITY] appeared to be,The octopus appeared to be,afraid,welfare_negative,0.0015424862504005432,-6.474359651234877
octopus,T4,4,P01,appearance_state,The [ENTITY] appeared to be,The octopus appeared to be,hurt,welfare_negative,0.0006430039647966623,-7.349359512134408
octopus,T4,4,P01,appearance_state,The [ENTITY] appeared to be,The octopus appeared to be,fine,welfare_positive,0.0013297062832862139,-6.622797125566988
octopus,T4,4,P01,appearance_state,The [ENTITY] appeared to be,The octopus appeared to be,healthy,welfare_positive,0.0006898425053805113,-7.279047094537775
octopus,T4,4,P01,appearance_state,The [ENTITY] appeared to be,The octopus appeared to be,unharmed,welfare_positive,0.004258941393345594,-5.4587346253165405
octopus,T4,4,P01,appearance_state,The [ENTITY] appeared to be,The octopus appeared to be,calm,welfare_positive,0.0020756421145051718,-6.177484672218672
octopus,T4,4,P02,researcher_observation,The researcher noted that the [ENTITY]'s,The researcher noted that the octopus's,pain,welfare_negative,0.00020044564735144377,-8.5149669346087
octopus,T4,4,P02,researcher_observation,The researcher noted that the [ENTITY]'s,The researcher noted that the octopus's,suffering,welfare_negative,3.65038649761118e-05,-10.218089673793068
octopus,T4,4,P02,researcher_observation,The researcher noted that the [ENTITY]'s,The researcher noted that the octopus's,distress,welfare_negative,7.091490988386795e-05,-9.554028441841446
octopus,T4,4,P02,researcher_observation,The researcher noted that the [ENTITY]'s,The researcher noted that the octopus's,welfare,welfare_positive,6.714088522130623e-05,-9.608715892386803
octopus,T4,4,P02,researcher_observation,The researcher noted that the [ENTITY]'s,The researcher noted that the octopus's,behaviour,neutral,0.007065953221172094,-4.952467336184737
octopus,T4,4,P02,researcher_observation,The researcher noted that the [ENTITY]'s,The researcher noted that the octopus's,movements,neutral,0.008725287392735481,-4.741529860979712
octopus,T4,4,P02,researcher_observation,The researcher noted that the [ENTITY]'s,The researcher noted that the octopus's,health,welfare_positive,0.0002184332988690585,-8.429029400560767
octopus,T4,4,P03,moral_framing,Many people believe that the [ENTITY] can,Many people believe that the octopus can,suffer,welfare_negative,0.0003270826709922403,-8.025297296796635
octopus,T4,4,P03,moral_framing,Many people believe that the [ENTITY] can,Many people believe that the octopus can,feel,welfare_negative,0.005935166962444782,-5.126860102631789
octopus,T4,4,P03,moral_framing,Many people believe that the [ENTITY] can,Many people believe that the octopus can,experience,welfare_negative,0.00022834049013908952,-8.384672227244135
octopus,T4,4,P03,moral_framing,Many people believe that the [ENTITY] can,Many people believe that the octopus can,think,neutral,0.0022527354303747416,-6.095610009963867
octopus,T4,4,P03,moral_framing,Many people believe that the [ENTITY] can,Many people believe that the octopus can,move,neutral,0.010831490159034729,-4.52529762272355
octopus,T4,4,P03,moral_framing,Many people believe that the [ENTITY] can,Many people believe that the octopus can,grow,neutral,0.006673087365925312,-5.009672637709837
octopus,T4,4,P04,care_intervention,It was important to ensure that the [ENTITY] did not,It was important to ensure that the octopus did not,suffer,welfare_negative,0.020406760275363922,-3.891889042080607
octopus,T4,4,P04,care_intervention,It was important to ensure that the [ENTITY] did not,It was important to ensure that the octopus did not,die,welfare_negative,0.015646405518054962,-4.157514061342584
octopus,T4,4,P04,care_intervention,It was important to ensure that the [ENTITY] did not,It was important to ensure that the octopus did not,escape,neutral,0.09145675599575043,-2.391889029391834
octopus,T4,4,P04,care_intervention,It was important to ensure that the [ENTITY] did not,It was important to ensure that the octopus did not,move,neutral,0.011627422645688057,-4.454388940991465
octopus,T4,4,P05,emotional_attribution,The [ENTITY] seemed to,The octopus seemed to,suffer,welfare_negative,0.0006299795932136476,-7.3698229720924
octopus,T4,4,P05,emotional_attribution,The [ENTITY] seemed to,The octopus seemed to,fear,welfare_negative,0.00040993557195179164,-7.799510308254206
octopus,T4,4,P05,emotional_attribution,The [ENTITY] seemed to,The octopus seemed to,enjoy,welfare_positive,0.010738867335021496,-4.533885648439489
octopus,T4,4,P05,emotional_attribution,The [ENTITY] seemed to,The octopus seemed to,feel,welfare_negative,0.00955134630203247,-4.651073149920862
octopus,T4,4,P05,emotional_attribution,The [ENTITY] seemed to,The octopus seemed to,move,neutral,0.005930566228926182,-5.127635568184133
octopus,T4,4,P05,emotional_attribution,The [ENTITY] seemed to,The octopus seemed to,stop,neutral,0.0008610800723545253,-7.057322942477174
octopus,T4,4,P06,policy_framing,The law should protect the [ENTITY] from,The law should protect the octopus from,suffering,welfare_negative,0.0014321014750748873,-6.548612280644395
octopus,T4,4,P06,policy_framing,The law should protect the [ENTITY] from,The law should protect the octopus from,harm,welfare_negative,0.011089712381362915,-4.5017374038925615
octopus,T4,4,P06,policy_framing,The law should protect the [ENTITY] from,The law should protect the octopus from,pain,welfare_negative,0.0006016709376126528,-7.41579971116162
octopus,T4,4,P06,policy_framing,The law should protect the [ENTITY] from,The law should protect the octopus from,hunters,neutral,0.0018245445098727942,-6.306424851922007
octopus,T4,4,P06,policy_framing,The law should protect the [ENTITY] from,The law should protect the octopus from,predators,neutral,0.024603601545095444,-3.704862438423261
octopus,T4,4,P07,consciousness_probe,Scientists are uncertain whether the [ENTITY] is,Scientists are uncertain whether the octopus is,conscious,welfare_negative,0.002352040493860841,-6.052471989800122
octopus,T4,4,P07,consciousness_probe,Scientists are uncertain whether the [ENTITY] is,Scientists are uncertain whether the octopus is,sentient,welfare_negative,0.00020713094272650778,-8.482158908344942
octopus,T4,4,P07,consciousness_probe,Scientists are uncertain whether the [ENTITY] is,Scientists are uncertain whether the octopus is,alive,neutral,0.013535059988498688,-4.302471916435613
octopus,T4,4,P07,consciousness_probe,Scientists are uncertain whether the [ENTITY] is,Scientists are uncertain whether the octopus is,dangerous,neutral,0.004463389050215483,-5.4118469023758875
octopus,T4,4,P07,consciousness_probe,Scientists are uncertain whether the [ENTITY] is,Scientists are uncertain whether the octopus is,edible,neutral,0.0018033721717074513,-6.318096882580912
octopus,T4,4,P08,neutral_baseline,The [ENTITY] was located near the,The octopus was located near the,water,neutral,0.01665499061346054,-4.095045364919325
octopus,T4,4,P08,neutral_baseline,The [ENTITY] was located near the,The octopus was located near the,food,neutral,0.00025092464056797326,-8.290357502167613
octopus,T4,4,P08,neutral_baseline,The [ENTITY] was located near the,The octopus was located near the,ground,neutral,0.001048211008310318,-6.8606702741420404
octopus,T4,4,P08,neutral_baseline,The [ENTITY] was located near the,The octopus was located near the,wall,neutral,0.003491075709462166,-5.65754533540835
octopus,T4,4,P08,neutral_baseline,The [ENTITY] was located near the,The octopus was located near the,door,neutral,0.0008965823799371719,-7.016920266990209
patient,T1,1,P01,appearance_state,The [ENTITY] appeared to be,The patient appeared to be,suffering,welfare_negative,0.019931240007281303,-3.9154669235481405
patient,T1,1,P01,appearance_state,The [ENTITY] appeared to be,The patient appeared to be,distressed,welfare_negative,0.003129038494080305,-5.767029480053688
patient,T1,1,P01,appearance_state,The [ENTITY] appeared to be,The patient appeared to be,afraid,welfare_negative,0.00024128553923219442,-8.329529101268461
patient,T1,1,P01,appearance_state,The [ENTITY] appeared to be,The patient appeared to be,hurt,welfare_negative,6.8715339693881106e-06,-11.888108638759673
patient,T1,1,P01,appearance_state,The [ENTITY] appeared to be,The patient appeared to be,fine,welfare_positive,0.0011332626454532146,-6.782654421391458
patient,T1,1,P01,appearance_state,The [ENTITY] appeared to be,The patient appeared to be,healthy,welfare_positive,0.005158912856131792,-5.267029389098482
patient,T1,1,P01,appearance_state,The [ENTITY] appeared to be,The patient appeared to be,unharmed,welfare_positive,0.002826850861310959,-5.8685919213947795
patient,T1,1,P01,appearance_state,The [ENTITY] appeared to be,The patient appeared to be,calm,welfare_positive,0.0019581022206693888,-6.235779478491818
patient,T1,1,P02,researcher_observation,The researcher noted that the [ENTITY]'s,The researcher noted that the patient's,pain,welfare_negative,0.0123565923422575,-4.39356555733671
patient,T1,1,P02,researcher_observation,The researcher noted that the [ENTITY]'s,The researcher noted that the patient's,suffering,welfare_negative,0.0005601446027867496,-7.487315409780568
patient,T1,1,P02,researcher_observation,The researcher noted that the [ENTITY]'s,The researcher noted that the patient's,distress,welfare_negative,0.001242735073901713,-6.690440543133709
patient,T1,1,P02,researcher_observation,The researcher noted that the [ENTITY]'s,The researcher noted that the patient's,welfare,welfare_positive,3.651511360658333e-05,-10.217781573078192
patient,T1,1,P02,researcher_observation,The researcher noted that the [ENTITY]'s,The researcher noted that the patient's,behaviour,neutral,0.0020014606416225433,-6.213877994201882
patient,T1,1,P02,researcher_observation,The researcher noted that the [ENTITY]'s,The researcher noted that the patient's,movements,neutral,0.00045717667671851814,-7.690440421912626
patient,T1,1,P02,researcher_observation,The researcher noted that the [ENTITY]'s,The researcher noted that the patient's,health,welfare_positive,0.004801254253834486,-5.338878071491869
patient,T1,1,P03,moral_framing,Many people believe that the [ENTITY] can,Many people believe that the patient can,suffer,welfare_negative,0.003320603631436825,-5.707608665767547
patient,T1,1,P03,moral_framing,Many people believe that the [ENTITY] can,Many people believe that the patient can,feel,welfare_negative,0.005224043037742376,-5.254483629434449
patient,T1,1,P03,moral_framing,Many people believe that the [ENTITY] can,Many people believe that the patient can,experience,welfare_negative,0.0030234442092478275,-5.8013585977201885
patient,T1,1,P03,moral_framing,Many people believe that the [ENTITY] can,Many people believe that the patient can,think,neutral,0.0017093003261834383,-6.371671099669936
patient,T1,1,P03,moral_framing,Many people believe that the [ENTITY] can,Many people believe that the patient can,move,neutral,0.0017227065982297063,-6.363858563303508
patient,T1,1,P03,moral_framing,Many people believe that the [ENTITY] can,Many people believe that the patient can,grow,neutral,0.0005463251727633178,-7.512296021938851
patient,T1,1,P04,care_intervention,It was important to ensure that the [ENTITY] did not,It was important to ensure that the patient did not,suffer,welfare_negative,0.040764257311820984,-3.199949625350587
patient,T1,1,P04,care_intervention,It was important to ensure that the [ENTITY] did not,It was important to ensure that the patient did not,die,welfare_negative,0.003942709416151047,-5.535887097571193
patient,T1,1,P04,care_intervention,It was important to ensure that the [ENTITY] did not,It was important to ensure that the patient did not,escape,neutral,0.00035267992643639445,-7.949949352786864
patient,T1,1,P04,care_intervention,It was important to ensure that the [ENTITY] did not,It was important to ensure that the patient did not,move,neutral,0.010717395693063736,-4.53588708260321
patient,T1,1,P05,emotional_attribution,The [ENTITY] seemed to,The patient seemed to,suffer,welfare_negative,0.004907108843326569,-5.317070320505463
patient,T1,1,P05,emotional_attribution,The [ENTITY] seemed to,The patient seemed to,fear,welfare_negative,0.0004423892532940954,-7.723320173836658
patient,T1,1,P05,emotional_attribution,The [ENTITY] seemed to,The patient seemed to,enjoy,welfare_positive,0.004068135749548674,-5.504570406675765
patient,T1,1,P05,emotional_attribution,The [ENTITY] seemed to,The patient seemed to,feel,welfare_negative,0.008478722535073757,-4.77019547318096
patient,T1,1,P05,emotional_attribution,The [ENTITY] seemed to,The patient seemed to,move,neutral,0.00040914316195994616,-7.801445189512298
patient,T1,1,P05,emotional_attribution,The [ENTITY] seemed to,The patient seemed to,stop,neutral,0.0003754508506972343,-7.887382719267547
patient,T1,1,P06,policy_framing,The law should protect the [ENTITY] from,The law should protect the patient from,suffering,welfare_negative,0.010768775828182697,-4.53110444996648
patient,T1,1,P06,policy_framing,The law should protect the [ENTITY] from,The law should protect the patient from,harm,welfare_negative,0.01694166287779808,-4.077979425875275
patient,T1,1,P06,policy_framing,The law should protect the [ENTITY] from,The law should protect the patient from,pain,welfare_negative,0.003930781502276659,-5.538916991888741
patient,T1,1,P06,policy_framing,The law should protect the [ENTITY] from,The law should protect the patient from,hunters,neutral,7.38241283215757e-07,-14.118859675858142
patient,T1,1,P06,policy_framing,The law should protect the [ENTITY] from,The law should protect the patient from,predators,neutral,0.00011150769569212571,-9.10141605298684
patient,T1,1,P07,consciousness_probe,Scientists are uncertain whether the [ENTITY] is,Scientists are uncertain whether the patient is,conscious,welfare_negative,0.016965294256806374,-4.076585530067916
patient,T1,1,P07,consciousness_probe,Scientists are uncertain whether the [ENTITY] is,Scientists are uncertain whether the patient is,sentient,welfare_negative,4.600585816660896e-05,-9.9867396445018
patient,T1,1,P07,consciousness_probe,Scientists are uncertain whether the [ENTITY] is,Scientists are uncertain whether the patient is,alive,neutral,0.0400666669011116,-3.217210537201928
patient,T1,1,P07,consciousness_probe,Scientists are uncertain whether the [ENTITY] is,Scientists are uncertain whether the patient is,dangerous,neutral,0.00029882631497457623,-8.115647705083601
patient,T1,1,P07,consciousness_probe,Scientists are uncertain whether the [ENTITY] is,Scientists are uncertain whether the patient is,edible,neutral,4.6997947720228694e-06,-12.2679704384302
patient,T1,1,P08,neutral_baseline,The [ENTITY] was located near the,The patient was located near the,water,neutral,0.00037005514604970813,-7.9018582498243175
patient,T1,1,P08,neutral_baseline,The [ENTITY] was located near the,The patient was located near the,food,neutral,5.372962186811492e-05,-9.83154422970977
patient,T1,1,P08,neutral_baseline,The [ENTITY] was located near the,The patient was located near the,ground,neutral,0.003098433604463935,-5.7768585518007125
patient,T1,1,P08,neutral_baseline,The [ENTITY] was located near the,The patient was located near the,wall,neutral,0.0020161892753094435,-6.206545997019342
patient,T1,1,P08,neutral_baseline,The [ENTITY] was located near the,The patient was located near the,door,neutral,0.0006393979419954121,-7.354983383596252
pig,T2,2,P01,appearance_state,The [ENTITY] appeared to be,The pig appeared to be,suffering,welfare_negative,0.009164039045572281,-4.692468242731278
pig,T2,2,P01,appearance_state,The [ENTITY] appeared to be,The pig appeared to be,distressed,welfare_negative,0.0022990007419139147,-6.07528066699241
pig,T2,2,P01,appearance_state,The [ENTITY] appeared to be,The pig appeared to be,afraid,welfare_negative,0.002060811035335064,-6.184655618664789
pig,T2,2,P01,appearance_state,The [ENTITY] appeared to be,The pig appeared to be,hurt,welfare_negative,0.000599730177782476,-7.419030540849397
pig,T2,2,P01,appearance_state,The [ENTITY] appeared to be,The pig appeared to be,fine,welfare_positive,0.003505557309836149,-5.65340573837643
pig,T2,2,P01,appearance_state,The [ENTITY] appeared to be,The pig appeared to be,healthy,welfare_positive,0.00306956865824759,-5.786218196876005
pig,T2,2,P01,appearance_state,The [ENTITY] appeared to be,The pig appeared to be,unharmed,welfare_positive,0.003880298463627696,-5.551843178918826
pig,T2,2,P01,appearance_state,The [ENTITY] appeared to be,The pig appeared to be,calm,welfare_positive,0.003451208584010601,-5.669030766103236
pig,T2,2,P02,researcher_observation,The researcher noted that the [ENTITY]'s,The researcher noted that the pig's,pain,welfare_negative,0.0007216716185212135,-7.233940205959954
pig,T2,2,P02,researcher_observation,The researcher noted that the [ENTITY]'s,The researcher noted that the pig's,suffering,welfare_negative,0.0002881846739910543,-8.151908707192627
pig,T2,2,P02,researcher_observation,The researcher noted that the [ENTITY]'s,The researcher noted that the pig's,distress,welfare_negative,0.0003343000716995448,-8.003471250929186
pig,T2,2,P02,researcher_observation,The researcher noted that the [ENTITY]'s,The researcher noted that the pig's,welfare,welfare_positive,0.0013694921508431435,-6.593315227661127
pig,T2,2,P02,researcher_observation,The researcher noted that the [ENTITY]'s,The researcher noted that the pig's,behaviour,neutral,0.024274829775094986,-3.7183152730643223
pig,T2,2,P02,researcher_observation,The researcher noted that the [ENTITY]'s,The researcher noted that the pig's,movements,neutral,0.004742798861116171,-5.351127819424793
pig,T2,2,P02,researcher_observation,The researcher noted that the [ENTITY]'s,The researcher noted that the pig's,health,welfare_positive,0.003134798724204302,-5.765190277864012
pig,T2,2,P03,moral_framing,Many people believe that the [ENTITY] can,Many people believe that the pig can,suffer,welfare_negative,0.0017247217474505305,-6.362689489355412
pig,T2,2,P03,moral_framing,Many people believe that the [ENTITY] can,Many people believe that the pig can,feel,welfare_negative,0.004169842693954706,-5.4798769431735
pig,T2,2,P03,moral_framing,Many people believe that the [ENTITY] can,Many people believe that the pig can,experience,welfare_negative,0.0003165586676914245,-8.058001653706711
pig,T2,2,P03,moral_framing,Many people believe that the [ENTITY] can,Many people believe that the pig can,think,neutral,0.002650513080880046,-5.933002004570078
pig,T2,2,P03,moral_framing,Many people believe that the [ENTITY] can,Many people believe that the pig can,move,neutral,0.001546030631288886,-6.47206445107858
pig,T2,2,P03,moral_framing,Many people believe that the [ENTITY] can,Many people believe that the pig can,grow,neutral,0.004688279703259468,-5.362689543492884
pig,T2,2,P04,care_intervention,It was important to ensure that the [ENTITY] did not,It was important to ensure that the pig did not,suffer,welfare_negative,0.06620706617832184,-2.7149680803712504
pig,T2,2,P04,care_intervention,It was important to ensure that the [ENTITY] did not,It was important to ensure that the pig did not,die,welfare_negative,0.023792007938027382,-3.73840555141859
pig,T2,2,P04,care_intervention,It was important to ensure that the [ENTITY] did not,It was important to ensure that the pig did not,escape,neutral,0.028475306928157806,-3.558717987330978
pig,T2,2,P04,care_intervention,It was important to ensure that the [ENTITY] did not,It was important to ensure that the pig did not,move,neutral,0.005350351333618164,-5.230593031704859
pig,T2,2,P05,emotional_attribution,The [ENTITY] seemed to,The pig seemed to,suffer,welfare_negative,0.0012913023820146918,-6.652103894008124
pig,T2,2,P05,emotional_attribution,The [ENTITY] seemed to,The pig seemed to,fear,welfare_negative,0.0005912012420594692,-7.433353918272863
pig,T2,2,P05,emotional_attribution,The [ENTITY] seemed to,The pig seemed to,enjoy,welfare_positive,0.019425543025135994,-3.9411664230093413
pig,T2,2,P05,emotional_attribution,The [ENTITY] seemed to,The pig seemed to,feel,welfare_negative,0.01957789808511734,-3.933353992630558
pig,T2,2,P05,emotional_attribution,The [ENTITY] seemed to,The pig seemed to,move,neutral,0.001938474364578724,-6.245853973713473
pig,T2,2,P05,emotional_attribution,The [ENTITY] seemed to,The pig seemed to,stop,neutral,0.0006911843083798885,-7.277103898049612
pig,T2,2,P06,policy_framing,The law should protect the [ENTITY] from,The law should protect the pig from,suffering,welfare_negative,0.008918865583837032,-4.719586505965557
pig,T2,2,P06,policy_framing,The law should protect the [ENTITY] from,The law should protect the pig from,harm,welfare_negative,0.011274502612650394,-4.485211499874231
pig,T2,2,P06,policy_framing,The law should protect the [ENTITY] from,The law should protect the pig from,pain,welfare_negative,0.0039887637831270695,-5.524273899807005
pig,T2,2,P06,policy_framing,The law should protect the [ENTITY] from,The law should protect the pig from,hunters,neutral,0.002535412320867181,-5.977398964494295
pig,T2,2,P06,policy_framing,The law should protect the [ENTITY] from,The law should protect the pig from,predators,neutral,0.006177918054163456,-5.0867739325237356
pig,T2,2,P07,consciousness_probe,Scientists are uncertain whether the [ENTITY] is,Scientists are uncertain whether the pig is,conscious,welfare_negative,0.0024525481276214123,-6.010627702040667
pig,T2,2,P07,consciousness_probe,Scientists are uncertain whether the [ENTITY] is,Scientists are uncertain whether the pig is,sentient,welfare_negative,0.0002109788329107687,-8.463752273497747
pig,T2,2,P07,consciousness_probe,Scientists are uncertain whether the [ENTITY] is,Scientists are uncertain whether the pig is,alive,neutral,0.02616218291223049,-3.643440307395011
pig,T2,2,P07,consciousness_probe,Scientists are uncertain whether the [ENTITY] is,Scientists are uncertain whether the pig is,dangerous,neutral,0.0013865449000149965,-6.580940237600287
pig,T2,2,P07,consciousness_probe,Scientists are uncertain whether the [ENTITY] is,Scientists are uncertain whether the pig is,edible,neutral,0.0005140819703228772,-7.573127635366123
pig,T2,2,P08,neutral_baseline,The [ENTITY] was located near the,The pig was located near the,water,neutral,0.006591801065951586,-5.021928649761978
pig,T2,2,P08,neutral_baseline,The [ENTITY] was located near the,The pig was located near the,food,neutral,0.0004850281111430377,-7.6313035014132105
pig,T2,2,P08,neutral_baseline,The [ENTITY] was located near the,The pig was located near the,ground,neutral,0.0008446264546364546,-7.07661597547033
pig,T2,2,P08,neutral_baseline,The [ENTITY] was located near the,The pig was located near the,wall,neutral,0.0011277241865172982,-6.787553582629747
pig,T2,2,P08,neutral_baseline,The [ENTITY] was located near the,The pig was located near the,door,neutral,0.0012289241421967745,-6.70161609212342
pigeon,T3,3,P01,appearance_state,The [ENTITY] appeared to be,The pigeon appeared to be,suffering,welfare_negative,0.007931249216198921,-4.836944712717634
pigeon,T3,3,P01,appearance_state,The [ENTITY] appeared to be,The pigeon appeared to be,distressed,welfare_negative,0.001825877116061747,-6.305694741095537
pigeon,T3,3,P01,appearance_state,The [ENTITY] appeared to be,The pigeon appeared to be,afraid,welfare_negative,0.0018116679275408387,-6.31350729590486
pigeon,T3,3,P01,appearance_state,The [ENTITY] appeared to be,The pigeon appeared to be,hurt,welfare_negative,0.0020369132980704308,-6.196319657088739
pigeon,T3,3,P01,appearance_state,The [ENTITY] appeared to be,The pigeon appeared to be,fine,welfare_positive,0.0010988321155309677,-6.813507285342431
pigeon,T3,3,P01,appearance_state,The [ENTITY] appeared to be,The pigeon appeared to be,healthy,welfare_positive,0.0007435070583596826,-7.204132164188849
pigeon,T3,3,P01,appearance_state,The [ENTITY] appeared to be,The pigeon appeared to be,unharmed,welfare_positive,0.004345965571701527,-5.438507296005251
pigeon,T3,3,P01,appearance_state,The [ENTITY] appeared to be,The pigeon appeared to be,calm,welfare_positive,0.0017287058290094137,-6.360382168291074
pigeon,T3,3,P02,researcher_observation,The researcher noted that the [ENTITY]'s,The researcher noted that the pigeon's,pain,welfare_negative,0.00037256578798405826,-7.895096655292054
pigeon,T3,3,P02,researcher_observation,The researcher noted that the [ENTITY]'s,The researcher noted that the pigeon's,suffering,welfare_negative,0.00022509160044137388,-8.399002681271643
pigeon,T3,3,P02,researcher_observation,The researcher noted that the [ENTITY]'s,The researcher noted that the pigeon's,distress,welfare_negative,0.0004304989706724882,-7.750565392815455
pigeon,T3,3,P02,researcher_observation,The researcher noted that the [ENTITY]'s,The researcher noted that the pigeon's,welfare,welfare_positive,0.00021562454639934003,-8.441971410067113
pigeon,T3,3,P02,researcher_observation,The researcher noted that the [ENTITY]'s,The researcher noted that the pigeon's,behaviour,neutral,0.01634477637708187,-4.113846914208014
pigeon,T3,3,P02,researcher_observation,The researcher noted that the [ENTITY]'s,The researcher noted that the pigeon's,movements,neutral,0.006400706712156534,-5.051346855315034
pigeon,T3,3,P02,researcher_observation,The researcher noted that the [ENTITY]'s,The researcher noted that the pigeon's,health,welfare_positive,0.0015685606049373746,-6.457596828540307
pigeon,T3,3,P03,moral_framing,Many people believe that the [ENTITY] can,Many people believe that the pigeon can,suffer,welfare_negative,0.0007606277940794826,-7.181366289359407
pigeon,T3,3,P03,moral_framing,Many people believe that the [ENTITY] can,Many people believe that the pigeon can,feel,welfare_negative,0.004309250041842461,-5.446991371013962
pigeon,T3,3,P03,moral_framing,Many people believe that the [ENTITY] can,Many people believe that the pigeon can,experience,welfare_negative,0.0003170768322888762,-8.056366124922668
pigeon,T3,3,P03,moral_framing,Many people believe that the [ENTITY] can,Many people believe that the pigeon can,think,neutral,0.0026756739243865013,-5.923553958640441
pigeon,T3,3,P03,moral_framing,Many people believe that the [ENTITY] can,Many people believe that the pigeon can,move,neutral,0.002760609146207571,-5.892303882233318
pigeon,T3,3,P03,moral_framing,Many people believe that the [ENTITY] can,Many people believe that the pigeon can,grow,neutral,0.0006064253975637257,-7.407928677086496
pigeon,T3,3,P04,care_intervention,It was important to ensure that the [ENTITY] did not,It was important to ensure that the pigeon did not,suffer,welfare_negative,0.045882437378168106,-3.0816728608835184
pigeon,T3,3,P04,care_intervention,It was important to ensure that the [ENTITY] did not,It was important to ensure that the pigeon did not,die,welfare_negative,0.022014634683728218,-3.816047829340678
pigeon,T3,3,P04,care_intervention,It was important to ensure that the [ENTITY] did not,It was important to ensure that the pigeon did not,escape,neutral,0.02289159782230854,-3.77698533870326
pigeon,T3,3,P04,care_intervention,It was important to ensure that the [ENTITY] did not,It was important to ensure that the pigeon did not,move,neutral,0.007316594012081623,-4.917610344522431
pigeon,T3,3,P05,emotional_attribution,The [ENTITY] seemed to,The pigeon seemed to,suffer,welfare_negative,0.0007774700643494725,-7.159465288474224
pigeon,T3,3,P05,emotional_attribution,The [ENTITY] seemed to,The pigeon seemed to,fear,welfare_negative,0.0004096979391761124,-7.8000901594221395
pigeon,T3,3,P05,emotional_attribution,The [ENTITY] seemed to,The pigeon seemed to,enjoy,welfare_positive,0.007434285245835781,-4.901652823954053
pigeon,T3,3,P05,emotional_attribution,The [ENTITY] seemed to,The pigeon seemed to,feel,welfare_negative,0.013567333109676838,-4.300090345474172
pigeon,T3,3,P05,emotional_attribution,The [ENTITY] seemed to,The pigeon seemed to,move,neutral,0.0027563711628317833,-5.893840224151668
pigeon,T3,3,P05,emotional_attribution,The [ENTITY] seemed to,The pigeon seemed to,stop,neutral,0.0008538839174434543,-7.06571518435499
pigeon,T3,3,P06,policy_framing,The law should protect the [ENTITY] from,The law should protect the pigeon from,suffering,welfare_negative,0.002860110951587558,-5.8568948256777915
pigeon,T3,3,P06,policy_framing,The law should protect the [ENTITY] from,The law should protect the pigeon from,harm,welfare_negative,0.010626601986587048,-4.544394790918557
pigeon,T3,3,P06,policy_framing,The law should protect the [ENTITY] from,The law should protect the pigeon from,pain,welfare_negative,0.0008004533592611551,-7.13033216680399
pigeon,T3,3,P06,policy_framing,The law should protect the [ENTITY] from,The law should protect the pigeon from,hunters,neutral,0.005098699126392603,-5.27876982543208
pigeon,T3,3,P06,policy_framing,The law should protect the [ENTITY] from,The law should protect the pigeon from,predators,neutral,0.014299655333161354,-4.247519837589701
pigeon,T3,3,P07,consciousness_probe,Scientists are uncertain whether the [ENTITY] is,Scientists are uncertain whether the pigeon is,conscious,welfare_negative,0.003328984137624502,-5.705088055268436
pigeon,T3,3,P07,consciousness_probe,Scientists are uncertain whether the [ENTITY] is,Scientists are uncertain whether the pigeon is,sentient,welfare_negative,0.00010291053331457078,-9.181649584072721
pigeon,T3,3,P07,consciousness_probe,Scientists are uncertain whether the [ENTITY] is,Scientists are uncertain whether the pigeon is,alive,neutral,0.051266737282276154,-2.970713131211459
pigeon,T3,3,P07,consciousness_probe,Scientists are uncertain whether the [ENTITY] is,Scientists are uncertain whether the pigeon is,dangerous,neutral,0.0008684173808433115,-7.048837990218809
pigeon,T3,3,P07,consciousness_probe,Scientists are uncertain whether the [ENTITY] is,Scientists are uncertain whether the pigeon is,edible,neutral,0.000252723868470639,-8.283212698560185
pigeon,T3,3,P08,neutral_baseline,The [ENTITY] was located near the,The pigeon was located near the,water,neutral,0.006353324744850397,-5.0587770054927015
pigeon,T3,3,P08,neutral_baseline,The [ENTITY] was located near the,The pigeon was located near the,food,neutral,0.00030065164901316166,-8.109557943056197
pigeon,T3,3,P08,neutral_baseline,The [ENTITY] was located near the,The pigeon was located near the,ground,neutral,0.0024686360266059637,-6.004089456310437
pigeon,T3,3,P08,neutral_baseline,The [ENTITY] was located near the,The pigeon was located near the,wall,neutral,0.0018202580977231264,-6.308776921074749
pigeon,T3,3,P08,neutral_baseline,The [ENTITY] was located near the,The pigeon was located near the,door,neutral,0.0016966670518741012,-6.379089451110979
prisoner,T1,1,P01,appearance_state,The [ENTITY] appeared to be,The prisoner appeared to be,suffering,welfare_negative,0.027725474908947945,-3.5854036130178844
prisoner,T1,1,P01,appearance_state,The [ENTITY] appeared to be,The prisoner appeared to be,distressed,welfare_negative,0.0010834649438038468,-6.827590999802857
prisoner,T1,1,P01,appearance_state,The [ENTITY] appeared to be,The prisoner appeared to be,afraid,welfare_negative,0.0017586371395736933,-6.343216065550584
prisoner,T1,1,P01,appearance_state,The [ENTITY] appeared to be,The prisoner appeared to be,hurt,welfare_negative,0.000211686608963646,-8.460403164205093
prisoner,T1,1,P01,appearance_state,The [ENTITY] appeared to be,The prisoner appeared to be,fine,welfare_positive,0.00039858449599705637,-7.827590796198117
prisoner,T1,1,P01,appearance_state,The [ENTITY] appeared to be,The prisoner appeared to be,healthy,welfare_positive,0.00133790064137429,-6.616653504352041
prisoner,T1,1,P01,appearance_state,The [ENTITY] appeared to be,The prisoner appeared to be,unharmed,welfare_positive,0.004455889109522104,-5.413528639879421
prisoner,T1,1,P01,appearance_state,The [ENTITY] appeared to be,The prisoner appeared to be,calm,welfare_positive,0.006534129846841097,-5.030716078207768
prisoner,T1,1,P02,researcher_observation,The researcher noted that the [ENTITY]'s,The researcher noted that the prisoner's,pain,welfare_negative,0.0004905395326204598,-7.620004481773577
prisoner,T1,1,P02,researcher_observation,The researcher noted that the [ENTITY]'s,The researcher noted that the prisoner's,suffering,welfare_negative,0.0006298652151599526,-7.3700045468944575
prisoner,T1,1,P02,researcher_observation,The researcher noted that the [ENTITY]'s,The researcher noted that the prisoner's,distress,welfare_negative,0.0004066715482622385,-7.807504459154933
prisoner,T1,1,P02,researcher_observation,The researcher noted that the [ENTITY]'s,The researcher noted that the prisoner's,welfare,welfare_positive,0.00014164421008899808,-8.86219150129794
prisoner,T1,1,P02,researcher_observation,The researcher noted that the [ENTITY]'s,The researcher noted that the prisoner's,behaviour,neutral,0.008493601344525814,-4.768442170192658
prisoner,T1,1,P02,researcher_observation,The researcher noted that the [ENTITY]'s,The researcher noted that the prisoner's,movements,neutral,0.002590402029454708,-5.955942152984915
prisoner,T1,1,P02,researcher_observation,The researcher noted that the [ENTITY]'s,The researcher noted that the prisoner's,health,welfare_positive,0.002672630362212658,-5.924692099713004
prisoner,T1,1,P03,moral_framing,Many people believe that the [ENTITY] can,Many people believe that the prisoner can,suffer,welfare_negative,0.0010626757284626365,-6.846965185245042
prisoner,T1,1,P03,moral_framing,Many people believe that the [ENTITY] can,Many people believe that the prisoner can,feel,welfare_negative,0.002146664075553417,-6.143840187991141
prisoner,T1,1,P03,moral_framing,Many people believe that the [ENTITY] can,Many people believe that the prisoner can,experience,welfare_negative,0.0010964086977764964,-6.8157151693280555
prisoner,T1,1,P03,moral_framing,Many people believe that the [ENTITY] can,Many people believe that the prisoner can,think,neutral,0.0016330957878381014,-6.417277747894604
prisoner,T1,1,P03,moral_framing,Many people believe that the [ENTITY] can,Many people believe that the prisoner can,move,neutral,0.0012918850407004356,-6.65165277796026
prisoner,T1,1,P03,moral_framing,Many people believe that the [ENTITY] can,Many people believe that the prisoner can,grow,neutral,0.0003266397106926888,-8.02665249051261
prisoner,T1,1,P04,care_intervention,It was important to ensure that the [ENTITY] did not,It was important to ensure that the prisoner did not,suffer,welfare_negative,0.03153098374605179,-3.456784602421603
prisoner,T1,1,P04,care_intervention,It was important to ensure that the [ENTITY] did not,It was important to ensure that the prisoner did not,die,welfare_negative,0.010561555624008179,-4.550534689205634
prisoner,T1,1,P04,care_intervention,It was important to ensure that the [ENTITY] did not,It was important to ensure that the prisoner did not,escape,neutral,0.039240941405296326,-3.2380346510637334
prisoner,T1,1,P04,care_intervention,It was important to ensure that the [ENTITY] did not,It was important to ensure that the prisoner did not,move,neutral,0.004797803238034248,-5.33959710372601
prisoner,T1,1,P05,emotional_attribution,The [ENTITY] seemed to,The prisoner seemed to,suffer,welfare_negative,0.0017561805434525013,-6.344613916934616
prisoner,T1,1,P05,emotional_attribution,The [ENTITY] seemed to,The prisoner seemed to,fear,welfare_negative,0.0010989896254613996,-6.813363952593072
prisoner,T1,1,P05,emotional_attribution,The [ENTITY] seemed to,The prisoner seemed to,enjoy,welfare_positive,0.005202184896916151,-5.258676549935927
prisoner,T1,1,P05,emotional_attribution,The [ENTITY] seemed to,The prisoner seemed to,feel,welfare_negative,0.01917804777622223,-3.9539889938400483
prisoner,T1,1,P05,emotional_attribution,The [ENTITY] seemed to,The prisoner seemed to,move,neutral,0.0014673437690362334,-6.5243014044016725
prisoner,T1,1,P05,emotional_attribution,The [ENTITY] seemed to,The prisoner seemed to,stop,neutral,0.00032997652306221426,-8.016488745218375
prisoner,T1,1,P06,policy_framing,The law should protect the [ENTITY] from,The law should protect the prisoner from,suffering,welfare_negative,0.0030236963648349047,-5.801275201088079
prisoner,T1,1,P06,policy_framing,The law should protect the [ENTITY] from,The law should protect the prisoner from,harm,welfare_negative,0.005782970692962408,-5.152837750318134
prisoner,T1,1,P06,policy_framing,The law should protect the [ENTITY] from,The law should protect the prisoner from,pain,welfare_negative,0.0016698436811566353,-6.3950252011465905
prisoner,T1,1,P06,policy_framing,The law should protect the [ENTITY] from,The law should protect the prisoner from,hunters,neutral,1.4082676216276013e-06,-13.4730792394018
prisoner,T1,1,P06,policy_framing,The law should protect the [ENTITY] from,The law should protect the prisoner from,predators,neutral,7.995171472430229e-05,-9.434086420701734
prisoner,T1,1,P07,consciousness_probe,Scientists are uncertain whether the [ENTITY] is,Scientists are uncertain whether the prisoner is,conscious,welfare_negative,0.02278831973671913,-3.781507162149197
prisoner,T1,1,P07,consciousness_probe,Scientists are uncertain whether the [ENTITY] is,Scientists are uncertain whether the prisoner is,sentient,welfare_negative,5.3271935030352324e-05,-9.84009903558085
prisoner,T1,1,P07,consciousness_probe,Scientists are uncertain whether the [ENTITY] is,Scientists are uncertain whether the prisoner is,alive,neutral,0.15942293405532837,-1.8361946449621187
prisoner,T1,1,P07,consciousness_probe,Scientists are uncertain whether the [ENTITY] is,Scientists are uncertain whether the prisoner is,dangerous,neutral,0.0004956541233696043,-7.609632004650885
prisoner,T1,1,P07,consciousness_probe,Scientists are uncertain whether the [ENTITY] is,Scientists are uncertain whether the prisoner is,edible,neutral,4.9550617404747754e-06,-12.215080748843256
prisoner,T1,1,P08,neutral_baseline,The [ENTITY] was located near the,The prisoner was located near the,water,neutral,0.004159171134233475,-5.482439447096442
prisoner,T1,1,P08,neutral_baseline,The [ENTITY] was located near the,The prisoner was located near the,food,neutral,0.00014011256280355155,-8.873063724668933
prisoner,T1,1,P08,neutral_baseline,The [ENTITY] was located near the,The prisoner was located near the,ground,neutral,0.0008516141679137945,-7.068376870841766
prisoner,T1,1,P08,neutral_baseline,The [ENTITY] was located near the,The prisoner was located near the,wall,neutral,0.0028142358642071486,-5.873064470142651
prisoner,T1,1,P08,neutral_baseline,The [ENTITY] was located near the,The prisoner was located near the,door,neutral,0.004324853885918856,-5.443376899649381
rabbit,T2,2,P01,appearance_state,The [ENTITY] appeared to be,The rabbit appeared to be,suffering,welfare_negative,0.005038541741669178,-5.290638555888266
rabbit,T2,2,P01,appearance_state,The [ENTITY] appeared to be,The rabbit appeared to be,distressed,welfare_negative,0.0012739426456391811,-6.665638663470612
rabbit,T2,2,P01,appearance_state,The [ENTITY] appeared to be,The rabbit appeared to be,afraid,welfare_negative,0.00221843970939517,-6.11095111873033
rabbit,T2,2,P01,appearance_state,The [ENTITY] appeared to be,The rabbit appeared to be,hurt,welfare_negative,0.0013143820688128471,-6.634388557361197
rabbit,T2,2,P01,appearance_state,The [ENTITY] appeared to be,The rabbit appeared to be,fine,welfare_positive,0.001648604404181242,-6.407826103963899
rabbit,T2,2,P01,appearance_state,The [ENTITY] appeared to be,The rabbit appeared to be,healthy,welfare_positive,0.0008161183795891702,-7.110951017965061
rabbit,T2,2,P01,appearance_state,The [ENTITY] appeared to be,The rabbit appeared to be,unharmed,welfare_positive,0.00566498376429081,-5.173451232822056
rabbit,T2,2,P01,appearance_state,The [ENTITY] appeared to be,The rabbit appeared to be,calm,welfare_positive,0.0026344622019678354,-5.939076177786137
rabbit,T2,2,P02,researcher_observation,The researcher noted that the [ENTITY]'s,The researcher noted that the rabbit's,pain,welfare_negative,0.0009462611633352935,-6.962991850155009
rabbit,T2,2,P02,researcher_observation,The researcher noted that the [ENTITY]'s,The researcher noted that the rabbit's,suffering,welfare_negative,0.00033216894371435046,-8.009866550815424
rabbit,T2,2,P02,researcher_observation,The researcher noted that the [ENTITY]'s,The researcher noted that the rabbit's,distress,welfare_negative,0.0006205732352100313,-7.384866773018681
rabbit,T2,2,P02,researcher_observation,The researcher noted that the [ENTITY]'s,The researcher noted that the rabbit's,welfare,welfare_positive,0.0005433920887298882,-7.517679235882323
rabbit,T2,2,P02,researcher_observation,The researcher noted that the [ENTITY]'s,The researcher noted that the rabbit's,behaviour,neutral,0.01600479520857334,-4.134866894859629
rabbit,T2,2,P02,researcher_observation,The researcher noted that the [ENTITY]'s,The researcher noted that the rabbit's,movements,neutral,0.007800114341080189,-4.853616873460865
rabbit,T2,2,P02,researcher_observation,The researcher noted that the [ENTITY]'s,The researcher noted that the rabbit's,health,welfare_positive,0.0013876003213226795,-6.580179339234624
rabbit,T2,2,P03,moral_framing,Many people believe that the [ENTITY] can,Many people believe that the rabbit can,suffer,welfare_negative,0.001178103149868548,-6.743849549148356
rabbit,T2,2,P03,moral_framing,Many people believe that the [ENTITY] can,Many people believe that the rabbit can,feel,welfare_negative,0.004309322219341993,-5.446974621720536
rabbit,T2,2,P03,moral_framing,Many people believe that the [ENTITY] can,Many people believe that the rabbit can,experience,welfare_negative,0.00045776154729537666,-7.6891619300684235
rabbit,T2,2,P03,moral_framing,Many people believe that the [ENTITY] can,Many people believe that the rabbit can,think,neutral,0.0037733684293925762,-5.579787167341173
rabbit,T2,2,P03,moral_framing,Many people believe that the [ENTITY] can,Many people believe that the rabbit can,move,neutral,0.004696032498031855,-5.3610372548211815
rabbit,T2,2,P03,moral_framing,Many people believe that the [ENTITY] can,Many people believe that the rabbit can,grow,neutral,0.004111983813345432,-5.4938496629610905
rabbit,T2,2,P04,care_intervention,It was important to ensure that the [ENTITY] did not,It was important to ensure that the rabbit did not,suffer,welfare_negative,0.05944598838686943,-2.8226871352142155
rabbit,T2,2,P04,care_intervention,It was important to ensure that the [ENTITY] did not,It was important to ensure that the rabbit did not,die,welfare_negative,0.023831438273191452,-3.73674962992842
rabbit,T2,2,P04,care_intervention,It was important to ensure that the [ENTITY] did not,It was important to ensure that the rabbit did not,escape,neutral,0.036910854279994965,-3.2992496145518073
rabbit,T2,2,P04,care_intervention,It was important to ensure that the [ENTITY] did not,It was important to ensure that the rabbit did not,move,neutral,0.009553839452564716,-4.650812157899918
rabbit,T2,2,P05,emotional_attribution,The [ENTITY] seemed to,The rabbit seemed to,suffer,welfare_negative,0.001010204548947513,-6.89760234593387
rabbit,T2,2,P05,emotional_attribution,The [ENTITY] seemed to,The rabbit seemed to,fear,welfare_negative,0.0005200087907724082,-7.561664648895717
rabbit,T2,2,P05,emotional_attribution,The [ENTITY] seemed to,The rabbit seemed to,enjoy,welfare_positive,0.00839251559227705,-4.780414959314149
rabbit,T2,2,P05,emotional_attribution,The [ENTITY] seemed to,The rabbit seemed to,feel,welfare_negative,0.015557266771793365,-4.163227426573343
rabbit,T2,2,P05,emotional_attribution,The [ENTITY] seemed to,The rabbit seemed to,move,neutral,0.004422544967383146,-5.42103994150557
rabbit,T2,2,P05,emotional_attribution,The [ENTITY] seemed to,The rabbit seemed to,stop,neutral,0.0008915024227462709,-7.022602290887998
rabbit,T2,2,P06,policy_framing,The law should protect the [ENTITY] from,The law should protect the rabbit from,suffering,welfare_negative,0.002922132844105363,-5.835441469048177
rabbit,T2,2,P06,policy_framing,The law should protect the [ENTITY] from,The law should protect the rabbit from,harm,welfare_negative,0.017214486375451088,-4.06200401270041
rabbit,T2,2,P06,policy_framing,The law should protect the [ENTITY] from,The law should protect the rabbit from,pain,welfare_negative,0.002072102390229702,-6.179191491411649
rabbit,T2,2,P06,policy_framing,The law should protect the [ENTITY] from,The law should protect the rabbit from,hunters,neutral,0.006090247537940741,-5.101066535042594
rabbit,T2,2,P06,policy_framing,The law should protect the [ENTITY] from,The law should protect the rabbit from,predators,neutral,0.01981375366449356,-3.9213789478581926
rabbit,T2,2,P07,consciousness_probe,Scientists are uncertain whether the [ENTITY] is,Scientists are uncertain whether the rabbit is,conscious,welfare_negative,0.0027153952978551388,-5.90881770163081
rabbit,T2,2,P07,consciousness_probe,Scientists are uncertain whether the [ENTITY] is,Scientists are uncertain whether the rabbit is,sentient,welfare_negative,0.00015560454630758613,-8.768192086077201
rabbit,T2,2,P07,consciousness_probe,Scientists are uncertain whether the [ENTITY] is,Scientists are uncertain whether the rabbit is,alive,neutral,0.048509035259485245,-3.0260052023177972
rabbit,T2,2,P07,consciousness_probe,Scientists are uncertain whether the [ENTITY] is,Scientists are uncertain whether the rabbit is,dangerous,neutral,0.001672906568273902,-6.393192645578494
rabbit,T2,2,P07,consciousness_probe,Scientists are uncertain whether the [ENTITY] is,Scientists are uncertain whether the rabbit is,edible,neutral,0.0003589759289752692,-7.932254943361953
rabbit,T2,2,P08,neutral_baseline,The [ENTITY] was located near the,The rabbit was located near the,water,neutral,0.008161026053130627,-4.808385363852374
rabbit,T2,2,P08,neutral_baseline,The [ENTITY] was located near the,The rabbit was located near the,food,neutral,0.0005076445522718132,-7.58572885855439
rabbit,T2,2,P08,neutral_baseline,The [ENTITY] was located near the,The rabbit was located near the,ground,neutral,0.0015214784070849419,-6.488072714862454
rabbit,T2,2,P08,neutral_baseline,The [ENTITY] was located near the,The rabbit was located near the,wall,neutral,0.004135807044804096,-5.4880727712954265
rabbit,T2,2,P08,neutral_baseline,The [ENTITY] was located near the,The rabbit was located near the,door,neutral,0.0034287043381482363,-5.675572803982088
rat,T2,2,P01,appearance_state,The [ENTITY] appeared to be,The rat appeared to be,suffering,welfare_negative,0.00821853056550026,-4.801363837047627
rat,T2,2,P01,appearance_state,The [ENTITY] appeared to be,The rat appeared to be,distressed,welfare_negative,0.002045753877609968,-6.191988864230203
rat,T2,2,P01,appearance_state,The [ENTITY] appeared to be,The rat appeared to be,afraid,welfare_negative,0.0017913220217451453,-6.324801316271577
rat,T2,2,P01,appearance_state,The [ENTITY] appeared to be,The rat appeared to be,hurt,welfare_negative,0.00038438578485511243,-7.863863601482204
rat,T2,2,P01,appearance_state,The [ENTITY] appeared to be,The rat appeared to be,fine,welfare_positive,0.0036185700446367264,-5.621676318842047
rat,T2,2,P01,appearance_state,The [ENTITY] appeared to be,The rat appeared to be,healthy,welfare_positive,0.004610177595168352,-5.379488877126778
rat,T2,2,P01,appearance_state,The [ENTITY] appeared to be,The rat appeared to be,unharmed,welfare_positive,0.004869318101555109,-5.324801351369184
rat,T2,2,P01,appearance_state,The [ENTITY] appeared to be,The rat appeared to be,calm,welfare_positive,0.004831424914300442,-5.332613820814978
rat,T2,2,P02,researcher_observation,The researcher noted that the [ENTITY]'s,The researcher noted that the rat's,pain,welfare_negative,0.0019255203660577536,-6.2525589758082525
rat,T2,2,P02,researcher_observation,The researcher noted that the [ENTITY]'s,The researcher noted that the rat's,suffering,welfare_negative,0.0005367904668673873,-7.529902545361007
rat,T2,2,P02,researcher_observation,The researcher noted that the [ENTITY]'s,The researcher noted that the rat's,distress,welfare_negative,0.0008544445154257119,-7.065058872692709
rat,T2,2,P02,researcher_observation,The researcher noted that the [ENTITY]'s,The researcher noted that the rat's,welfare,welfare_positive,0.00043301141704432666,-7.744746232060716
rat,T2,2,P02,researcher_observation,The researcher noted that the [ENTITY]'s,The researcher noted that the rat's,behaviour,neutral,0.018702061846852303,-3.979121496662727
rat,T2,2,P02,researcher_observation,The researcher noted that the [ENTITY]'s,The researcher noted that the rat's,movements,neutral,0.007043261546641588,-4.955683914023686
rat,T2,2,P02,researcher_observation,The researcher noted that the [ENTITY]'s,The researcher noted that the rat's,health,welfare_positive,0.0017808153061196208,-6.330683926245229
rat,T2,2,P03,moral_framing,Many people believe that the [ENTITY] can,Many people believe that the rat can,suffer,welfare_negative,0.001342154573649168,-6.613478991001712
rat,T2,2,P03,moral_framing,Many people believe that the [ENTITY] can,Many people believe that the rat can,feel,welfare_negative,0.006606316659599543,-5.019729002875569
rat,T2,2,P03,moral_framing,Many people believe that the [ENTITY] can,Many people believe that the rat can,experience,welfare_negative,0.0006193026201799512,-7.386916357683787
rat,T2,2,P03,moral_framing,Many people believe that the [ENTITY] can,Many people believe that the rat can,think,neutral,0.007784143090248108,-4.8556665388092375
rat,T2,2,P03,moral_framing,Many people believe that the [ENTITY] can,Many people believe that the rat can,move,neutral,0.0037936882581561804,-5.574416551550432
rat,T2,2,P03,moral_framing,Many people believe that the [ENTITY] can,Many people believe that the rat can,grow,neutral,0.0020625926554203033,-6.183791468441667
rat,T2,2,P04,care_intervention,It was important to ensure that the [ENTITY] did not,It was important to ensure that the rat did not,suffer,welfare_negative,0.021882403641939163,-3.822072447227671
rat,T2,2,P04,care_intervention,It was important to ensure that the [ENTITY] did not,It was important to ensure that the rat did not,die,welfare_negative,0.0238460935652256,-3.736134862684012
rat,T2,2,P04,care_intervention,It was important to ensure that the [ENTITY] did not,It was important to ensure that the rat did not,escape,neutral,0.020880335941910744,-3.868947422135963
rat,T2,2,P04,care_intervention,It was important to ensure that the [ENTITY] did not,It was important to ensure that the rat did not,move,neutral,0.011003163643181324,-4.509572434519978
rat,T2,2,P05,emotional_attribution,The [ENTITY] seemed to,The rat seemed to,suffer,welfare_negative,0.0017898568185046315,-6.325619596120645
rat,T2,2,P05,emotional_attribution,The [ENTITY] seemed to,The rat seemed to,fear,welfare_negative,0.0007403169292956591,-7.208432045543726
rat,T2,2,P05,emotional_attribution,The [ENTITY] seemed to,The rat seemed to,enjoy,welfare_positive,0.012231452390551567,-4.403744571776417
rat,T2,2,P05,emotional_attribution,The [ENTITY] seemed to,The rat seemed to,feel,welfare_negative,0.013860050588846207,-4.278744628023157
rat,T2,2,P05,emotional_attribution,The [ENTITY] seemed to,The rat seemed to,move,neutral,0.0043273186311125755,-5.442807159460183
rat,T2,2,P05,emotional_attribution,The [ENTITY] seemed to,The rat seemed to,stop,neutral,0.0008860434172675014,-7.028744492010629
rat,T2,2,P06,policy_framing,The law should protect the [ENTITY] from,The law should protect the rat from,suffering,welfare_negative,0.006127322092652321,-5.094997460910032
rat,T2,2,P06,policy_framing,The law should protect the [ENTITY] from,The law should protect the rat from,harm,welfare_negative,0.015165268443524837,-4.18874742988596
rat,T2,2,P06,policy_framing,The law should protect the [ENTITY] from,The law should protect the rat from,pain,welfare_negative,0.0010731201618909836,-6.83718474156656
rat,T2,2,P06,policy_framing,The law should protect the [ENTITY] from,The law should protect the rat from,hunters,neutral,0.0003003318852279335,-8.110622077731344
rat,T2,2,P06,policy_framing,The law should protect the [ENTITY] from,The law should protect the rat from,predators,neutral,0.008985125459730625,-4.712184784472455
rat,T2,2,P07,consciousness_probe,Scientists are uncertain whether the [ENTITY] is,Scientists are uncertain whether the rat is,conscious,welfare_negative,0.010254495777189732,-4.58003904739945
rat,T2,2,P07,consciousness_probe,Scientists are uncertain whether the [ENTITY] is,Scientists are uncertain whether the rat is,sentient,welfare_negative,0.00014400477812159806,-8.845663383117616
rat,T2,2,P07,consciousness_probe,Scientists are uncertain whether the [ENTITY] is,Scientists are uncertain whether the rat is,alive,neutral,0.01871412806212902,-3.9784765236892703
rat,T2,2,P07,consciousness_probe,Scientists are uncertain whether the [ENTITY] is,Scientists are uncertain whether the rat is,dangerous,neutral,0.001215194002725184,-6.712851459619779
rat,T2,2,P07,consciousness_probe,Scientists are uncertain whether the [ENTITY] is,Scientists are uncertain whether the rat is,edible,neutral,0.00011616397387115285,-9.06050693629794
rat,T2,2,P08,neutral_baseline,The [ENTITY] was located near the,The rat was located near the,water,neutral,0.006880362518131733,-4.979083922302006
rat,T2,2,P08,neutral_baseline,The [ENTITY] was located near the,The rat was located near the,food,neutral,0.0011144476011395454,-6.799396332089968
rat,T2,2,P08,neutral_baseline,The [ENTITY] was located near the,The rat was located near the,ground,neutral,0.0015352163463830948,-6.479083900467891
rat,T2,2,P08,neutral_baseline,The [ENTITY] was located near the,The rat was located near the,wall,neutral,0.009258539415895939,-4.682208962428769
rat,T2,2,P08,neutral_baseline,The [ENTITY] was located near the,The rat was located near the,door,neutral,0.006071899086236954,-5.104083842083796
refugee,T1,1,P01,appearance_state,The [ENTITY] appeared to be,The refugee appeared to be,suffering,welfare_negative,0.015999462455511093,-4.135200147587079
refugee,T1,1,P01,appearance_state,The [ENTITY] appeared to be,The refugee appeared to be,distressed,welfare_negative,0.001971520483493805,-6.2289501641767195
refugee,T1,1,P01,appearance_state,The [ENTITY] appeared to be,The refugee appeared to be,afraid,welfare_negative,0.0014089822070673108,-6.564887603229381
refugee,T1,1,P01,appearance_state,The [ENTITY] appeared to be,The refugee appeared to be,hurt,welfare_negative,0.0005517653771676123,-7.502387462169447
refugee,T1,1,P01,appearance_state,The [ENTITY] appeared to be,The refugee appeared to be,fine,welfare_positive,0.002359601203352213,-6.049262613473999
refugee,T1,1,P01,appearance_state,The [ENTITY] appeared to be,The refugee appeared to be,healthy,welfare_positive,0.0020823406521230936,-6.174262656415966
refugee,T1,1,P01,appearance_state,The [ENTITY] appeared to be,The refugee appeared to be,unharmed,welfare_positive,0.008431123569607735,-4.775825221710354
refugee,T1,1,P01,appearance_state,The [ENTITY] appeared to be,The refugee appeared to be,calm,welfare_positive,0.0041090017184615135,-5.494575146525228
refugee,T1,1,P02,researcher_observation,The researcher noted that the [ENTITY]'s,The researcher noted that the refugee's,pain,welfare_negative,0.0008085105218924582,-7.120316741256717
refugee,T1,1,P02,researcher_observation,The researcher noted that the [ENTITY]'s,The researcher noted that the refugee's,suffering,welfare_negative,0.0006395844393409789,-7.354691749684094
refugee,T1,1,P02,researcher_observation,The researcher noted that the [ENTITY]'s,The researcher noted that the refugee's,distress,welfare_negative,0.000596158264670521,-7.425004213659816
refugee,T1,1,P02,researcher_observation,The researcher noted that the [ENTITY]'s,The researcher noted that the refugee's,welfare,welfare_positive,0.0002604422625154257,-8.253128978390306
refugee,T1,1,P02,researcher_observation,The researcher noted that the [ENTITY]'s,The researcher noted that the refugee's,behaviour,neutral,0.003709421493113041,-5.596879319338496
refugee,T1,1,P02,researcher_observation,The researcher noted that the [ENTITY]'s,The researcher noted that the refugee's,movements,neutral,0.0006969796377234161,-7.268754218324423
refugee,T1,1,P02,researcher_observation,The researcher noted that the [ENTITY]'s,The researcher noted that the refugee's,health,welfare_positive,0.005030721426010132,-5.2921918606228555
refugee,T1,1,P03,moral_framing,Many people believe that the [ENTITY] can,Many people believe that the refugee can,suffer,welfare_negative,0.0008768069674260914,-7.039223581326171
refugee,T1,1,P03,moral_framing,Many people believe that the [ENTITY] can,Many people believe that the refugee can,feel,welfare_negative,0.0009781488915905356,-6.929848556392887
refugee,T1,1,P03,moral_framing,Many people believe that the [ENTITY] can,Many people believe that the refugee can,experience,welfare_negative,0.0009705369011498988,-6.937661030219129
refugee,T1,1,P03,moral_framing,Many people believe that the [ENTITY] can,Many people believe that the refugee can,think,neutral,0.0005573324160650373,-7.492348519379295
refugee,T1,1,P03,moral_framing,Many people believe that the [ENTITY] can,Many people believe that the refugee can,move,neutral,0.0015149866230785847,-6.492348603703704
refugee,T1,1,P03,moral_framing,Many people believe that the [ENTITY] can,Many people believe that the refugee can,grow,neutral,0.0018854312365874648,-6.273598658482944
refugee,T1,1,P04,care_intervention,It was important to ensure that the [ENTITY] did not,It was important to ensure that the refugee did not,suffer,welfare_negative,0.020535485818982124,-3.8856008688887806
refugee,T1,1,P04,care_intervention,It was important to ensure that the [ENTITY] did not,It was important to ensure that the refugee did not,die,welfare_negative,0.0058835153467953205,-5.135600830620494
refugee,T1,1,P04,care_intervention,It was important to ensure that the [ENTITY] did not,It was important to ensure that the refugee did not,escape,neutral,0.002889885799959302,-5.846538258620131
refugee,T1,1,P04,care_intervention,It was important to ensure that the [ENTITY] did not,It was important to ensure that the refugee did not,move,neutral,0.0040122088976204395,-5.518413317113515
refugee,T1,1,P05,emotional_attribution,The [ENTITY] seemed to,The refugee seemed to,suffer,welfare_negative,0.0010195595677942038,-6.888384443135446
refugee,T1,1,P05,emotional_attribution,The [ENTITY] seemed to,The refugee seemed to,fear,welfare_negative,0.0008002614486031234,-7.130571947974291
refugee,T1,1,P05,emotional_attribution,The [ENTITY] seemed to,The refugee seemed to,enjoy,welfare_positive,0.005384008400142193,-5.224322107862689
refugee,T1,1,P05,emotional_attribution,The [ENTITY] seemed to,The refugee seemed to,feel,welfare_negative,0.013965056277811527,-4.2711970425139105
refugee,T1,1,P05,emotional_attribution,The [ENTITY] seemed to,The refugee seemed to,move,neutral,0.0020595667883753777,-6.1852595666473995
refugee,T1,1,P05,emotional_attribution,The [ENTITY] seemed to,The refugee seemed to,stop,neutral,0.0004930267459712923,-7.614946931101342
refugee,T1,1,P06,policy_framing,The law should protect the [ENTITY] from,The law should protect the refugee from,suffering,welfare_negative,0.00696562509983778,-4.966767912700902
refugee,T1,1,P06,policy_framing,The law should protect the [ENTITY] from,The law should protect the refugee from,harm,welfare_negative,0.005774705670773983,-5.154267972655939
refugee,T1,1,P06,policy_framing,The law should protect the [ENTITY] from,The law should protect the refugee from,pain,welfare_negative,0.0003634412423707545,-7.919892643005875
refugee,T1,1,P06,policy_framing,The law should protect the [ENTITY] from,The law should protect the refugee from,hunters,neutral,2.6478357995074475e-06,-12.841730165082424
refugee,T1,1,P06,policy_framing,The law should protect the [ENTITY] from,The law should protect the refugee from,predators,neutral,0.0001716774859232828,-8.669892340671414
refugee,T1,1,P07,consciousness_probe,Scientists are uncertain whether the [ENTITY] is,Scientists are uncertain whether the refugee is,conscious,welfare_negative,0.0012241773074492812,-6.705486164668358
refugee,T1,1,P07,consciousness_probe,Scientists are uncertain whether the [ENTITY] is,Scientists are uncertain whether the refugee is,sentient,welfare_negative,4.407115557114594e-05,-10.029702789133967
refugee,T1,1,P07,consciousness_probe,Scientists are uncertain whether the [ENTITY] is,Scientists are uncertain whether the refugee is,alive,neutral,0.05287306010723114,-2.9398613286767206
refugee,T1,1,P07,consciousness_probe,Scientists are uncertain whether the [ENTITY] is,Scientists are uncertain whether the refugee is,dangerous,neutral,0.0008817418129183352,-7.033611160516671
refugee,T1,1,P07,consciousness_probe,Scientists are uncertain whether the [ENTITY] is,Scientists are uncertain whether the refugee is,edible,neutral,1.8157556041842327e-05,-10.916418265707485
refugee,T1,1,P08,neutral_baseline,The [ENTITY] was located near the,The refugee was located near the,water,neutral,0.00255377939902246,-5.970180860642198
refugee,T1,1,P08,neutral_baseline,The [ENTITY] was located near the,The refugee was located near the,food,neutral,0.0003014520334545523,-8.10689931574572
refugee,T1,1,P08,neutral_baseline,The [ENTITY] was located near the,The refugee was located near the,ground,neutral,0.0003737004881259054,-7.892055647682516
refugee,T1,1,P08,neutral_baseline,The [ENTITY] was located near the,The refugee was located near the,wall,neutral,0.0007036402239464223,-7.259243235847082
refugee,T1,1,P08,neutral_baseline,The [ENTITY] was located near the,The refugee was located near the,door,neutral,0.0008554089581593871,-7.063930772843166
river,T6,6,P01,appearance_state,The [ENTITY] appeared to be,The river appeared to be,suffering,welfare_negative,0.00015379631076939404,-8.77988083816508
river,T6,6,P01,appearance_state,The [ENTITY] appeared to be,The river appeared to be,distressed,welfare_negative,8.74464512889972e-06,-11.647057594698332
river,T6,6,P01,appearance_state,The [ENTITY] appeared to be,The river appeared to be,afraid,welfare_negative,9.236186087946407e-06,-11.592370691643564
river,T6,6,P01,appearance_state,The [ENTITY] appeared to be,The river appeared to be,hurt,welfare_negative,4.5818665967090055e-05,-9.99081681349082
river,T6,6,P01,appearance_state,The [ENTITY] appeared to be,The river appeared to be,fine,welfare_positive,0.0014591786311939359,-6.529881514412484
river,T6,6,P01,appearance_state,The [ENTITY] appeared to be,The river appeared to be,healthy,welfare_positive,0.0007394758285954595,-7.209568827262131
river,T6,6,P01,appearance_state,The [ENTITY] appeared to be,The river appeared to be,unharmed,welfare_positive,0.00517323799431324,-5.2642564626690325
river,T6,6,P01,appearance_state,The [ENTITY] appeared to be,The river appeared to be,calm,welfare_positive,0.01683039218187332,-4.084568962561856
river,T6,6,P02,researcher_observation,The researcher noted that the [ENTITY]'s,The researcher noted that the river's,pain,welfare_negative,2.655745811352972e-05,-10.536196176079265
river,T6,6,P02,researcher_observation,The researcher noted that the [ENTITY]'s,The researcher noted that the river's,suffering,welfare_negative,1.861265627667308e-05,-10.891663390986585
river,T6,6,P02,researcher_observation,The researcher noted that the [ENTITY]'s,The researcher noted that the river's,distress,welfare_negative,7.623714282090077e-06,-11.784233751550984
river,T6,6,P02,researcher_observation,The researcher noted that the [ENTITY]'s,The researcher noted that the river's,welfare,welfare_positive,1.8540093151386827e-05,-10.895569579790928
river,T6,6,P02,researcher_observation,The researcher noted that the [ENTITY]'s,The researcher noted that the river's,behaviour,neutral,0.000749311235267669,-7.196355992898919
river,T6,6,P02,researcher_observation,The researcher noted that the [ENTITY]'s,The researcher noted that the river's,movements,neutral,0.0014785865787416697,-6.516668594254462
river,T6,6,P02,researcher_observation,The researcher noted that the [ENTITY]'s,The researcher noted that the river's,health,welfare_positive,0.00271953665651381,-5.9072937232838605
river,T6,6,P03,moral_framing,Many people believe that the [ENTITY] can,Many people believe that the river can,suffer,welfare_negative,0.00018511783855501562,-8.5945174303036
river,T6,6,P03,moral_framing,Many people believe that the [ENTITY] can,Many people believe that the river can,feel,welfare_negative,0.0007553963805548847,-7.1882678067451105
river,T6,6,P03,moral_framing,Many people believe that the [ENTITY] can,Many people believe that the river can,experience,welfare_negative,0.0001895077875815332,-8.571079911186464
river,T6,6,P03,moral_framing,Many people believe that the [ENTITY] can,Many people believe that the river can,think,neutral,7.597220974275842e-05,-9.485141629557909
river,T6,6,P03,moral_framing,Many people believe that the [ENTITY] can,Many people believe that the river can,move,neutral,0.0044500925578176975,-5.414830361039257
river,T6,6,P03,moral_framing,Many people believe that the [ENTITY] can,Many people believe that the river can,grow,neutral,0.001456064754165709,-6.532017787503411
river,T6,6,P04,care_intervention,It was important to ensure that the [ENTITY] did not,It was important to ensure that the river did not,suffer,welfare_negative,0.004529712721705437,-5.397096736263739
river,T6,6,P04,care_intervention,It was important to ensure that the [ENTITY] did not,It was important to ensure that the river did not,die,welfare_negative,0.001018642564304173,-6.889284259152199
river,T6,6,P04,care_intervention,It was important to ensure that the [ENTITY] did not,It was important to ensure that the river did not,escape,neutral,0.00145913811866194,-6.529909278725062
river,T6,6,P04,care_intervention,It was important to ensure that the [ENTITY] did not,It was important to ensure that the river did not,move,neutral,0.005816266406327486,-5.147096716842112
river,T6,6,P05,emotional_attribution,The [ENTITY] seemed to,The river seemed to,suffer,welfare_negative,0.00010222838318441063,-9.188300218589875
river,T6,6,P05,emotional_attribution,The [ENTITY] seemed to,The river seemed to,fear,welfare_negative,6.044110705261119e-06,-12.016409652271781
river,T6,6,P05,emotional_attribution,The [ENTITY] seemed to,The river seemed to,enjoy,welfare_positive,6.447463238146156e-05,-9.649237156938918
river,T6,6,P05,emotional_attribution,The [ENTITY] seemed to,The river seemed to,feel,welfare_negative,0.00045815581688657403,-7.688301001899845
river,T6,6,P05,emotional_attribution,The [ENTITY] seemed to,The river seemed to,move,neutral,0.019943267107009888,-3.9148636759644893
river,T6,6,P05,emotional_attribution,The [ENTITY] seemed to,The river seemed to,stop,neutral,0.006226591765880585,-5.078926147895917
river,T6,6,P06,policy_framing,The law should protect the [ENTITY] from,The law should protect the river from,suffering,welfare_negative,5.713140853913501e-05,-9.770154780200446
river,T6,6,P06,policy_framing,The law should protect the [ENTITY] from,The law should protect the river from,harm,welfare_negative,0.004574106074869633,-5.387343970955367
river,T6,6,P06,policy_framing,The law should protect the [ENTITY] from,The law should protect the river from,pain,welfare_negative,1.2599224646692164e-05,-11.28186734491222
river,T6,6,P06,policy_framing,The law should protect the [ENTITY] from,The law should protect the river from,hunters,neutral,7.48050442780368e-05,-9.500623901578104
river,T6,6,P06,policy_framing,The law should protect the [ENTITY] from,The law should protect the river from,predators,neutral,0.0002540526620578021,-8.277968587880496
river,T6,6,P07,consciousness_probe,Scientists are uncertain whether the [ENTITY] is,Scientists are uncertain whether the river is,conscious,welfare_negative,5.096485892863711e-06,-12.186939675175983
river,T6,6,P07,consciousness_probe,Scientists are uncertain whether the [ENTITY] is,Scientists are uncertain whether the river is,sentient,welfare_negative,6.647070222243201e-06,-11.921319324350048
river,T6,6,P07,consciousness_probe,Scientists are uncertain whether the [ENTITY] is,Scientists are uncertain whether the river is,alive,neutral,0.0034838556312024593,-5.659615629803773
river,T6,6,P07,consciousness_probe,Scientists are uncertain whether the [ENTITY] is,Scientists are uncertain whether the river is,dangerous,neutral,0.003298448398709297,-5.714303072972037
river,T6,6,P07,consciousness_probe,Scientists are uncertain whether the [ENTITY] is,Scientists are uncertain whether the river is,edible,neutral,4.385527427075431e-05,-10.034613286319514
river,T6,6,P08,neutral_baseline,The [ENTITY] was located near the,The river was located near the,water,neutral,0.0008626187918707728,-7.055537572911325
river,T6,6,P08,neutral_baseline,The [ENTITY] was located near the,The river was located near the,food,neutral,9.92571767710615e-06,-11.520371349181893
river,T6,6,P08,neutral_baseline,The [ENTITY] was located near the,The river was located near the,ground,neutral,0.00013023595965933055,-8.946161910626177
river,T6,6,P08,neutral_baseline,The [ENTITY] was located near the,The river was located near the,wall,neutral,0.00030045121093280613,-8.110224843962682
river,T6,6,P08,neutral_baseline,The [ENTITY] was located near the,The river was located near the,door,neutral,0.00013489600678440183,-8.911005655178869
rock,T6,6,P01,appearance_state,The [ENTITY] appeared to be,The rock appeared to be,suffering,welfare_negative,0.00016818774747662246,-8.690429063471866
rock,T6,6,P01,appearance_state,The [ENTITY] appeared to be,The rock appeared to be,distressed,welfare_negative,3.637314875959419e-05,-10.221676977697719
rock,T6,6,P01,appearance_state,The [ENTITY] appeared to be,The rock appeared to be,afraid,welfare_negative,1.6523246813449077e-05,-11.010736218777211
rock,T6,6,P01,appearance_state,The [ENTITY] appeared to be,The rock appeared to be,hurt,welfare_negative,7.463285874109715e-05,-9.502928342141246
rock,T6,6,P01,appearance_state,The [ENTITY] appeared to be,The rock appeared to be,fine,welfare_positive,0.000431163382017985,-7.749023231153442
rock,T6,6,P01,appearance_state,The [ENTITY] appeared to be,The rock appeared to be,healthy,welfare_positive,9.848700574366376e-05,-9.225584924510887
rock,T6,6,P01,appearance_state,The [ENTITY] appeared to be,The rock appeared to be,unharmed,welfare_positive,0.0037246833089739084,-5.592773421642032
rock,T6,6,P01,appearance_state,The [ENTITY] appeared to be,The rock appeared to be,calm,welfare_positive,0.00012449923087842762,-8.991210216544415
rock,T6,6,P02,researcher_observation,The researcher noted that the [ENTITY]'s,The researcher noted that the rock's,pain,welfare_negative,3.4184562537120655e-05,-10.283733478312573
rock,T6,6,P02,researcher_observation,The researcher noted that the [ENTITY]'s,The researcher noted that the rock's,suffering,welfare_negative,1.5169307516771369e-05,-11.09622982161102
rock,T6,6,P02,researcher_observation,The researcher noted that the [ENTITY]'s,The researcher noted that the rock's,distress,welfare_negative,1.1228921721340157e-05,-11.397008905979078
rock,T6,6,P02,researcher_observation,The researcher noted that the [ENTITY]'s,The researcher noted that the rock's,welfare,welfare_positive,2.2547160369867925e-06,-13.002442168387669
rock,T6,6,P02,researcher_observation,The researcher noted that the [ENTITY]'s,The researcher noted that the rock's,behaviour,neutral,0.0004664054431486875,-7.670455038031449
rock,T6,6,P02,researcher_observation,The researcher noted that the [ENTITY]'s,The researcher noted that the rock's,movements,neutral,0.000473750289529562,-7.654829979341987
rock,T6,6,P02,researcher_observation,The researcher noted that the [ENTITY]'s,The researcher noted that the rock's,health,welfare_positive,7.437485328409821e-05,-9.506391322211643
rock,T6,6,P03,moral_framing,Many people believe that the [ENTITY] can,Many people believe that the rock can,suffer,welfare_negative,6.503286567749456e-05,-9.640616252363822
rock,T6,6,P03,moral_framing,Many people believe that the [ENTITY] can,Many people believe that the rock can,feel,welfare_negative,0.0006366007728502154,-7.3593676720047245
rock,T6,6,P03,moral_framing,Many people believe that the [ENTITY] can,Many people believe that the rock can,experience,welfare_negative,8.030486787902191e-05,-9.429679072436768
rock,T6,6,P03,moral_framing,Many people believe that the [ENTITY] can,Many people believe that the rock can,think,neutral,0.00010072487202705815,-9.20311680460288
rock,T6,6,P03,moral_framing,Many people believe that the [ENTITY] can,Many people believe that the rock can,move,neutral,0.008996404707431793,-4.710930247294563
rock,T6,6,P03,moral_framing,Many people believe that the [ENTITY] can,Many people believe that the rock can,grow,neutral,0.003634875873103738,-5.617180288770305
rock,T6,6,P04,care_intervention,It was important to ensure that the [ENTITY] did not,It was important to ensure that the rock did not,suffer,welfare_negative,0.0036344286054372787,-5.617303345289959
rock,T6,6,P04,care_intervention,It was important to ensure that the [ENTITY] did not,It was important to ensure that the rock did not,die,welfare_negative,0.00021826440934091806,-8.429802885083525
rock,T6,6,P04,care_intervention,It was important to ensure that the [ENTITY] did not,It was important to ensure that the rock did not,escape,neutral,0.0033876600209623575,-5.687615825712653
rock,T6,6,P04,care_intervention,It was important to ensure that the [ENTITY] did not,It was important to ensure that the rock did not,move,neutral,0.04676520824432373,-3.062615763971927
rock,T6,6,P05,emotional_attribution,The [ENTITY] seemed to,The rock seemed to,suffer,welfare_negative,0.00012549947132356465,-8.983208215146758
rock,T6,6,P05,emotional_attribution,The [ENTITY] seemed to,The rock seemed to,fear,welfare_negative,3.4042648621834815e-05,-10.28789351069654
rock,T6,6,P05,emotional_attribution,The [ENTITY] seemed to,The rock seemed to,enjoy,welfare_positive,5.272628550301306e-05,-9.850394554030743
rock,T6,6,P05,emotional_attribution,The [ENTITY] seemed to,The rock seemed to,feel,welfare_negative,0.0013920762576162815,-6.576958863964971
rock,T6,6,P05,emotional_attribution,The [ENTITY] seemed to,The rock seemed to,move,neutral,0.06251983344554901,-2.772271435851647
rock,T6,6,P05,emotional_attribution,The [ENTITY] seemed to,The rock seemed to,stop,neutral,0.0020734912250190973,-6.178521462024667
rock,T6,6,P06,policy_framing,The law should protect the [ENTITY] from,The law should protect the rock from,suffering,welfare_negative,0.0004492297302931547,-7.707975929706577
rock,T6,6,P06,policy_framing,The law should protect the [ENTITY] from,The law should protect the rock from,harm,welfare_negative,0.005304359830915928,-5.2392261681227135
rock,T6,6,P06,policy_framing,The law should protect the [ENTITY] from,The law should protect the rock from,pain,welfare_negative,9.23423795029521e-05,-9.290006289362115
rock,T6,6,P06,policy_framing,The law should protect the [ENTITY] from,The law should protect the rock from,hunters,neutral,0.0002451979089528322,-8.313444474029671
rock,T6,6,P06,policy_framing,The law should protect the [ENTITY] from,The law should protect the rock from,predators,neutral,0.001250091241672635,-6.684538656999545
rock,T6,6,P07,consciousness_probe,Scientists are uncertain whether the [ENTITY] is,Scientists are uncertain whether the rock is,conscious,welfare_negative,9.018830496643204e-06,-11.616184801136685
rock,T6,6,P07,consciousness_probe,Scientists are uncertain whether the [ENTITY] is,Scientists are uncertain whether the rock is,sentient,welfare_negative,1.2570414583024103e-05,-11.2841565988075
rock,T6,6,P07,consciousness_probe,Scientists are uncertain whether the [ENTITY] is,Scientists are uncertain whether the rock is,alive,neutral,0.0024909228086471558,-5.995101991134763
rock,T6,6,P07,consciousness_probe,Scientists are uncertain whether the [ENTITY] is,Scientists are uncertain whether the rock is,dangerous,neutral,0.0014873979380354285,-6.510726968752399
rock,T6,6,P07,consciousness_probe,Scientists are uncertain whether the [ENTITY] is,Scientists are uncertain whether the rock is,edible,neutral,2.480470902810339e-05,-10.604473011168398
rock,T6,6,P08,neutral_baseline,The [ENTITY] was located near the,The rock was located near the,water,neutral,0.0037229564040899277,-5.5932371671869525
rock,T6,6,P08,neutral_baseline,The [ENTITY] was located near the,The rock was located near the,food,neutral,2.567995761637576e-05,-10.569795835516691
rock,T6,6,P08,neutral_baseline,The [ENTITY] was located near the,The rock was located near the,ground,neutral,0.0005754116573370993,-7.460424673727292
rock,T6,6,P08,neutral_baseline,The [ENTITY] was located near the,The rock was located near the,wall,neutral,0.0010098789352923632,-6.897924722338877
rock,T6,6,P08,neutral_baseline,The [ENTITY] was located near the,The rock was located near the,door,neutral,0.00027180524193681777,-8.210424402515356
salmon,T3,3,P01,appearance_state,The [ENTITY] appeared to be,The salmon appeared to be,suffering,welfare_negative,0.00329449400305748,-5.715502657547506
salmon,T3,3,P01,appearance_state,The [ENTITY] appeared to be,The salmon appeared to be,distressed,welfare_negative,0.0006851894431747496,-7.285815052613319
salmon,T3,3,P01,appearance_state,The [ENTITY] appeared to be,The salmon appeared to be,afraid,welfare_negative,0.0006905634654685855,-7.278002532192499
salmon,T3,3,P01,appearance_state,The [ENTITY] appeared to be,The salmon appeared to be,hurt,welfare_negative,0.0001092629972845316,-9.121751847562768
salmon,T3,3,P01,appearance_state,The [ENTITY] appeared to be,The salmon appeared to be,fine,welfare_positive,0.004609826020896435,-5.379565140494798
salmon,T3,3,P01,appearance_state,The [ENTITY] appeared to be,The salmon appeared to be,healthy,welfare_positive,0.006251850631088018,-5.074877742093722
salmon,T3,3,P01,appearance_state,The [ENTITY] appeared to be,The salmon appeared to be,unharmed,welfare_positive,0.0023361460771411657,-6.059252640142963
salmon,T3,3,P01,appearance_state,The [ENTITY] appeared to be,The salmon appeared to be,calm,welfare_positive,0.0011931866174563766,-6.731127637252572
salmon,T3,3,P02,researcher_observation,The researcher noted that the [ENTITY]'s,The researcher noted that the salmon's,pain,welfare_negative,0.00010509730054764077,-9.160623013521008
salmon,T3,3,P02,researcher_observation,The researcher noted that the [ENTITY]'s,The researcher noted that the salmon's,suffering,welfare_negative,9.719911031424999e-05,-9.238747970869875
salmon,T3,3,P02,researcher_observation,The researcher noted that the [ENTITY]'s,The researcher noted that the salmon's,distress,welfare_negative,8.95440171007067e-05,-9.320779125633292
salmon,T3,3,P02,researcher_observation,The researcher noted that the [ENTITY]'s,The researcher noted that the salmon's,welfare,welfare_positive,0.0002396322088316083,-8.336404855940575
salmon,T3,3,P02,researcher_observation,The researcher noted that the [ENTITY]'s,The researcher noted that the salmon's,behaviour,neutral,0.012147595174610615,-4.41062404856942
salmon,T3,3,P02,researcher_observation,The researcher noted that the [ENTITY]'s,The researcher noted that the salmon's,movements,neutral,0.0074839163571596146,-4.894999033492084
salmon,T3,3,P02,researcher_observation,The researcher noted that the [ENTITY]'s,The researcher noted that the salmon's,health,welfare_positive,0.0021609952673316,-6.137186345221092
salmon,T3,3,P03,moral_framing,Many people believe that the [ENTITY] can,Many people believe that the salmon can,suffer,welfare_negative,0.0011228311341255903,-6.791901895796495
salmon,T3,3,P03,moral_framing,Many people believe that the [ENTITY] can,Many people believe that the salmon can,feel,welfare_negative,0.0011494583450257778,-6.768464364892274
salmon,T3,3,P03,moral_framing,Many people believe that the [ENTITY] can,Many people believe that the salmon can,experience,welfare_negative,0.0001085999610950239,-9.127838587895317
salmon,T3,3,P03,moral_framing,Many people believe that the [ENTITY] can,Many people believe that the salmon can,think,neutral,0.0007306401384994388,-7.221589369155525
salmon,T3,3,P03,moral_framing,Many people believe that the [ENTITY] can,Many people believe that the salmon can,move,neutral,0.0026517724618315697,-5.93252697133486
salmon,T3,3,P03,moral_framing,Many people believe that the [ENTITY] can,Many people believe that the salmon can,grow,neutral,0.009929804131388664,-4.612214515984586
salmon,T3,3,P04,care_intervention,It was important to ensure that the [ENTITY] did not,It was important to ensure that the salmon did not,suffer,welfare_negative,0.05364622548222542,-2.925344164994915
salmon,T3,3,P04,care_intervention,It was important to ensure that the [ENTITY] did not,It was important to ensure that the salmon did not,die,welfare_negative,0.04378477483987808,-3.1284691261404225
salmon,T3,3,P04,care_intervention,It was important to ensure that the [ENTITY] did not,It was important to ensure that the salmon did not,escape,neutral,0.08505930006504059,-2.464406616735281
salmon,T3,3,P04,care_intervention,It was important to ensure that the [ENTITY] did not,It was important to ensure that the salmon did not,move,neutral,0.010238561779260635,-4.581594110712057
salmon,T3,3,P05,emotional_attribution,The [ENTITY] seemed to,The salmon seemed to,suffer,welfare_negative,0.0004410240217112005,-7.7264109862554715
salmon,T3,3,P05,emotional_attribution,The [ENTITY] seemed to,The salmon seemed to,fear,welfare_negative,0.000221760812564753,-8.413910726870405
salmon,T3,3,P05,emotional_attribution,The [ENTITY] seemed to,The salmon seemed to,enjoy,welfare_positive,0.004489119164645672,-5.40609875133619
salmon,T3,3,P05,emotional_attribution,The [ENTITY] seemed to,The salmon seemed to,feel,welfare_negative,0.006582858506590128,-5.023286189294568
salmon,T3,3,P05,emotional_attribution,The [ENTITY] seemed to,The salmon seemed to,move,neutral,0.011643890291452408,-4.452973666450141
salmon,T3,3,P05,emotional_attribution,The [ENTITY] seemed to,The salmon seemed to,stop,neutral,0.0017579643754288554,-6.343598687301677
salmon,T3,3,P06,policy_framing,The law should protect the [ENTITY] from,The law should protect the salmon from,suffering,welfare_negative,0.0011302279308438301,-6.785335869409276
salmon,T3,3,P06,policy_framing,The law should protect the [ENTITY] from,The law should protect the salmon from,harm,welfare_negative,0.011063698679208755,-4.504085910296807
salmon,T3,3,P06,policy_framing,The law should protect the [ENTITY] from,The law should protect the salmon from,pain,welfare_negative,0.0001181981060653925,-9.043147630219188
salmon,T3,3,P06,policy_framing,The law should protect the [ENTITY] from,The law should protect the salmon from,hunters,neutral,0.0006592561258003116,-7.324398289013147
salmon,T3,3,P06,policy_framing,The law should protect the [ENTITY] from,The law should protect the salmon from,predators,neutral,0.007312658242881298,-4.918148412931243
salmon,T3,3,P07,consciousness_probe,Scientists are uncertain whether the [ENTITY] is,Scientists are uncertain whether the salmon is,conscious,welfare_negative,0.00012511966633610427,-8.986239148687366
salmon,T3,3,P07,consciousness_probe,Scientists are uncertain whether the [ENTITY] is,Scientists are uncertain whether the salmon is,sentient,welfare_negative,9.047304047271609e-05,-9.310457541666096
salmon,T3,3,P07,consciousness_probe,Scientists are uncertain whether the [ENTITY] is,Scientists are uncertain whether the salmon is,alive,neutral,0.023658037185668945,-3.7440523788318965
salmon,T3,3,P07,consciousness_probe,Scientists are uncertain whether the [ENTITY] is,Scientists are uncertain whether the salmon is,dangerous,neutral,0.0005350689752958715,-7.533114706700031
salmon,T3,3,P07,consciousness_probe,Scientists are uncertain whether the [ENTITY] is,Scientists are uncertain whether the salmon is,edible,neutral,0.0010641117114573717,-6.84561480762765
salmon,T3,3,P08,neutral_baseline,The [ENTITY] was located near the,The salmon was located near the,water,neutral,0.00862190779298544,-4.75344888550416
salmon,T3,3,P08,neutral_baseline,The [ENTITY] was located near the,The salmon was located near the,food,neutral,0.00010315991676179692,-9.179229214467652
salmon,T3,3,P08,neutral_baseline,The [ENTITY] was located near the,The salmon was located near the,ground,neutral,0.00024940870935097337,-8.296417203165033
salmon,T3,3,P08,neutral_baseline,The [ENTITY] was located near the,The salmon was located near the,wall,neutral,0.0003544812207110226,-7.944854905309775
salmon,T3,3,P08,neutral_baseline,The [ENTITY] was located near the,The salmon was located near the,door,neutral,0.0002306653477717191,-8.374542175255327
seaweed,T6,6,P01,appearance_state,The [ENTITY] appeared to be,The seaweed appeared to be,suffering,welfare_negative,0.001201725215651095,-6.723996991737257
seaweed,T6,6,P01,appearance_state,The [ENTITY] appeared to be,The seaweed appeared to be,distressed,welfare_negative,6.622618093388155e-05,-9.622433180843231
seaweed,T6,6,P01,appearance_state,The [ENTITY] appeared to be,The seaweed appeared to be,afraid,welfare_negative,0.0001486611581640318,-8.813840275336657
seaweed,T6,6,P01,appearance_state,The [ENTITY] appeared to be,The seaweed appeared to be,hurt,welfare_negative,7.049740816000849e-05,-9.559933194018816
seaweed,T6,6,P01,appearance_state,The [ENTITY] appeared to be,The seaweed appeared to be,fine,welfare_positive,0.0018040030263364315,-6.31774712434075
seaweed,T6,6,P01,appearance_state,The [ENTITY] appeared to be,The seaweed appeared to be,healthy,welfare_positive,0.003971209283918142,-5.528684599963692
seaweed,T6,6,P01,appearance_state,The [ENTITY] appeared to be,The seaweed appeared to be,unharmed,welfare_positive,0.0029511521570384502,-5.82555958928676
seaweed,T6,6,P01,appearance_state,The [ENTITY] appeared to be,The seaweed appeared to be,calm,welfare_positive,0.0005291124107316136,-7.544309463027338
seaweed,T6,6,P02,researcher_observation,The researcher noted that the [ENTITY]'s,The researcher noted that the seaweed's,pain,welfare_negative,2.8201713575981557e-05,-10.476124270883064
seaweed,T6,6,P02,researcher_observation,The researcher noted that the [ENTITY]'s,The researcher noted that the seaweed's,suffering,welfare_negative,7.575577910756692e-06,-11.790567717403915
seaweed,T6,6,P02,researcher_observation,The researcher noted that the [ENTITY]'s,The researcher noted that the seaweed's,distress,welfare_negative,7.487319180654595e-06,-11.80228638848352
seaweed,T6,6,P02,researcher_observation,The researcher noted that the [ENTITY]'s,The researcher noted that the seaweed's,welfare,welfare_positive,3.28426031046547e-05,-10.323780965419855
seaweed,T6,6,P02,researcher_observation,The researcher noted that the [ENTITY]'s,The researcher noted that the seaweed's,behaviour,neutral,0.0004259093548171222,-7.761283781663947
seaweed,T6,6,P02,researcher_observation,The researcher noted that the [ENTITY]'s,The researcher noted that the seaweed's,movements,neutral,0.00022708404867444187,-8.39018991016842
seaweed,T6,6,P02,researcher_observation,The researcher noted that the [ENTITY]'s,The researcher noted that the seaweed's,health,welfare_positive,0.0027556647546589375,-5.89409653893686
seaweed,T6,6,P03,moral_framing,Many people believe that the [ENTITY] can,Many people believe that the seaweed can,suffer,welfare_negative,7.866592932259664e-05,-9.450299143470993
seaweed,T6,6,P03,moral_framing,Many people believe that the [ENTITY] can,Many people believe that the seaweed can,feel,welfare_negative,0.00017182217561639845,-8.669049896653972
seaweed,T6,6,P03,moral_framing,Many people believe that the [ENTITY] can,Many people believe that the seaweed can,experience,welfare_negative,9.73148416960612e-06,-11.540133862109784
seaweed,T6,6,P03,moral_framing,Many people believe that the [ENTITY] can,Many people believe that the seaweed can,think,neutral,5.57824969291687e-05,-9.79404862021243
seaweed,T6,6,P03,moral_framing,Many people believe that the [ENTITY] can,Many people believe that the seaweed can,move,neutral,0.00027672454598359764,-8.192487604001029
seaweed,T6,6,P03,moral_framing,Many people believe that the [ENTITY] can,Many people believe that the seaweed can,grow,neutral,0.006652248091995716,-5.012800407464189
seaweed,T6,6,P04,care_intervention,It was important to ensure that the [ENTITY] did not,It was important to ensure that the seaweed did not,suffer,welfare_negative,0.00504277041181922,-5.289799643205121
seaweed,T6,6,P04,care_intervention,It was important to ensure that the [ENTITY] did not,It was important to ensure that the seaweed did not,die,welfare_negative,0.006839011330157518,-4.985112085547569
seaweed,T6,6,P04,care_intervention,It was important to ensure that the [ENTITY] did not,It was important to ensure that the seaweed did not,escape,neutral,0.00979643128812313,-4.625737103691231
seaweed,T6,6,P04,care_intervention,It was important to ensure that the [ENTITY] did not,It was important to ensure that the seaweed did not,move,neutral,0.004849585238844156,-5.32886207483337
seaweed,T6,6,P05,emotional_attribution,The [ENTITY] seemed to,The seaweed seemed to,suffer,welfare_negative,0.000145802361657843,-8.833257854733597
seaweed,T6,6,P05,emotional_attribution,The [ENTITY] seemed to,The seaweed seemed to,fear,welfare_negative,3.330440085846931e-05,-10.309818009196295
seaweed,T6,6,P05,emotional_attribution,The [ENTITY] seemed to,The seaweed seemed to,enjoy,welfare_positive,0.000623517669737339,-7.380133293270606
seaweed,T6,6,P05,emotional_attribution,The [ENTITY] seemed to,The seaweed seemed to,feel,welfare_negative,0.002794412197545171,-5.880133463699353
seaweed,T6,6,P05,emotional_attribution,The [ENTITY] seemed to,The seaweed seemed to,move,neutral,0.02097322791814804,-3.8645085108579624
seaweed,T6,6,P05,emotional_attribution,The [ENTITY] seemed to,The seaweed seemed to,stop,neutral,0.0008006124990060925,-7.130133374574726
seaweed,T6,6,P06,policy_framing,The law should protect the [ENTITY] from,The law should protect the seaweed from,suffering,welfare_negative,0.000271994766080752,-8.209727366549524
seaweed,T6,6,P06,policy_framing,The law should protect the [ENTITY] from,The law should protect the seaweed from,harm,welfare_negative,0.009366036392748356,-4.6706652719281045
seaweed,T6,6,P06,policy_framing,The law should protect the [ENTITY] from,The law should protect the seaweed from,pain,welfare_negative,6.360281258821487e-05,-9.662851293254592
seaweed,T6,6,P06,policy_framing,The law should protect the [ENTITY] from,The law should protect the seaweed from,hunters,neutral,0.0004886860260739923,-7.623790143544822
seaweed,T6,6,P06,policy_framing,The law should protect the [ENTITY] from,The law should protect the seaweed from,predators,neutral,0.0061905719339847565,-5.0847277839569065
seaweed,T6,6,P07,consciousness_probe,Scientists are uncertain whether the [ENTITY] is,Scientists are uncertain whether the seaweed is,conscious,welfare_negative,2.3299497115658596e-05,-10.667074488715564
seaweed,T6,6,P07,consciousness_probe,Scientists are uncertain whether the [ENTITY] is,Scientists are uncertain whether the seaweed is,sentient,welfare_negative,0.00011971938511123881,-9.030359175763842
seaweed,T6,6,P07,consciousness_probe,Scientists are uncertain whether the [ENTITY] is,Scientists are uncertain whether the seaweed is,alive,neutral,0.029755685478448868,-3.5147350533694133
seaweed,T6,6,P07,consciousness_probe,Scientists are uncertain whether the [ENTITY] is,Scientists are uncertain whether the seaweed is,dangerous,neutral,0.005170763004571199,-5.2647349989224
seaweed,T6,6,P07,consciousness_probe,Scientists are uncertain whether the [ENTITY] is,Scientists are uncertain whether the seaweed is,edible,neutral,0.017221270129084587,-4.061610017947835
seaweed,T6,6,P08,neutral_baseline,The [ENTITY] was located near the,The seaweed was located near the,water,neutral,0.009654693305492401,-4.640311118604058
seaweed,T6,6,P08,neutral_baseline,The [ENTITY] was located near the,The seaweed was located near the,food,neutral,0.0001043609663611278,-9.167653879645922
seaweed,T6,6,P08,neutral_baseline,The [ENTITY] was located near the,The seaweed was located near the,ground,neutral,0.0006318404339253902,-7.366873515393704
seaweed,T6,6,P08,neutral_baseline,The [ENTITY] was located near the,The seaweed was located near the,wall,neutral,0.0012763527920469642,-6.663748571130196
seaweed,T6,6,P08,neutral_baseline,The [ENTITY] was located near the,The seaweed was located near the,door,neutral,0.0005889400490559638,-7.437185993981795
shrimp,T4,4,P01,appearance_state,The [ENTITY] appeared to be,The shrimp appeared to be,suffering,welfare_negative,0.002910102251917124,-5.8395670259371615
shrimp,T4,4,P01,appearance_state,The [ENTITY] appeared to be,The shrimp appeared to be,distressed,welfare_negative,0.0004825422365684062,-7.636441896851304
shrimp,T4,4,P01,appearance_state,The [ENTITY] appeared to be,The shrimp appeared to be,afraid,welfare_negative,0.0006804937147535384,-7.292691825181455
shrimp,T4,4,P01,appearance_state,The [ENTITY] appeared to be,The shrimp appeared to be,hurt,welfare_negative,0.00016872788546606898,-8.687222693219192
shrimp,T4,4,P01,appearance_state,The [ENTITY] appeared to be,The shrimp appeared to be,fine,welfare_positive,0.0036787139251828194,-5.605192037551646
shrimp,T4,4,P01,appearance_state,The [ENTITY] appeared to be,The shrimp appeared to be,healthy,welfare_positive,0.006257703062146902,-5.073942068202261
shrimp,T4,4,P01,appearance_state,The [ENTITY] appeared to be,The shrimp appeared to be,unharmed,welfare_positive,0.0025481705088168383,-5.972379585579407
shrimp,T4,4,P01,appearance_state,The [ENTITY] appeared to be,The shrimp appeared to be,calm,welfare_positive,0.0014863347169011831,-6.511442043866013
shrimp,T4,4,P02,researcher_observation,The researcher noted that the [ENTITY]'s,The researcher noted that the shrimp's,pain,welfare_negative,0.0001450790005037561,-8.838231443570473
shrimp,T4,4,P02,researcher_observation,The researcher noted that the [ENTITY]'s,The researcher noted that the shrimp's,suffering,welfare_negative,6.616304744966328e-05,-9.623386935078367
shrimp,T4,4,P02,researcher_observation,The researcher noted that the [ENTITY]'s,The researcher noted that the shrimp's,distress,welfare_negative,7.21004034858197e-05,-9.537449530537979
shrimp,T4,4,P02,researcher_observation,The researcher noted that the [ENTITY]'s,The researcher noted that the shrimp's,welfare,welfare_positive,0.0002851626486517489,-8.162450492780557
shrimp,T4,4,P02,researcher_observation,The researcher noted that the [ENTITY]'s,The researcher noted that the shrimp's,behaviour,neutral,0.009591999463737011,-4.646825906738888
shrimp,T4,4,P02,researcher_observation,The researcher noted that the [ENTITY]'s,The researcher noted that the shrimp's,movements,neutral,0.00997410248965025,-4.607763286203238
shrimp,T4,4,P02,researcher_observation,The researcher noted that the [ENTITY]'s,The researcher noted that the shrimp's,health,welfare_positive,0.0013604348059743643,-6.59995084654944
shrimp,T4,4,P03,moral_framing,Many people believe that the [ENTITY] can,Many people believe that the shrimp can,suffer,welfare_negative,0.0006276609492488205,-7.373510267698519
shrimp,T4,4,P03,moral_framing,Many people believe that the [ENTITY] can,Many people believe that the shrimp can,feel,welfare_negative,0.0006227765115909278,-7.381322672352926
shrimp,T4,4,P03,moral_framing,Many people believe that the [ENTITY] can,Many people believe that the shrimp can,experience,welfare_negative,7.209160685306415e-05,-9.537571543131389
shrimp,T4,4,P03,moral_framing,Many people believe that the [ENTITY] can,Many people believe that the shrimp can,think,neutral,0.00029417878249660134,-8.131322531786521
shrimp,T4,4,P03,moral_framing,Many people believe that the [ENTITY] can,Many people believe that the shrimp can,move,neutral,0.0008122536237351596,-7.115697798956309
shrimp,T4,4,P03,moral_framing,Many people believe that the [ENTITY] can,Many people believe that the shrimp can,grow,neutral,0.012314869090914726,-4.396947869397455
shrimp,T4,4,P04,care_intervention,It was important to ensure that the [ENTITY] did not,It was important to ensure that the shrimp did not,suffer,welfare_negative,0.04451321065425873,-3.111969262985165
shrimp,T4,4,P04,care_intervention,It was important to ensure that the [ENTITY] did not,It was important to ensure that the shrimp did not,die,welfare_negative,0.03333885222673416,-3.4010318255652976
shrimp,T4,4,P04,care_intervention,It was important to ensure that the [ENTITY] did not,It was important to ensure that the shrimp did not,escape,neutral,0.04965807497501373,-3.0025942617352674
shrimp,T4,4,P04,care_intervention,It was important to ensure that the [ENTITY] did not,It was important to ensure that the shrimp did not,move,neutral,0.011887334287166595,-4.432281782886616
shrimp,T4,4,P05,emotional_attribution,The [ENTITY] seemed to,The shrimp seemed to,suffer,welfare_negative,0.0005471002077683806,-7.510878394349632
shrimp,T4,4,P05,emotional_attribution,The [ENTITY] seemed to,The shrimp seemed to,fear,welfare_negative,0.0003166373062413186,-8.057753267650268
shrimp,T4,4,P05,emotional_attribution,The [ENTITY] seemed to,The shrimp seemed to,enjoy,welfare_positive,0.007731587626039982,-4.862441039538759
shrimp,T4,4,P05,emotional_attribution,The [ENTITY] seemed to,The shrimp seemed to,feel,welfare_negative,0.008230231702327728,-4.799941099157876
shrimp,T4,4,P05,emotional_attribution,The [ENTITY] seemed to,The shrimp seemed to,move,neutral,0.011337623931467533,-4.479628523669739
shrimp,T4,4,P05,emotional_attribution,The [ENTITY] seemed to,The shrimp seemed to,stop,neutral,0.001343548414297402,-6.612441020179299
shrimp,T4,4,P06,policy_framing,The law should protect the [ENTITY] from,The law should protect the shrimp from,suffering,welfare_negative,0.0010766327613964677,-6.833916828992388
shrimp,T4,4,P06,policy_framing,The law should protect the [ENTITY] from,The law should protect the shrimp from,harm,welfare_negative,0.009978181682527065,-4.607354391376204
shrimp,T4,4,P06,policy_framing,The law should protect the [ENTITY] from,The law should protect the shrimp from,pain,welfare_negative,0.00014067291340325028,-8.86907241463375
shrimp,T4,4,P06,policy_framing,The law should protect the [ENTITY] from,The law should protect the shrimp from,hunters,neutral,0.00038388522807508707,-7.865166674778274
shrimp,T4,4,P06,policy_framing,The law should protect the [ENTITY] from,The law should protect the shrimp from,predators,neutral,0.010135314427316189,-4.591729465784064
shrimp,T4,4,P07,consciousness_probe,Scientists are uncertain whether the [ENTITY] is,Scientists are uncertain whether the shrimp is,conscious,welfare_negative,0.00017311125702690333,-8.661575488304615
shrimp,T4,4,P07,consciousness_probe,Scientists are uncertain whether the [ENTITY] is,Scientists are uncertain whether the shrimp is,sentient,welfare_negative,0.00011667628132272512,-9.05610642713505
shrimp,T4,4,P07,consciousness_probe,Scientists are uncertain whether the [ENTITY] is,Scientists are uncertain whether the shrimp is,alive,neutral,0.03623151406645775,-3.3178259817809828
shrimp,T4,4,P07,consciousness_probe,Scientists are uncertain whether the [ENTITY] is,Scientists are uncertain whether the shrimp is,dangerous,neutral,0.0019352601375430822,-6.247513471856972
shrimp,T4,4,P07,consciousness_probe,Scientists are uncertain whether the [ENTITY] is,Scientists are uncertain whether the shrimp is,edible,neutral,0.00316587439738214,-5.755325959060094
shrimp,T4,4,P08,neutral_baseline,The [ENTITY] was located near the,The shrimp was located near the,water,neutral,0.02465408854186535,-3.7028125244238326
shrimp,T4,4,P08,neutral_baseline,The [ENTITY] was located near the,The shrimp was located near the,food,neutral,0.00045155538828112185,-7.702812295025923
shrimp,T4,4,P08,neutral_baseline,The [ENTITY] was located near the,The shrimp was located near the,ground,neutral,0.001613458851352334,-6.429374987544355
shrimp,T4,4,P08,neutral_baseline,The [ENTITY] was located near the,The shrimp was located near the,wall,neutral,0.0028096719179302454,-5.874687522046522
shrimp,T4,4,P08,neutral_baseline,The [ENTITY] was located near the,The shrimp was located near the,door,neutral,0.0008980251150205731,-7.015312410968787
snake,T3,3,P01,appearance_state,The [ENTITY] appeared to be,The snake appeared to be,suffering,welfare_negative,0.0016160211525857449,-6.427788167617146
snake,T3,3,P01,appearance_state,The [ENTITY] appeared to be,The snake appeared to be,distressed,welfare_negative,0.0004487528931349516,-7.7090379482454185
snake,T3,3,P01,appearance_state,The [ENTITY] appeared to be,The snake appeared to be,afraid,welfare_negative,0.0013930973364040256,-6.576225639463374
snake,T3,3,P01,appearance_state,The [ENTITY] appeared to be,The snake appeared to be,hurt,welfare_negative,0.0007398683810606599,-7.209038115858009
snake,T3,3,P01,appearance_state,The [ENTITY] appeared to be,The snake appeared to be,fine,welfare_positive,0.00054554472444579,-7.5137255847640185
snake,T3,3,P01,appearance_state,The [ENTITY] appeared to be,The snake appeared to be,healthy,welfare_positive,0.0006896331906318665,-7.279350564501776
snake,T3,3,P01,appearance_state,The [ENTITY] appeared to be,The snake appeared to be,unharmed,welfare_positive,0.003394493367522955,-5.685600728654251
snake,T3,3,P01,appearance_state,The [ENTITY] appeared to be,The snake appeared to be,calm,welfare_positive,0.0023329989053308964,-6.060600712290601
snake,T3,3,P02,researcher_observation,The researcher noted that the [ENTITY]'s,The researcher noted that the snake's,pain,welfare_negative,0.00016049180703703314,-8.737267040110785
snake,T3,3,P02,researcher_observation,The researcher noted that the [ENTITY]'s,The researcher noted that the snake's,suffering,welfare_negative,2.832848440448288e-05,-10.471639213443613
snake,T3,3,P02,researcher_observation,The researcher noted that the [ENTITY]'s,The researcher noted that the snake's,distress,welfare_negative,7.852358976379037e-05,-9.452110198272015
snake,T3,3,P02,researcher_observation,The researcher noted that the [ENTITY]'s,The researcher noted that the snake's,welfare,welfare_positive,2.519587542337831e-05,-10.58882628162266
snake,T3,3,P02,researcher_observation,The researcher noted that the [ENTITY]'s,The researcher noted that the snake's,behaviour,neutral,0.01826273463666439,-4.002892648508697
snake,T3,3,P02,researcher_observation,The researcher noted that the [ENTITY]'s,The researcher noted that the snake's,movements,neutral,0.022201837971806526,-3.807580197503984
snake,T3,3,P02,researcher_observation,The researcher noted that the [ENTITY]'s,The researcher noted that the snake's,health,welfare_positive,0.0002783903037197888,-8.186486099495403
snake,T3,3,P03,moral_framing,Many people believe that the [ENTITY] can,Many people believe that the snake can,suffer,welfare_negative,0.00013991449668537825,-8.874478345170985
snake,T3,3,P03,moral_framing,Many people believe that the [ENTITY] can,Many people believe that the snake can,feel,welfare_negative,0.0021047857590019703,-6.163541546712883
snake,T3,3,P03,moral_framing,Many people believe that the [ENTITY] can,Many people believe that the snake can,experience,welfare_negative,8.034613711060956e-05,-9.429165298108115
snake,T3,3,P03,moral_framing,Many people believe that the [ENTITY] can,Many people believe that the snake can,think,neutral,0.0009123571799136698,-6.9994788903143155
snake,T3,3,P03,moral_framing,Many people believe that the [ENTITY] can,Many people believe that the snake can,move,neutral,0.010041371919214725,-4.6010415187547675
snake,T3,3,P03,moral_framing,Many people believe that the [ENTITY] can,Many people believe that the snake can,grow,neutral,0.0035248531494289637,-5.647916474952185
snake,T3,3,P04,care_intervention,It was important to ensure that the [ENTITY] did not,It was important to ensure that the snake did not,suffer,welfare_negative,0.0026650112122297287,-5.927546976634228
snake,T3,3,P04,care_intervention,It was important to ensure that the [ENTITY] did not,It was important to ensure that the snake did not,die,welfare_negative,0.007358331698924303,-4.911922029686953
snake,T3,3,P04,care_intervention,It was important to ensure that the [ENTITY] did not,It was important to ensure that the snake did not,escape,neutral,0.102375328540802,-2.279109526647492
snake,T3,3,P04,care_intervention,It was important to ensure that the [ENTITY] did not,It was important to ensure that the snake did not,move,neutral,0.016975492238998413,-4.075984602187821
snake,T3,3,P05,emotional_attribution,The [ENTITY] seemed to,The snake seemed to,suffer,welfare_negative,0.00022326610633172095,-8.407145748091123
snake,T3,3,P05,emotional_attribution,The [ENTITY] seemed to,The snake seemed to,fear,welfare_negative,0.0004203874559607357,-7.774333519873569
snake,T3,3,P05,emotional_attribution,The [ENTITY] seemed to,The snake seemed to,enjoy,welfare_positive,0.004179938696324825,-5.477458674580221
snake,T3,3,P05,emotional_attribution,The [ENTITY] seemed to,The snake seemed to,feel,welfare_negative,0.012000929564237595,-4.422771160175139
snake,T3,3,P05,emotional_attribution,The [ENTITY] seemed to,The snake seemed to,move,neutral,0.014589418657124043,-4.227458755683506
snake,T3,3,P05,emotional_attribution,The [ENTITY] seemed to,The snake seemed to,stop,neutral,0.0009547880035825074,-6.954021123168227
snake,T3,3,P06,policy_framing,The law should protect the [ENTITY] from,The law should protect the snake from,suffering,welfare_negative,0.0020842566154897213,-6.173342978661363
snake,T3,3,P06,policy_framing,The law should protect the [ENTITY] from,The law should protect the snake from,harm,welfare_negative,0.02311917394399643,-3.767092960556743
snake,T3,3,P06,policy_framing,The law should protect the [ENTITY] from,The law should protect the snake from,pain,welfare_negative,0.0014213395770639181,-6.55615541757158
snake,T3,3,P06,policy_framing,The law should protect the [ENTITY] from,The law should protect the snake from,hunters,neutral,0.007683688774704933,-4.868655524913147
snake,T3,3,P06,policy_framing,The law should protect the [ENTITY] from,The law should protect the snake from,predators,neutral,0.015161924064159393,-4.188967983064834
snake,T3,3,P07,consciousness_probe,Scientists are uncertain whether the [ENTITY] is,Scientists are uncertain whether the snake is,conscious,welfare_negative,0.0005218366859480739,-7.558155689570838
snake,T3,3,P07,consciousness_probe,Scientists are uncertain whether the [ENTITY] is,Scientists are uncertain whether the snake is,sentient,welfare_negative,2.6082407202920876e-05,-10.55424569044518
snake,T3,3,P07,consciousness_probe,Scientists are uncertain whether the [ENTITY] is,Scientists are uncertain whether the snake is,alive,neutral,0.029858645051717758,-3.5112808612522106
snake,T3,3,P07,consciousness_probe,Scientists are uncertain whether the [ENTITY] is,Scientists are uncertain whether the snake is,dangerous,neutral,0.011244868859648705,-4.487843346849188
snake,T3,3,P07,consciousness_probe,Scientists are uncertain whether the [ENTITY] is,Scientists are uncertain whether the snake is,edible,neutral,0.0002370550064370036,-8.347217927245111
snake,T3,3,P08,neutral_baseline,The [ENTITY] was located near the,The snake was located near the,water,neutral,0.01184572372585535,-4.435788335103728
snake,T3,3,P08,neutral_baseline,The [ENTITY] was located near the,The snake was located near the,food,neutral,0.00032697326969355345,-8.025631828629308
snake,T3,3,P08,neutral_baseline,The [ENTITY] was located near the,The snake was located near the,ground,neutral,0.0021238212939351797,-6.1545382686225425
snake,T3,3,P08,neutral_baseline,The [ENTITY] was located near the,The snake was located near the,wall,neutral,0.0027270405553281307,-5.904538266785323
snake,T3,3,P08,neutral_baseline,The [ENTITY] was located near the,The snake was located near the,door,neutral,0.001979618798941374,-6.224850928083572
soldier,T1,1,P01,appearance_state,The [ENTITY] appeared to be,The soldier appeared to be,suffering,welfare_negative,0.007391368038952351,-4.907442427334127
soldier,T1,1,P01,appearance_state,The [ENTITY] appeared to be,The soldier appeared to be,distressed,welfare_negative,0.0004615685320459306,-7.680879799919257
soldier,T1,1,P01,appearance_state,The [ENTITY] appeared to be,The soldier appeared to be,afraid,welfare_negative,0.0009848043555393815,-6.923067458795389
soldier,T1,1,P01,appearance_state,The [ENTITY] appeared to be,The soldier appeared to be,hurt,welfare_negative,0.0014328820398077369,-6.548067380686948
soldier,T1,1,P01,appearance_state,The [ENTITY] appeared to be,The soldier appeared to be,fine,welfare_positive,0.0006162748322822154,-7.391817375361333
soldier,T1,1,P01,appearance_state,The [ENTITY] appeared to be,The soldier appeared to be,healthy,welfare_positive,0.0004202629206702113,-7.774629803002129
soldier,T1,1,P01,appearance_state,The [ENTITY] appeared to be,The soldier appeared to be,unharmed,welfare_positive,0.006421731319278479,-5.048067506164077
soldier,T1,1,P01,appearance_state,The [ENTITY] appeared to be,The soldier appeared to be,calm,welfare_positive,0.0011072453344240785,-6.805879938516427
soldier,T1,1,P02,researcher_observation,The researcher noted that the [ENTITY]'s,The researcher noted that the soldier's,pain,welfare_negative,0.0008117950637824833,-7.116262510977465
soldier,T1,1,P02,researcher_observation,The researcher noted that the [ENTITY]'s,The researcher noted that the soldier's,suffering,welfare_negative,0.00033446395536884665,-8.002981141961184
soldier,T1,1,P02,researcher_observation,The researcher noted that the [ENTITY]'s,The researcher noted that the soldier's,distress,welfare_negative,0.0003834647941403091,-7.866262482050305
soldier,T1,1,P02,researcher_observation,The researcher noted that the [ENTITY]'s,The researcher noted that the soldier's,welfare,welfare_positive,0.00012160892219981179,-9.014699395462438
soldier,T1,1,P02,researcher_observation,The researcher noted that the [ENTITY]'s,The researcher noted that the soldier's,behaviour,neutral,0.006286268122494221,-5.069387671696186
soldier,T1,1,P02,researcher_observation,The researcher noted that the [ENTITY]'s,The researcher noted that the soldier's,movements,neutral,0.002259017899632454,-6.092825073563228
soldier,T1,1,P02,researcher_observation,The researcher noted that the [ENTITY]'s,The researcher noted that the soldier's,health,welfare_positive,0.0021387950982898474,-6.147512599940915
soldier,T1,1,P03,moral_framing,Many people believe that the [ENTITY] can,Many people believe that the soldier can,suffer,welfare_negative,0.0010271359933540225,-6.880980841377893
soldier,T1,1,P03,moral_framing,Many people believe that the [ENTITY] can,Many people believe that the soldier can,feel,welfare_negative,0.00299542723223567,-5.810668375711123
soldier,T1,1,P03,moral_framing,Many people believe that the [ENTITY] can,Many people believe that the soldier can,experience,welfare_negative,0.0007283485028892756,-7.2247307742570905
soldier,T1,1,P03,moral_framing,Many people believe that the [ENTITY] can,Many people believe that the soldier can,think,neutral,0.0019339930731803179,-6.248168411853688
soldier,T1,1,P03,moral_framing,Many people believe that the [ENTITY] can,Many people believe that the soldier can,move,neutral,0.002157525159418583,-6.138793427349348
soldier,T1,1,P03,moral_framing,Many people believe that the [ENTITY] can,Many people believe that the soldier can,grow,neutral,0.0008582042646594346,-7.060668299589633
soldier,T1,1,P04,care_intervention,It was important to ensure that the [ENTITY] did not,It was important to ensure that the soldier did not,suffer,welfare_negative,0.021181438118219376,-3.85463003657135
soldier,T1,1,P04,care_intervention,It was important to ensure that the [ENTITY] did not,It was important to ensure that the soldier did not,die,welfare_negative,0.018986918032169342,-3.964005056313515
soldier,T1,1,P04,care_intervention,It was important to ensure that the [ENTITY] did not,It was important to ensure that the soldier did not,escape,neutral,0.004689437802881002,-5.362442553838533
soldier,T1,1,P04,care_intervention,It was important to ensure that the [ENTITY] did not,It was important to ensure that the soldier did not,move,neutral,0.005482508335262537,-5.206192539093837
soldier,T1,1,P05,emotional_attribution,The [ENTITY] seemed to,The soldier seemed to,suffer,welfare_negative,0.000738773902412504,-7.210518499196472
soldier,T1,1,P05,emotional_attribution,The [ENTITY] seemed to,The soldier seemed to,fear,welfare_negative,0.0007104718824848533,-7.249581044723496
soldier,T1,1,P05,emotional_attribution,The [ENTITY] seemed to,The soldier seemed to,enjoy,welfare_positive,0.004705815576016903,-5.358956157311259
soldier,T1,1,P05,emotional_attribution,The [ENTITY] seemed to,The soldier seemed to,feel,welfare_negative,0.011556368321180344,-4.46051861551041
soldier,T1,1,P05,emotional_attribution,The [ENTITY] seemed to,The soldier seemed to,move,neutral,0.002921907464042306,-5.835518600636451
soldier,T1,1,P05,emotional_attribution,The [ENTITY] seemed to,The soldier seemed to,stop,neutral,0.0005753576406277716,-7.460518553013218
soldier,T1,1,P06,policy_framing,The law should protect the [ENTITY] from,The law should protect the soldier from,suffering,welfare_negative,0.0034478523302823305,-5.670003725738594
soldier,T1,1,P06,policy_framing,The law should protect the [ENTITY] from,The law should protect the soldier from,harm,welfare_negative,0.012611720710992813,-4.373128674319415
soldier,T1,1,P06,policy_framing,The law should protect the [ENTITY] from,The law should protect the soldier from,pain,welfare_negative,0.001239011762663722,-6.693441101995395
soldier,T1,1,P06,policy_framing,The law should protect the [ENTITY] from,The law should protect the soldier from,hunters,neutral,3.928128080588067e-06,-12.447322103834953
soldier,T1,1,P06,policy_framing,The law should protect the [ENTITY] from,The law should protect the soldier from,predators,neutral,0.0001575226488057524,-8.755940673266666
soldier,T1,1,P07,consciousness_probe,Scientists are uncertain whether the [ENTITY] is,Scientists are uncertain whether the soldier is,conscious,welfare_negative,0.009349384345114231,-4.672444772595885
soldier,T1,1,P07,consciousness_probe,Scientists are uncertain whether the [ENTITY] is,Scientists are uncertain whether the soldier is,sentient,welfare_negative,3.0225646696635522e-05,-10.406816457165245
soldier,T1,1,P07,consciousness_probe,Scientists are uncertain whether the [ENTITY] is,Scientists are uncertain whether the soldier is,alive,neutral,0.2507290840148926,-1.383382268919703
soldier,T1,1,P07,consciousness_probe,Scientists are uncertain whether the [ENTITY] is,Scientists are uncertain whether the soldier is,dangerous,neutral,0.00016467984823975712,-8.711506675370629
soldier,T1,1,P07,consciousness_probe,Scientists are uncertain whether the [ENTITY] is,Scientists are uncertain whether the soldier is,edible,neutral,3.797990302700782e-06,-12.48101216947432
soldier,T1,1,P08,neutral_baseline,The [ENTITY] was located near the,The soldier was located near the,water,neutral,0.004797726403921843,-5.339613118289807
soldier,T1,1,P08,neutral_baseline,The [ENTITY] was located near the,The soldier was located near the,food,neutral,0.00016675445658620447,-8.698987547687585
soldier,T1,1,P08,neutral_baseline,The [ENTITY] was located near the,The soldier was located near the,ground,neutral,0.0009085364290513098,-7.003675462844671
soldier,T1,1,P08,neutral_baseline,The [ENTITY] was located near the,The soldier was located near the,wall,neutral,0.0021289782598614693,-6.152113057583952
soldier,T1,1,P08,neutral_baseline,The [ENTITY] was located near the,The soldier was located near the,door,neutral,0.0026703369803726673,-5.925550567207916
squid,T4,4,P01,appearance_state,The [ENTITY] appeared to be,The squid appeared to be,suffering,welfare_negative,0.0035378041211515665,-5.644249020798372
squid,T4,4,P01,appearance_state,The [ENTITY] appeared to be,The squid appeared to be,distressed,welfare_negative,0.0006595607264898717,-7.323936358839515
squid,T4,4,P01,appearance_state,The [ENTITY] appeared to be,The squid appeared to be,afraid,welfare_negative,0.0006293572369031608,-7.370811359388681
squid,T4,4,P01,appearance_state,The [ENTITY] appeared to be,The squid appeared to be,hurt,welfare_negative,0.0005912263877689838,-7.433311385935778
squid,T4,4,P01,appearance_state,The [ENTITY] appeared to be,The squid appeared to be,fine,welfare_positive,0.0010215475922450423,-6.886436456352961
squid,T4,4,P01,appearance_state,The [ENTITY] appeared to be,The squid appeared to be,healthy,welfare_positive,0.001849783817306161,-6.292686448169854
squid,T4,4,P01,appearance_state,The [ENTITY] appeared to be,The squid appeared to be,unharmed,welfare_positive,0.0035655514802783728,-5.636436516108233
squid,T4,4,P01,appearance_state,The [ENTITY] appeared to be,The squid appeared to be,calm,welfare_positive,0.0016071199206635356,-6.433311508852887
squid,T4,4,P02,researcher_observation,The researcher noted that the [ENTITY]'s,The researcher noted that the squid's,pain,welfare_negative,0.00015369568427558988,-8.780535336061403
squid,T4,4,P02,researcher_observation,The researcher noted that the [ENTITY]'s,The researcher noted that the squid's,suffering,welfare_negative,2.2141961380839348e-05,-10.718031528385627
squid,T4,4,P02,researcher_observation,The researcher noted that the [ENTITY]'s,The researcher noted that the squid's,distress,welfare_negative,4.49030521849636e-05,-10.011002561115399
squid,T4,4,P02,researcher_observation,The researcher noted that the [ENTITY]'s,The researcher noted that the squid's,welfare,welfare_positive,4.669178815674968e-05,-9.971940109517476
squid,T4,4,P02,researcher_observation,The researcher noted that the [ENTITY]'s,The researcher noted that the squid's,behaviour,neutral,0.005973753985017538,-5.1203797242441365
squid,T4,4,P02,researcher_observation,The researcher noted that the [ENTITY]'s,The researcher noted that the squid's,movements,neutral,0.007791244424879551,-4.854754672568295
squid,T4,4,P02,researcher_observation,The researcher noted that the [ENTITY]'s,The researcher noted that the squid's,health,welfare_positive,0.00019053164578508586,-8.565691732740044
squid,T4,4,P03,moral_framing,Many people believe that the [ENTITY] can,Many people believe that the squid can,suffer,welfare_negative,0.00022340193390846252,-8.406537567035512
squid,T4,4,P03,moral_framing,Many people believe that the [ENTITY] can,Many people believe that the squid can,feel,welfare_negative,0.0032068199943751097,-5.7424754576385135
squid,T4,4,P03,moral_framing,Many people believe that the [ENTITY] can,Many people believe that the squid can,experience,welfare_negative,0.0002551330253481865,-8.273725088842891
squid,T4,4,P03,moral_framing,Many people believe that the [ENTITY] can,Many people believe that the squid can,think,neutral,0.002038378734141588,-6.195600476205102
squid,T4,4,P03,moral_framing,Many people believe that the [ENTITY] can,Many people believe that the squid can,move,neutral,0.008061944507062435,-4.820600485178736
squid,T4,4,P03,moral_framing,Many people believe that the [ENTITY] can,Many people believe that the squid can,grow,neutral,0.010848532430827618,-4.5237254587578235
squid,T4,4,P04,care_intervention,It was important to ensure that the [ENTITY] did not,It was important to ensure that the squid did not,suffer,welfare_negative,0.022866295650601387,-3.7780912538691473
squid,T4,4,P04,care_intervention,It was important to ensure that the [ENTITY] did not,It was important to ensure that the squid did not,die,welfare_negative,0.017947962507605553,-4.020278674244453
squid,T4,4,P04,care_intervention,It was important to ensure that the [ENTITY] did not,It was important to ensure that the squid did not,escape,neutral,0.05884910002350807,-2.8327787364121644
squid,T4,4,P04,care_intervention,It was important to ensure that the [ENTITY] did not,It was important to ensure that the squid did not,move,neutral,0.011408418416976929,-4.473403729712353
squid,T4,4,P05,emotional_attribution,The [ENTITY] seemed to,The squid seemed to,suffer,welfare_negative,0.0006179162301123142,-7.389157497840165
squid,T4,4,P05,emotional_attribution,The [ENTITY] seemed to,The squid seemed to,fear,welfare_negative,0.00028070108965039253,-8.178219836449406
squid,T4,4,P05,emotional_attribution,The [ENTITY] seemed to,The squid seemed to,enjoy,welfare_positive,0.005638032220304012,-5.17822015372346
squid,T4,4,P05,emotional_attribution,The [ENTITY] seemed to,The squid seemed to,feel,welfare_negative,0.007411053404211998,-4.9047826764718465
squid,T4,4,P05,emotional_attribution,The [ENTITY] seemed to,The squid seemed to,move,neutral,0.010533230379223824,-4.553220211735704
squid,T4,4,P05,emotional_attribution,The [ENTITY] seemed to,The squid seemed to,stop,neutral,0.0011634737020358443,-6.7563450919895285
squid,T4,4,P06,policy_framing,The law should protect the [ENTITY] from,The law should protect the squid from,suffering,welfare_negative,0.002020582789555192,-6.2043692500084795
squid,T4,4,P06,policy_framing,The law should protect the [ENTITY] from,The law should protect the squid from,harm,welfare_negative,0.015769433230161667,-4.14968181206044
squid,T4,4,P06,policy_framing,The law should protect the [ENTITY] from,The law should protect the squid from,pain,welfare_negative,0.0005610955995507538,-7.485619079555461
squid,T4,4,P06,policy_framing,The law should protect the [ENTITY] from,The law should protect the squid from,hunters,neutral,0.0008827272104099393,-7.032494226788363
squid,T4,4,P06,policy_framing,The law should protect the [ENTITY] from,The law should protect the squid from,predators,neutral,0.01307331956923008,-4.3371817920715205
squid,T4,4,P07,consciousness_probe,Scientists are uncertain whether the [ENTITY] is,Scientists are uncertain whether the squid is,conscious,welfare_negative,0.0016659392276778817,-6.397366153861091
squid,T4,4,P07,consciousness_probe,Scientists are uncertain whether the [ENTITY] is,Scientists are uncertain whether the squid is,sentient,welfare_negative,0.00014443534018937498,-8.842677930944387
squid,T4,4,P07,consciousness_probe,Scientists are uncertain whether the [ENTITY] is,Scientists are uncertain whether the squid is,alive,neutral,0.07599759101867676,-2.5770536350050137
squid,T4,4,P07,consciousness_probe,Scientists are uncertain whether the [ENTITY] is,Scientists are uncertain whether the squid is,dangerous,neutral,0.0011272309347987175,-6.78799106511269
squid,T4,4,P07,consciousness_probe,Scientists are uncertain whether the [ENTITY] is,Scientists are uncertain whether the squid is,edible,neutral,0.0007277950062416494,-7.225490996851622
squid,T4,4,P08,neutral_baseline,The [ENTITY] was located near the,The squid was located near the,water,neutral,0.01031093206256628,-4.574550571600329
squid,T4,4,P08,neutral_baseline,The [ENTITY] was located near the,The squid was located near the,food,neutral,0.00015293643809854984,-8.78548750628799
squid,T4,4,P08,neutral_baseline,The [ENTITY] was located near the,The squid was located near the,ground,neutral,0.0010289277415722609,-6.879237949397382
squid,T4,4,P08,neutral_baseline,The [ENTITY] was located near the,The squid was located near the,wall,neutral,0.00209479290060699,-6.168300536882554
squid,T4,4,P08,neutral_baseline,The [ENTITY] was located near the,The squid was located near the,door,neutral,0.0002551218494772911,-8.273768893878643
statue,T6,6,P01,appearance_state,The [ENTITY] appeared to be,The statue appeared to be,suffering,welfare_negative,0.001443730085156858,-6.540525108355031
statue,T6,6,P01,appearance_state,The [ENTITY] appeared to be,The statue appeared to be,distressed,welfare_negative,9.901762678055093e-05,-9.220211665469321
statue,T6,6,P01,appearance_state,The [ENTITY] appeared to be,The statue appeared to be,afraid,welfare_negative,3.9540645957458764e-05,-10.13817887450551
statue,T6,6,P01,appearance_state,The [ENTITY] appeared to be,The statue appeared to be,hurt,welfare_negative,0.00011352426372468472,-9.083493085711362
statue,T6,6,P01,appearance_state,The [ENTITY] appeared to be,The statue appeared to be,fine,welfare_positive,0.0007146982243284583,-7.243650028321391
statue,T6,6,P01,appearance_state,The [ENTITY] appeared to be,The statue appeared to be,healthy,welfare_positive,9.265580592909828e-05,-9.286617862751838
statue,T6,6,P01,appearance_state,The [ENTITY] appeared to be,The statue appeared to be,unharmed,welfare_positive,0.00417757174000144,-5.478025100754155
statue,T6,6,P01,appearance_state,The [ENTITY] appeared to be,The statue appeared to be,calm,welfare_positive,9.229458373738453e-05,-9.29052401575908
statue,T6,6,P02,researcher_observation,The researcher noted that the [ENTITY]'s,The researcher noted that the statue's,pain,welfare_negative,0.0001028168699122034,-9.182560141599954
statue,T6,6,P02,researcher_observation,The researcher noted that the [ENTITY]'s,The researcher noted that the statue's,suffering,welfare_negative,7.09415107849054e-05,-9.553653402576817
statue,T6,6,P02,researcher_observation,The researcher noted that the [ENTITY]'s,The researcher noted that the statue's,distress,welfare_negative,8.673679985804483e-06,-11.655205877663604
statue,T6,6,P02,researcher_observation,The researcher noted that the [ENTITY]'s,The researcher noted that the statue's,welfare,welfare_positive,6.94232630849001e-06,-11.877859232371303
statue,T6,6,P02,researcher_observation,The researcher noted that the [ENTITY]'s,The researcher noted that the statue's,behaviour,neutral,0.00019133833120577037,-8.561466806735163
statue,T6,6,P02,researcher_observation,The researcher noted that the [ENTITY]'s,The researcher noted that the statue's,movements,neutral,0.0007363454787991941,-7.213811013021177
statue,T6,6,P02,researcher_observation,The researcher noted that the [ENTITY]'s,The researcher noted that the statue's,health,welfare_positive,0.0001225759187946096,-9.006779158859564
statue,T6,6,P03,moral_framing,Many people believe that the [ENTITY] can,Many people believe that the statue can,suffer,welfare_negative,0.00010451771231601015,-9.166153048300048
statue,T6,6,P03,moral_framing,Many people believe that the [ENTITY] can,Many people believe that the statue can,feel,welfare_negative,0.0004400359757710248,-7.728653844024302
statue,T6,6,P03,moral_framing,Many people believe that the [ENTITY] can,Many people believe that the statue can,experience,welfare_negative,6.24103777226992e-05,-9.681777384461828
statue,T6,6,P03,moral_framing,Many people believe that the [ENTITY] can,Many people believe that the statue can,think,neutral,7.889410335337743e-05,-9.447402801082887
statue,T6,6,P03,moral_framing,Many people believe that the [ENTITY] can,Many people believe that the statue can,move,neutral,0.00978317204862833,-4.627091496950194
statue,T6,6,P03,moral_framing,Many people believe that the [ENTITY] can,Many people believe that the statue can,grow,neutral,0.0004575650382321328,-7.689591304734106
statue,T6,6,P04,care_intervention,It was important to ensure that the [ENTITY] did not,It was important to ensure that the statue did not,suffer,welfare_negative,0.012897995300590992,-4.350683374992635
statue,T6,6,P04,care_intervention,It was important to ensure that the [ENTITY] did not,It was important to ensure that the statue did not,die,welfare_negative,0.0004081775259692222,-7.803808120533107
statue,T6,6,P04,care_intervention,It was important to ensure that the [ENTITY] did not,It was important to ensure that the statue did not,escape,neutral,0.003782969666644931,-5.577245925262485
statue,T6,6,P04,care_intervention,It was important to ensure that the [ENTITY] did not,It was important to ensure that the statue did not,move,neutral,0.024861536920070648,-3.6944333677765666
statue,T6,6,P05,emotional_attribution,The [ENTITY] seemed to,The statue seemed to,suffer,welfare_negative,0.00040965707739815116,-7.800189900724003
statue,T6,6,P05,emotional_attribution,The [ENTITY] seemed to,The statue seemed to,fear,welfare_negative,5.544105442822911e-05,-9.800188380279417
statue,T6,6,P05,emotional_attribution,The [ENTITY] seemed to,The statue seemed to,enjoy,welfare_positive,0.00058224011445418,-7.448627455774407
statue,T6,6,P05,emotional_attribution,The [ENTITY] seemed to,The statue seemed to,feel,welfare_negative,0.0011310995323583484,-6.784564993457185
statue,T6,6,P05,emotional_attribution,The [ENTITY] seemed to,The statue seemed to,move,neutral,0.02052467130124569,-3.8861276334553243
statue,T6,6,P05,emotional_attribution,The [ENTITY] seemed to,The statue seemed to,stop,neutral,0.0012134927092120051,-6.714252458474832
statue,T6,6,P06,policy_framing,The law should protect the [ENTITY] from,The law should protect the statue from,suffering,welfare_negative,0.00010060281783808023,-9.204329296364579
statue,T6,6,P06,policy_framing,The law should protect the [ENTITY] from,The law should protect the statue from,harm,welfare_negative,0.0014668430667370558,-6.52464269300934
statue,T6,6,P06,policy_framing,The law should protect the [ENTITY] from,The law should protect the statue from,pain,welfare_negative,1.9125527614960447e-05,-10.864481362321603
statue,T6,6,P06,policy_framing,The law should protect the [ENTITY] from,The law should protect the statue from,hunters,neutral,1.0603459486446809e-05,-11.454320812606468
statue,T6,6,P06,policy_framing,The law should protect the [ENTITY] from,The law should protect the statue from,predators,neutral,3.672169623314403e-05,-10.212140076383763
statue,T6,6,P07,consciousness_probe,Scientists are uncertain whether the [ENTITY] is,Scientists are uncertain whether the statue is,conscious,welfare_negative,7.552967144874856e-05,-9.490983655610018
statue,T6,6,P07,consciousness_probe,Scientists are uncertain whether the [ENTITY] is,Scientists are uncertain whether the statue is,sentient,welfare_negative,4.8009580496000126e-05,-9.944107890390454
statue,T6,6,P07,consciousness_probe,Scientists are uncertain whether the [ENTITY] is,Scientists are uncertain whether the statue is,alive,neutral,0.002443258883431554,-6.014422481915271
statue,T6,6,P07,consciousness_probe,Scientists are uncertain whether the [ENTITY] is,Scientists are uncertain whether the statue is,dangerous,neutral,0.0002940943231806159,-8.131609674907757
statue,T6,6,P07,consciousness_probe,Scientists are uncertain whether the [ENTITY] is,Scientists are uncertain whether the statue is,edible,neutral,2.6307076041121036e-05,-10.545668802723677
statue,T6,6,P08,neutral_baseline,The [ENTITY] was located near the,The statue was located near the,water,neutral,0.0030375889036804438,-5.796691169121563
statue,T6,6,P08,neutral_baseline,The [ENTITY] was located near the,The statue was located near the,food,neutral,3.8237605622271076e-05,-10.171688470998708
statue,T6,6,P08,neutral_baseline,The [ENTITY] was located near the,The statue was located near the,ground,neutral,0.000273846962954849,-8.202940771806302
statue,T6,6,P08,neutral_baseline,The [ENTITY] was located near the,The statue was located near the,wall,neutral,0.0009483816102147102,-6.960753488844355
statue,T6,6,P08,neutral_baseline,The [ENTITY] was located near the,The statue was located near the,door,neutral,0.0005136158433742821,-7.574034763674919
table,T6,6,P01,appearance_state,The [ENTITY] appeared to be,The table appeared to be,suffering,welfare_negative,0.00024173794372472912,-8.327655882042215
table,T6,6,P01,appearance_state,The [ENTITY] appeared to be,The table appeared to be,distressed,welfare_negative,1.4919930436008144e-05,-11.112805923243814
table,T6,6,P01,appearance_state,The [ENTITY] appeared to be,The table appeared to be,afraid,welfare_negative,4.015644663013518e-06,-12.425287757523048
table,T6,6,P01,appearance_state,The [ENTITY] appeared to be,The table appeared to be,hurt,welfare_negative,1.0662794011295773e-05,-11.44874069283548
table,T6,6,P01,appearance_state,The [ENTITY] appeared to be,The table appeared to be,fine,welfare_positive,0.0011265517678111792,-6.788593755821995
table,T6,6,P01,appearance_state,The [ENTITY] appeared to be,The table appeared to be,healthy,welfare_positive,0.00018462431035004556,-8.59718701088874
table,T6,6,P01,appearance_state,The [ENTITY] appeared to be,The table appeared to be,unharmed,welfare_positive,0.0044905440881848335,-5.405781384530941
table,T6,6,P01,appearance_state,The [ENTITY] appeared to be,The table appeared to be,calm,welfare_positive,0.00015607773093506694,-8.76515575888164
table,T6,6,P02,researcher_observation,The researcher noted that the [ENTITY]'s,The researcher noted that the table's,pain,welfare_negative,5.837752905790694e-05,-9.748577805594815
table,T6,6,P02,researcher_observation,The researcher noted that the [ENTITY]'s,The researcher noted that the table's,suffering,welfare_negative,9.928869985742494e-06,-11.520053812805644
table,T6,6,P02,researcher_observation,The researcher noted that the [ENTITY]'s,The researcher noted that the table's,distress,welfare_negative,1.5228687516355421e-05,-11.092323005759173
table,T6,6,P02,researcher_observation,The researcher noted that the [ENTITY]'s,The researcher noted that the table's,welfare,welfare_positive,8.626351700513624e-06,-11.660677296106883
table,T6,6,P02,researcher_observation,The researcher noted that the [ENTITY]'s,The researcher noted that the table's,behaviour,neutral,0.00015320467355195433,-8.783735142187897
table,T6,6,P02,researcher_observation,The researcher noted that the [ENTITY]'s,The researcher noted that the table's,movements,neutral,9.438666893402115e-05,-9.268109654233328
table,T6,6,P02,researcher_observation,The researcher noted that the [ENTITY]'s,The researcher noted that the table's,health,welfare_positive,0.00033725431421771646,-7.994672974103012
table,T6,6,P03,moral_framing,Many people believe that the [ENTITY] can,Many people believe that the table can,suffer,welfare_negative,0.00036041432758793235,-7.928256000878381
table,T6,6,P03,moral_framing,Many people believe that the [ENTITY] can,Many people believe that the table can,feel,welfare_negative,0.0001400418987032026,-8.873568189606033
table,T6,6,P03,moral_framing,Many people believe that the [ENTITY] can,Many people believe that the table can,experience,welfare_negative,6.719284283462912e-05,-9.607942333291707
table,T6,6,P03,moral_framing,Many people believe that the [ENTITY] can,Many people believe that the table can,think,neutral,0.00011252683179918677,-9.092317971199366
table,T6,6,P03,moral_framing,Many people believe that the [ENTITY] can,Many people believe that the table can,move,neutral,0.0009421756258234382,-6.967318755325226
table,T6,6,P03,moral_framing,Many people believe that the [ENTITY] can,Many people believe that the table can,grow,neutral,0.003785058856010437,-5.576693815989347
table,T6,6,P04,care_intervention,It was important to ensure that the [ENTITY] did not,It was important to ensure that the table did not,suffer,welfare_negative,0.006699493154883385,-5.005723389045077
table,T6,6,P04,care_intervention,It was important to ensure that the [ENTITY] did not,It was important to ensure that the table did not,die,welfare_negative,6.937139551155269e-05,-9.576034502322399
table,T6,6,P04,care_intervention,It was important to ensure that the [ENTITY] did not,It was important to ensure that the table did not,escape,neutral,0.000594613840803504,-7.427598201991463
table,T6,6,P04,care_intervention,It was important to ensure that the [ENTITY] did not,It was important to ensure that the table did not,move,neutral,0.033234696835279465,-3.4041608603723694
table,T6,6,P05,emotional_attribution,The [ENTITY] seemed to,The table seemed to,suffer,welfare_negative,0.00010414055577712134,-9.169768113176932
table,T6,6,P05,emotional_attribution,The [ENTITY] seemed to,The table seemed to,fear,welfare_negative,6.1092500800441485e-06,-12.005690160316655
table,T6,6,P05,emotional_attribution,The [ENTITY] seemed to,The table seemed to,enjoy,welfare_positive,9.631427383283153e-05,-9.247892989313756
table,T6,6,P05,emotional_attribution,The [ENTITY] seemed to,The table seemed to,feel,welfare_negative,0.0005585973849520087,-7.490081406876493
table,T6,6,P05,emotional_attribution,The [ENTITY] seemed to,The table seemed to,move,neutral,0.031221631914377213,-3.4666440906173936
table,T6,6,P05,emotional_attribution,The [ENTITY] seemed to,The table seemed to,stop,neutral,0.0024075538385659456,-6.029144010154206
table,T6,6,P06,policy_framing,The law should protect the [ENTITY] from,The law should protect the table from,suffering,welfare_negative,0.00043056689901277423,-7.7504076155139945
table,T6,6,P06,policy_framing,The law should protect the [ENTITY] from,The law should protect the table from,harm,welfare_negative,0.0017569820629432797,-6.344157621824565
table,T6,6,P06,policy_framing,The law should protect the [ENTITY] from,The law should protect the table from,pain,welfare_negative,0.000181602721568197,-8.613688554647975
table,T6,6,P06,policy_framing,The law should protect the [ENTITY] from,The law should protect the table from,hunters,neutral,1.8844037185772322e-05,-10.879308717075908
table,T6,6,P06,policy_framing,The law should protect the [ENTITY] from,The law should protect the table from,predators,neutral,0.0008496209047734737,-7.070720184649591
table,T6,6,P07,consciousness_probe,Scientists are uncertain whether the [ENTITY] is,Scientists are uncertain whether the table is,conscious,welfare_negative,2.7485997634357773e-05,-10.501830221689273
table,T6,6,P07,consciousness_probe,Scientists are uncertain whether the [ENTITY] is,Scientists are uncertain whether the table is,sentient,welfare_negative,4.207517486065626e-05,-10.076050285272824
table,T6,6,P07,consciousness_probe,Scientists are uncertain whether the [ENTITY] is,Scientists are uncertain whether the table is,alive,neutral,0.0029961487744003534,-5.810427523506866
table,T6,6,P07,consciousness_probe,Scientists are uncertain whether the [ENTITY] is,Scientists are uncertain whether the table is,dangerous,neutral,0.0010354411788284779,-6.872927586772833
table,T6,6,P07,consciousness_probe,Scientists are uncertain whether the [ENTITY] is,Scientists are uncertain whether the table is,edible,neutral,0.001437567756511271,-6.5448025818772875
table,T6,6,P08,neutral_baseline,The [ENTITY] was located near the,The table was located near the,water,neutral,0.005518331658095121,-5.199679682106508
table,T6,6,P08,neutral_baseline,The [ENTITY] was located near the,The table was located near the,food,neutral,0.0004747108032461256,-7.652804563961856
table,T6,6,P08,neutral_baseline,The [ENTITY] was located near the,The table was located near the,ground,neutral,0.0007585856947116554,-7.184054654548321
table,T6,6,P08,neutral_baseline,The [ENTITY] was located near the,The table was located near the,wall,neutral,0.008414450101554394,-4.777804788999151
table,T6,6,P08,neutral_baseline,The [ENTITY] was located near the,The table was located near the,door,neutral,0.021487051621079445,-3.8403047708023927
teenager,T1,1,P01,appearance_state,The [ENTITY] appeared to be,The teenager appeared to be,suffering,welfare_negative,0.014751502312719822,-4.2164103428940525
teenager,T1,1,P01,appearance_state,The [ENTITY] appeared to be,The teenager appeared to be,distressed,welfare_negative,0.0013403187040239573,-6.61484777986552
teenager,T1,1,P01,appearance_state,The [ENTITY] appeared to be,The teenager appeared to be,afraid,welfare_negative,0.0003751121985260397,-7.888285114087773
teenager,T1,1,P01,appearance_state,The [ENTITY] appeared to be,The teenager appeared to be,hurt,welfare_negative,0.001111163292080164,-6.802347711559115
teenager,T1,1,P01,appearance_state,The [ENTITY] appeared to be,The teenager appeared to be,fine,welfare_positive,0.002043741988018155,-6.192972794632306
teenager,T1,1,P01,appearance_state,The [ENTITY] appeared to be,The teenager appeared to be,healthy,welfare_positive,0.0006088671507313848,-7.403910293109879
teenager,T1,1,P01,appearance_state,The [ENTITY] appeared to be,The teenager appeared to be,unharmed,welfare_positive,0.010138548910617828,-4.5914103866580716
teenager,T1,1,P01,appearance_state,The [ENTITY] appeared to be,The teenager appeared to be,calm,welfare_positive,0.0019349760841578245,-6.247660260504908
teenager,T1,1,P02,researcher_observation,The researcher noted that the [ENTITY]'s,The researcher noted that the teenager's,pain,welfare_negative,0.000747186946682632,-7.19919500701009
teenager,T1,1,P02,researcher_observation,The researcher noted that the [ENTITY]'s,The researcher noted that the teenager's,suffering,welfare_negative,0.00019189348677173257,-8.558569575145688
teenager,T1,1,P02,researcher_observation,The researcher noted that the [ENTITY]'s,The researcher noted that the teenager's,distress,welfare_negative,0.0004426936211530119,-7.722632401401049
teenager,T1,1,P02,researcher_observation,The researcher noted that the [ENTITY]'s,The researcher noted that the teenager's,welfare,welfare_positive,8.482023986289278e-05,-9.374975187053742
teenager,T1,1,P02,researcher_observation,The researcher noted that the [ENTITY]'s,The researcher noted that the teenager's,behaviour,neutral,0.007144713308662176,-4.941382579158834
teenager,T1,1,P02,researcher_observation,The researcher noted that the [ENTITY]'s,The researcher noted that the teenager's,movements,neutral,0.0009012795053422451,-7.011695020703812
teenager,T1,1,P02,researcher_observation,The researcher noted that the [ENTITY]'s,The researcher noted that the teenager's,health,welfare_positive,0.0018784276908263564,-6.277320133494053
teenager,T1,1,P03,moral_framing,Many people believe that the [ENTITY] can,Many people believe that the teenager can,suffer,welfare_negative,0.0005950505728833377,-7.426863991535124
teenager,T1,1,P03,moral_framing,Many people believe that the [ENTITY] can,Many people believe that the teenager can,feel,welfare_negative,0.0018044686876237392,-6.317489030997642
teenager,T1,1,P03,moral_framing,Many people believe that the [ENTITY] can,Many people believe that the teenager can,experience,welfare_negative,0.0007700527203269303,-7.169051447642086
teenager,T1,1,P03,moral_framing,Many people believe that the [ENTITY] can,Many people believe that the teenager can,think,neutral,0.001174190198071301,-6.747176476954509
teenager,T1,1,P03,moral_framing,Many people believe that the [ENTITY] can,Many people believe that the teenager can,move,neutral,0.0013727673795074224,-6.5909265186811705
teenager,T1,1,P03,moral_framing,Many people believe that the [ENTITY] can,Many people believe that the teenager can,grow,neutral,0.003702529240399599,-5.59873908737037
teenager,T1,1,P04,care_intervention,It was important to ensure that the [ENTITY] did not,It was important to ensure that the teenager did not,suffer,welfare_negative,0.028446311131119728,-3.5597367847732437
teenager,T1,1,P04,care_intervention,It was important to ensure that the [ENTITY] did not,It was important to ensure that the teenager did not,die,welfare_negative,0.010967030189931393,-4.512861753292005
teenager,T1,1,P04,care_intervention,It was important to ensure that the [ENTITY] did not,It was important to ensure that the teenager did not,escape,neutral,0.002951736096292734,-5.825361740636627
teenager,T1,1,P04,care_intervention,It was important to ensure that the [ENTITY] did not,It was important to ensure that the teenager did not,move,neutral,0.003117654472589493,-5.77067429941326
teenager,T1,1,P05,emotional_attribution,The [ENTITY] seemed to,The teenager seemed to,suffer,welfare_negative,0.0014586596516892314,-6.530237243157047
teenager,T1,1,P05,emotional_attribution,The [ENTITY] seemed to,The teenager seemed to,fear,welfare_negative,0.0010343445464968681,-6.873987244605854
teenager,T1,1,P05,emotional_attribution,The [ENTITY] seemed to,The teenager seemed to,enjoy,welfare_positive,0.010611018165946007,-4.545862358676088
teenager,T1,1,P05,emotional_attribution,The [ENTITY] seemed to,The teenager seemed to,feel,welfare_negative,0.004635610617697239,-5.373987326465715
teenager,T1,1,P05,emotional_attribution,The [ENTITY] seemed to,The teenager seemed to,move,neutral,0.0008311191340908408,-7.09273729074102
teenager,T1,1,P05,emotional_attribution,The [ENTITY] seemed to,The teenager seemed to,stop,neutral,0.0006224795361049473,-7.381799643244918
teenager,T1,1,P06,policy_framing,The law should protect the [ENTITY] from,The law should protect the teenager from,suffering,welfare_negative,0.0027488465420901775,-5.896573858153941
teenager,T1,1,P06,policy_framing,The law should protect the [ENTITY] from,The law should protect the teenager from,harm,welfare_negative,0.007769796531647444,-4.857511288478261
teenager,T1,1,P06,policy_framing,The law should protect the [ENTITY] from,The law should protect the teenager from,pain,welfare_negative,0.00042154930997639894,-7.771573563249282
teenager,T1,1,P06,policy_framing,The law should protect the [ENTITY] from,The law should protect the teenager from,hunters,neutral,7.396211913146544e-06,-11.814529072107117
teenager,T1,1,P06,policy_framing,The law should protect the [ENTITY] from,The law should protect the teenager from,predators,neutral,0.0026642736047506332,-5.927823789558084
teenager,T1,1,P07,consciousness_probe,Scientists are uncertain whether the [ENTITY] is,Scientists are uncertain whether the teenager is,conscious,welfare_negative,0.0059173149056732655,-5.129872479308449
teenager,T1,1,P07,consciousness_probe,Scientists are uncertain whether the [ENTITY] is,Scientists are uncertain whether the teenager is,sentient,welfare_negative,1.95837583305547e-05,-10.840804885598702
teenager,T1,1,P07,consciousness_probe,Scientists are uncertain whether the [ENTITY] is,Scientists are uncertain whether the teenager is,alive,neutral,0.08168601244688034,-2.5048724968299827
teenager,T1,1,P07,consciousness_probe,Scientists are uncertain whether the [ENTITY] is,Scientists are uncertain whether the teenager is,dangerous,neutral,0.0002312387223355472,-8.372059518586237
teenager,T1,1,P07,consciousness_probe,Scientists are uncertain whether the [ENTITY] is,Scientists are uncertain whether the teenager is,edible,neutral,6.901451797602931e-06,-11.883764273443546
teenager,T1,1,P08,neutral_baseline,The [ENTITY] was located near the,The teenager was located near the,water,neutral,0.006306800059974194,-5.066126837235597
teenager,T1,1,P08,neutral_baseline,The [ENTITY] was located near the,The teenager was located near the,food,neutral,0.00011065474973293021,-9.109094662938949
teenager,T1,1,P08,neutral_baseline,The [ENTITY] was located near the,The teenager was located near the,ground,neutral,0.0004769217630382627,-7.648157889638219
teenager,T1,1,P08,neutral_baseline,The [ENTITY] was located near the,The teenager was located near the,wall,neutral,0.0002706823870539665,-8.214564058472051
teenager,T1,1,P08,neutral_baseline,The [ENTITY] was located near the,The teenager was located near the,door,neutral,0.0005197199061512947,-7.562220341113952
trout,T3,3,P01,appearance_state,The [ENTITY] appeared to be,The trout appeared to be,suffering,welfare_negative,0.002920653438195586,-5.8359478732941215
trout,T3,3,P01,appearance_state,The [ENTITY] appeared to be,The trout appeared to be,distressed,welfare_negative,0.000553078600205481,-7.500010251548808
trout,T3,3,P01,appearance_state,The [ENTITY] appeared to be,The trout appeared to be,afraid,welfare_negative,0.0015034235548228025,-6.500010335127046
trout,T3,3,P01,appearance_state,The [ENTITY] appeared to be,The trout appeared to be,hurt,welfare_negative,0.00010555689368629828,-9.156259526402208
trout,T3,3,P01,appearance_state,The [ENTITY] appeared to be,The trout appeared to be,fine,welfare_positive,0.003634811844676733,-5.6171979039493145
trout,T3,3,P01,appearance_state,The [ENTITY] appeared to be,The trout appeared to be,healthy,welfare_positive,0.0029666470363736153,-5.820322874178671
trout,T3,3,P01,appearance_state,The [ENTITY] appeared to be,The trout appeared to be,unharmed,welfare_positive,0.0022746073082089424,-6.0859478092910075
trout,T3,3,P01,appearance_state,The [ENTITY] appeared to be,The trout appeared to be,calm,welfare_positive,0.0011260121827945113,-6.789072840980873
trout,T3,3,P02,researcher_observation,The researcher noted that the [ENTITY]'s,The researcher noted that the trout's,pain,welfare_negative,0.0001056798646459356,-9.155095232289097
trout,T3,3,P02,researcher_observation,The researcher noted that the [ENTITY]'s,The researcher noted that the trout's,suffering,welfare_negative,4.5808836148353294e-05,-9.991031373466624
trout,T3,3,P02,researcher_observation,The researcher noted that the [ENTITY]'s,The researcher noted that the trout's,distress,welfare_negative,8.795459143584594e-05,-9.338688746124369
trout,T3,3,P02,researcher_observation,The researcher noted that the [ENTITY]'s,The researcher noted that the trout's,welfare,welfare_positive,0.0001624064170755446,-8.725408001266354
trout,T3,3,P02,researcher_observation,The researcher noted that the [ENTITY]'s,The researcher noted that the trout's,behaviour,neutral,0.014004489406943321,-4.268377321706041
trout,T3,3,P02,researcher_observation,The researcher noted that the [ENTITY]'s,The researcher noted that the trout's,movements,neutral,0.011430131271481514,-4.471502307673532
trout,T3,3,P02,researcher_observation,The researcher noted that the [ENTITY]'s,The researcher noted that the trout's,health,welfare_positive,0.001186049310490489,-6.737127317815321
trout,T3,3,P03,moral_framing,Many people believe that the [ENTITY] can,Many people believe that the trout can,suffer,welfare_negative,0.0009963740594685078,-6.911387708806047
trout,T3,3,P03,moral_framing,Many people believe that the [ENTITY] can,Many people believe that the trout can,feel,welfare_negative,0.0024278168566524982,-6.020762797155368
trout,T3,3,P03,moral_framing,Many people believe that the [ENTITY] can,Many people believe that the trout can,experience,welfare_negative,0.00014242425095289946,-8.856699569723174
trout,T3,3,P03,moral_framing,Many people believe that the [ENTITY] can,Many people believe that the trout can,think,neutral,0.0014384338865056634,-6.544200266532685
trout,T3,3,P03,moral_framing,Many people believe that the [ENTITY] can,Many people believe that the trout can,move,neutral,0.004535759333521128,-5.395762748901111
trout,T3,3,P03,moral_framing,Many people believe that the [ENTITY] can,Many people believe that the trout can,grow,neutral,0.009379766881465912,-4.669200358333776
trout,T3,3,P04,care_intervention,It was important to ensure that the [ENTITY] did not,It was important to ensure that the trout did not,suffer,welfare_negative,0.05024893209338188,-2.9907659821516814
trout,T3,3,P04,care_intervention,It was important to ensure that the [ENTITY] did not,It was important to ensure that the trout did not,die,welfare_negative,0.017501765862107277,-4.0454534910235385
trout,T3,3,P04,care_intervention,It was important to ensure that the [ENTITY] did not,It was important to ensure that the trout did not,escape,neutral,0.06401880085468292,-2.7485784738460093
trout,T3,3,P04,care_intervention,It was important to ensure that the [ENTITY] did not,It was important to ensure that the trout did not,move,neutral,0.011038225144147873,-4.506391007926622
trout,T3,3,P05,emotional_attribution,The [ENTITY] seemed to,The trout seemed to,suffer,welfare_negative,0.0007158201187849045,-7.242081513614807
trout,T3,3,P05,emotional_attribution,The [ENTITY] seemed to,The trout seemed to,fear,welfare_negative,0.0004805788630619645,-7.64051900785888
trout,T3,3,P05,emotional_attribution,The [ENTITY] seemed to,The trout seemed to,enjoy,welfare_positive,0.01191947516053915,-4.4295816400807695
trout,T3,3,P05,emotional_attribution,The [ENTITY] seemed to,The trout seemed to,feel,welfare_negative,0.014377630315721035,-4.242081723597053
trout,T3,3,P05,emotional_attribution,The [ENTITY] seemed to,The trout seemed to,move,neutral,0.005854649469256401,-5.1405191352596855
trout,T3,3,P05,emotional_attribution,The [ENTITY] seemed to,The trout seemed to,stop,neutral,0.001227201079018414,-6.7030191666131405
trout,T3,3,P06,policy_framing,The law should protect the [ENTITY] from,The law should protect the trout from,suffering,welfare_negative,0.0011061502154916525,-6.806869475992342
trout,T3,3,P06,policy_framing,The law should protect the [ENTITY] from,The law should protect the trout from,harm,welfare_negative,0.009407532401382923,-4.666244580665241
trout,T3,3,P06,policy_framing,The law should protect the [ENTITY] from,The law should protect the trout from,pain,welfare_negative,0.0002885565336328,-8.150619187527974
trout,T3,3,P06,policy_framing,The law should protect the [ENTITY] from,The law should protect the trout from,hunters,neutral,0.002674328163266182,-5.924057046705211
trout,T3,3,P06,policy_framing,The law should protect the [ENTITY] from,The law should protect the trout from,predators,neutral,0.014012477360665798,-4.26780709910142
trout,T3,3,P07,consciousness_probe,Scientists are uncertain whether the [ENTITY] is,Scientists are uncertain whether the trout is,conscious,welfare_negative,0.00023677057470194995,-8.348418502564313
trout,T3,3,P07,consciousness_probe,Scientists are uncertain whether the [ENTITY] is,Scientists are uncertain whether the trout is,sentient,welfare_negative,5.98649749008473e-05,-9.72341727963368
trout,T3,3,P07,consciousness_probe,Scientists are uncertain whether the [ENTITY] is,Scientists are uncertain whether the trout is,alive,neutral,0.017260123044252396,-4.059356458691102
trout,T3,3,P07,consciousness_probe,Scientists are uncertain whether the [ENTITY] is,Scientists are uncertain whether the trout is,dangerous,neutral,0.0007643047720193863,-7.176543801250097
trout,T3,3,P07,consciousness_probe,Scientists are uncertain whether the [ENTITY] is,Scientists are uncertain whether the trout is,edible,neutral,0.0012799695832654834,-6.660918886279945
trout,T3,3,P08,neutral_baseline,The [ENTITY] was located near the,The trout was located near the,water,neutral,0.013554121367633343,-4.301064610552924
trout,T3,3,P08,neutral_baseline,The [ENTITY] was located near the,The trout was located near the,food,neutral,8.886356226867065e-05,-9.328407247388714
trout,T3,3,P08,neutral_baseline,The [ENTITY] was located near the,The trout was located near the,ground,neutral,0.0003697708307299763,-7.902626850186543
trout,T3,3,P08,neutral_baseline,The [ENTITY] was located near the,The trout was located near the,wall,neutral,0.0010451816488057375,-6.863564486385951
trout,T3,3,P08,neutral_baseline,The [ENTITY] was located near the,The trout was located near the,door,neutral,0.00037853969843126833,-7.8791893428435555
tuna,T3,3,P01,appearance_state,The [ENTITY] appeared to be,The tuna appeared to be,suffering,welfare_negative,0.0024414232466369867,-6.015174070967308
tuna,T3,3,P01,appearance_state,The [ENTITY] appeared to be,The tuna appeared to be,distressed,welfare_negative,0.000354478950612247,-7.944861309331403
tuna,T3,3,P01,appearance_state,The [ENTITY] appeared to be,The tuna appeared to be,afraid,welfare_negative,0.0001734354009386152,-8.659704780209642
tuna,T3,3,P01,appearance_state,The [ENTITY] appeared to be,The tuna appeared to be,hurt,welfare_negative,4.3851337977685034e-05,-10.034703046578063
tuna,T3,3,P01,appearance_state,The [ENTITY] appeared to be,The tuna appeared to be,fine,welfare_positive,0.007009516004472971,-4.960486609637391
tuna,T3,3,P01,appearance_state,The [ENTITY] appeared to be,The tuna appeared to be,healthy,welfare_positive,0.00563230412080884,-5.179236645106391
tuna,T3,3,P01,appearance_state,The [ENTITY] appeared to be,The tuna appeared to be,unharmed,welfare_positive,0.003086248179897666,-5.780799074648851
tuna,T3,3,P01,appearance_state,The [ENTITY] appeared to be,The tuna appeared to be,calm,welfare_positive,0.0009864241583272815,-6.921424013627322
tuna,T3,3,P02,researcher_observation,The researcher noted that the [ENTITY]'s,The researcher noted that the tuna's,pain,welfare_negative,6.69369037495926e-05,-9.611758623421993
tuna,T3,3,P02,researcher_observation,The researcher noted that the [ENTITY]'s,The researcher noted that the tuna's,suffering,welfare_negative,4.878115942119621e-05,-9.928164347117082
tuna,T3,3,P02,researcher_observation,The researcher noted that the [ENTITY]'s,The researcher noted that the tuna's,distress,welfare_negative,1.621248338778969e-05,-11.029722864909207
tuna,T3,3,P02,researcher_observation,The researcher noted that the [ENTITY]'s,The researcher noted that the tuna's,welfare,welfare_positive,0.00021862196444999427,-8.428166052045585
tuna,T3,3,P02,researcher_observation,The researcher noted that the [ENTITY]'s,The researcher noted that the tuna's,behaviour,neutral,0.0015234769089147449,-6.486760050617431
tuna,T3,3,P02,researcher_observation,The researcher noted that the [ENTITY]'s,The researcher noted that the tuna's,movements,neutral,0.001511621056124568,-6.4945725907383975
tuna,T3,3,P02,researcher_observation,The researcher noted that the [ENTITY]'s,The researcher noted that the tuna's,health,welfare_positive,0.0018812428461387753,-6.275822579034902
tuna,T3,3,P03,moral_framing,Many people believe that the [ENTITY] can,Many people believe that the tuna can,suffer,welfare_negative,0.0008593099191784859,-7.059380794015077
tuna,T3,3,P03,moral_framing,Many people believe that the [ENTITY] can,Many people believe that the tuna can,feel,welfare_negative,0.0003338918322697282,-8.004693173421794
tuna,T3,3,P03,moral_framing,Many people believe that the [ENTITY] can,Many people believe that the tuna can,experience,welfare_negative,8.376411278732121e-05,-9.387504696734112
tuna,T3,3,P03,moral_framing,Many people believe that the [ENTITY] can,Many people believe that the tuna can,think,neutral,0.00010755524999694899,-9.137504959211135
tuna,T3,3,P03,moral_framing,Many people believe that the [ENTITY] can,Many people believe that the tuna can,move,neutral,0.00018583881319500506,-8.590630317587424
tuna,T3,3,P03,moral_framing,Many people believe that the [ENTITY] can,Many people believe that the tuna can,grow,neutral,0.006654207594692707,-5.0125058883634095
tuna,T3,3,P04,care_intervention,It was important to ensure that the [ENTITY] did not,It was important to ensure that the tuna did not,suffer,welfare_negative,0.028891630470752716,-3.544203325433754
tuna,T3,3,P04,care_intervention,It was important to ensure that the [ENTITY] did not,It was important to ensure that the tuna did not,die,welfare_negative,0.006151383277028799,-5.091078283104498
tuna,T3,3,P04,care_intervention,It was important to ensure that the [ENTITY] did not,It was important to ensure that the tuna did not,escape,neutral,0.028666794300079346,-3.552015815589945
tuna,T3,3,P04,care_intervention,It was important to ensure that the [ENTITY] did not,It was important to ensure that the tuna did not,move,neutral,0.005220611114054918,-5.255140793127066
tuna,T3,3,P05,emotional_attribution,The [ENTITY] seemed to,The tuna seemed to,suffer,welfare_negative,0.00038048316491767764,-7.874068363449269
tuna,T3,3,P05,emotional_attribution,The [ENTITY] seemed to,The tuna seemed to,fear,welfare_negative,0.00010483413643669337,-9.163130155870553
tuna,T3,3,P05,emotional_attribution,The [ENTITY] seemed to,The tuna seemed to,enjoy,welfare_positive,0.0039032583590596914,-5.545943572361315
tuna,T3,3,P05,emotional_attribution,The [ENTITY] seemed to,The tuna seemed to,feel,welfare_negative,0.00445766095072031,-5.413131078600287
tuna,T3,3,P05,emotional_attribution,The [ENTITY] seemed to,The tuna seemed to,move,neutral,0.011652976274490356,-4.4521936488117255
tuna,T3,3,P05,emotional_attribution,The [ENTITY] seemed to,The tuna seemed to,stop,neutral,0.0016527436673641205,-6.405318482827659
tuna,T3,3,P06,policy_framing,The law should protect the [ENTITY] from,The law should protect the tuna from,suffering,welfare_negative,0.0011376048205420375,-6.778830173553662
tuna,T3,3,P06,policy_framing,The law should protect the [ENTITY] from,The law should protect the tuna from,harm,welfare_negative,0.0052192965522408485,-5.255392627115996
tuna,T3,3,P06,policy_framing,The law should protect the [ENTITY] from,The law should protect the tuna from,pain,welfare_negative,9.30162423173897e-05,-9.282735356405745
tuna,T3,3,P06,policy_framing,The law should protect the [ENTITY] from,The law should protect the tuna from,hunters,neutral,0.00045605702325701714,-7.692892485995081
tuna,T3,3,P06,policy_framing,The law should protect the [ENTITY] from,The law should protect the tuna from,predators,neutral,0.008147206157445908,-4.810080200992893
tuna,T3,3,P07,consciousness_probe,Scientists are uncertain whether the [ENTITY] is,Scientists are uncertain whether the tuna is,conscious,welfare_negative,0.00018729819566942751,-8.582808048024786
tuna,T3,3,P07,consciousness_probe,Scientists are uncertain whether the [ENTITY] is,Scientists are uncertain whether the tuna is,sentient,welfare_negative,0.00015527567302342504,-8.770307841116068
tuna,T3,3,P07,consciousness_probe,Scientists are uncertain whether the [ENTITY] is,Scientists are uncertain whether the tuna is,alive,neutral,0.028015537187457085,-3.574996019585273
tuna,T3,3,P07,consciousness_probe,Scientists are uncertain whether the [ENTITY] is,Scientists are uncertain whether the tuna is,dangerous,neutral,0.0018050201470032334,-6.317183470083898
tuna,T3,3,P07,consciousness_probe,Scientists are uncertain whether the [ENTITY] is,Scientists are uncertain whether the tuna is,edible,neutral,0.0016693706857040524,-6.395308498578531
tuna,T3,3,P08,neutral_baseline,The [ENTITY] was located near the,The tuna was located near the,water,neutral,0.015764791518449783,-4.14997620405853
tuna,T3,3,P08,neutral_baseline,The [ENTITY] was located near the,The tuna was located near the,food,neutral,0.0003014195244759321,-8.10700716282339
tuna,T3,3,P08,neutral_baseline,The [ENTITY] was located near the,The tuna was located near the,ground,neutral,0.0012251846492290497,-6.704663630659807
tuna,T3,3,P08,neutral_baseline,The [ENTITY] was located near the,The tuna was located near the,wall,neutral,0.0011690793326124549,-6.7515386496026535
tuna,T3,3,P08,neutral_baseline,The [ENTITY] was located near the,The tuna was located near the,door,neutral,0.0006356173544190824,-7.360913662352333
whale,T2,2,P01,appearance_state,The [ENTITY] appeared to be,The whale appeared to be,suffering,welfare_negative,0.005973493680357933,-5.120423299913207
whale,T2,2,P01,appearance_state,The [ENTITY] appeared to be,The whale appeared to be,distressed,welfare_negative,0.001607743906788528,-6.432923320657367
whale,T2,2,P01,appearance_state,The [ENTITY] appeared to be,The whale appeared to be,afraid,welfare_negative,0.0005556214600801468,-7.4954231427971205
whale,T2,2,P01,appearance_state,The [ENTITY] appeared to be,The whale appeared to be,hurt,welfare_negative,0.000998270814307034,-6.909485861269178
whale,T2,2,P01,appearance_state,The [ENTITY] appeared to be,The whale appeared to be,fine,welfare_positive,0.0006102307233959436,-7.401673273362023
whale,T2,2,P01,appearance_state,The [ENTITY] appeared to be,The whale appeared to be,healthy,welfare_positive,0.0008673127740621567,-7.05011077654435
whale,T2,2,P01,appearance_state,The [ENTITY] appeared to be,The whale appeared to be,unharmed,welfare_positive,0.002232131315395236,-6.104798358331057
whale,T2,2,P01,appearance_state,The [ENTITY] appeared to be,The whale appeared to be,calm,welfare_positive,0.0028885926585644484,-5.846985830201808
whale,T2,2,P02,researcher_observation,The researcher noted that the [ENTITY]'s,The researcher noted that the whale's,pain,welfare_negative,0.000244898401433602,-8.314666713120006
whale,T2,2,P02,researcher_observation,The researcher noted that the [ENTITY]'s,The researcher noted that the whale's,suffering,welfare_negative,6.167860556161031e-05,-9.693571815284633
whale,T2,2,P02,researcher_observation,The researcher noted that the [ENTITY]'s,The researcher noted that the whale's,distress,welfare_negative,0.0005266142543405294,-7.549042052746171
whale,T2,2,P02,researcher_observation,The researcher noted that the [ENTITY]'s,The researcher noted that the whale's,welfare,welfare_positive,9.894789400277659e-05,-9.22091615895822
whale,T2,2,P02,researcher_observation,The researcher noted that the [ENTITY]'s,The researcher noted that the whale's,behaviour,neutral,0.030846569687128067,-3.4787297248572826
whale,T2,2,P02,researcher_observation,The researcher noted that the [ENTITY]'s,The researcher noted that the whale's,movements,neutral,0.01256089098751545,-4.377167174000429
whale,T2,2,P02,researcher_observation,The researcher noted that the [ENTITY]'s,The researcher noted that the whale's,health,welfare_positive,0.0006253698957152665,-7.377167090242263
whale,T2,2,P03,moral_framing,Many people believe that the [ENTITY] can,Many people believe that the whale can,suffer,welfare_negative,0.0006198725895956159,-7.38599644037206
whale,T2,2,P03,moral_framing,Many people believe that the [ENTITY] can,Many people believe that the whale can,feel,welfare_negative,0.00561186857521534,-5.182871517725749
whale,T2,2,P03,moral_framing,Many people believe that the [ENTITY] can,Many people believe that the whale can,experience,welfare_negative,0.00019967707339674234,-8.518808628548756
whale,T2,2,P03,moral_framing,Many people believe that the [ENTITY] can,Many people believe that the whale can,think,neutral,0.0013433899730443954,-6.612558954585345
whale,T2,2,P03,moral_framing,Many people believe that the [ENTITY] can,Many people believe that the whale can,move,neutral,0.0075515941716730595,-4.88599657620172
whale,T2,2,P03,moral_framing,Many people believe that the [ENTITY] can,Many people believe that the whale can,grow,neutral,0.0025894518475979567,-5.9563090289058485
whale,T2,2,P04,care_intervention,It was important to ensure that the [ENTITY] did not,It was important to ensure that the whale did not,suffer,welfare_negative,0.054947543889284134,-2.90137629450382
whale,T2,2,P04,care_intervention,It was important to ensure that the [ENTITY] did not,It was important to ensure that the whale did not,die,welfare_negative,0.04346708580851555,-3.135751273069648
whale,T2,2,P04,care_intervention,It was important to ensure that the [ENTITY] did not,It was important to ensure that the whale did not,escape,neutral,0.02118416503071785,-3.8545013041900464
whale,T2,2,P04,care_intervention,It was important to ensure that the [ENTITY] did not,It was important to ensure that the whale did not,move,neutral,0.007040586322546005,-4.956063813624223
whale,T2,2,P05,emotional_attribution,The [ENTITY] seemed to,The whale seemed to,suffer,welfare_negative,0.0007747762720100582,-7.162936122495223
whale,T2,2,P05,emotional_attribution,The [ENTITY] seemed to,The whale seemed to,fear,welfare_negative,0.00030340676312334836,-8.100435870595904
whale,T2,2,P05,emotional_attribution,The [ENTITY] seemed to,The whale seemed to,enjoy,welfare_positive,0.004091376904398203,-5.498873689698057
whale,T2,2,P05,emotional_attribution,The [ENTITY] seemed to,The whale seemed to,feel,welfare_negative,0.007408526726067066,-4.905123668337082
whale,T2,2,P05,emotional_attribution,The [ENTITY] seemed to,The whale seemed to,move,neutral,0.009220059961080551,-4.686373727217872
whale,T2,2,P05,emotional_attribution,The [ENTITY] seemed to,The whale seemed to,stop,neutral,0.002683190628886223,-5.920748622146445
whale,T2,2,P06,policy_framing,The law should protect the [ENTITY] from,The law should protect the whale from,suffering,welfare_negative,0.0026897420175373554,-5.918309957050417
whale,T2,2,P06,policy_framing,The law should protect the [ENTITY] from,The law should protect the whale from,harm,welfare_negative,0.023786844685673714,-3.7386225912195736
whale,T2,2,P06,policy_framing,The law should protect the [ENTITY] from,The law should protect the whale from,pain,welfare_negative,0.0009665789548307657,-6.941747467698922
whale,T2,2,P06,policy_framing,The law should protect the [ENTITY] from,The law should protect the whale from,hunters,neutral,0.004469416104257107,-5.410497481960457
whale,T2,2,P06,policy_framing,The law should protect the [ENTITY] from,The law should protect the whale from,predators,neutral,0.003169290255755186,-5.754247578691702
whale,T2,2,P07,consciousness_probe,Scientists are uncertain whether the [ENTITY] is,Scientists are uncertain whether the whale is,conscious,welfare_negative,0.0014006011188030243,-6.57085369254259
whale,T2,2,P07,consciousness_probe,Scientists are uncertain whether the [ENTITY] is,Scientists are uncertain whether the whale is,sentient,welfare_negative,2.0693361875601113e-05,-10.785692759004753
whale,T2,2,P07,consciousness_probe,Scientists are uncertain whether the [ENTITY] is,Scientists are uncertain whether the whale is,alive,neutral,0.08204057812690735,-2.5005412976932466
whale,T2,2,P07,consciousness_probe,Scientists are uncertain whether the [ENTITY] is,Scientists are uncertain whether the whale is,dangerous,neutral,0.0002845493727363646,-8.16460342589045
whale,T2,2,P07,consciousness_probe,Scientists are uncertain whether the [ENTITY] is,Scientists are uncertain whether the whale is,edible,neutral,2.2638607333647087e-05,-10.69584940282972
whale,T2,2,P08,neutral_baseline,The [ENTITY] was located near the,The whale was located near the,water,neutral,0.0036145509220659733,-5.622787629683318
whale,T2,2,P08,neutral_baseline,The [ENTITY] was located near the,The whale was located near the,food,neutral,1.747360875015147e-05,-10.954813163839074
whale,T2,2,P08,neutral_baseline,The [ENTITY] was located near the,The whale was located near the,ground,neutral,0.0002527918841224164,-8.28294360457081
whale,T2,2,P08,neutral_baseline,The [ENTITY] was located near the,The whale was located near the,wall,neutral,0.00014291558181867003,-8.853255739240677
whale,T2,2,P08,neutral_baseline,The [ENTITY] was located near the,The whale was located near the,door,neutral,4.462042124941945e-05,-10.017316687059958
woman,T1,1,P01,appearance_state,The [ENTITY] appeared to be,The woman appeared to be,suffering,welfare_negative,0.010731078684329987,-4.534611188313097
woman,T1,1,P01,appearance_state,The [ENTITY] appeared to be,The woman appeared to be,distressed,welfare_negative,0.0016979031497612596,-6.378361171655531
woman,T1,1,P01,appearance_state,The [ENTITY] appeared to be,The woman appeared to be,afraid,welfare_negative,0.0012039935681968927,-6.722111191082017
woman,T1,1,P01,appearance_state,The [ENTITY] appeared to be,The woman appeared to be,hurt,welfare_negative,0.0006545999785885215,-7.331486075841409
woman,T1,1,P01,appearance_state,The [ENTITY] appeared to be,The woman appeared to be,fine,welfare_positive,0.0009674360626377165,-6.940861117007032
woman,T1,1,P01,appearance_state,The [ENTITY] appeared to be,The woman appeared to be,healthy,welfare_positive,0.0006968180532567203,-7.26898608044513
woman,T1,1,P01,appearance_state,The [ENTITY] appeared to be,The woman appeared to be,unharmed,welfare_positive,0.0054382458329200745,-5.21429870891031
woman,T1,1,P01,appearance_state,The [ENTITY] appeared to be,The woman appeared to be,calm,welfare_positive,0.0010059743653982878,-6.90179858993459
woman,T1,1,P02,researcher_observation,The researcher noted that the [ENTITY]'s,The researcher noted that the woman's,pain,welfare_negative,0.002692867536097765,-5.917148617456893
woman,T1,1,P02,researcher_observation,The researcher noted that the [ENTITY]'s,The researcher noted that the woman's,suffering,welfare_negative,0.0003080903843510896,-8.085117037775019
woman,T1,1,P02,researcher_observation,The researcher noted that the [ENTITY]'s,The researcher noted that the woman's,distress,welfare_negative,0.0011051506735384464,-6.807773506679289
woman,T1,1,P02,researcher_observation,The researcher noted that the [ENTITY]'s,The researcher noted that the woman's,welfare,welfare_positive,7.881567580625415e-05,-9.448397380550922
woman,T1,1,P02,researcher_observation,The researcher noted that the [ENTITY]'s,The researcher noted that the woman's,behaviour,neutral,0.0058359913527965546,-5.143711112888031
woman,T1,1,P02,researcher_observation,The researcher noted that the [ENTITY]'s,The researcher noted that the woman's,movements,neutral,0.001607984770089388,-6.43277351741802
woman,T1,1,P02,researcher_observation,The researcher noted that the [ENTITY]'s,The researcher noted that the woman's,health,welfare_positive,0.0042364755645394325,-5.4640235665793755
woman,T1,1,P03,moral_framing,Many people believe that the [ENTITY] can,Many people believe that the woman can,suffer,welfare_negative,0.0010336687555536628,-6.8746408099395335
woman,T1,1,P03,moral_framing,Many people believe that the [ENTITY] can,Many people believe that the woman can,feel,welfare_negative,0.004088239278644323,-5.49964087137525
woman,T1,1,P03,moral_framing,Many people believe that the [ENTITY] can,Many people believe that the woman can,experience,welfare_negative,0.0008910782053135335,-7.023078249603663
woman,T1,1,P03,moral_framing,Many people believe that the [ENTITY] can,Many people believe that the woman can,think,neutral,0.0008841437520459294,-7.030890780006743
woman,T1,1,P03,moral_framing,Many people believe that the [ENTITY] can,Many people believe that the woman can,move,neutral,0.001576156704686582,-6.452765797136278
woman,T1,1,P03,moral_framing,Many people believe that the [ENTITY] can,Many people believe that the woman can,grow,neutral,0.0006885718903504312,-7.280890684113652
woman,T1,1,P04,care_intervention,It was important to ensure that the [ENTITY] did not,It was important to ensure that the woman did not,suffer,welfare_negative,0.03218362107872963,-3.4362976148883364
woman,T1,1,P04,care_intervention,It was important to ensure that the [ENTITY] did not,It was important to ensure that the woman did not,die,welfare_negative,0.013003358617424965,-4.342547592011698
woman,T1,1,P04,care_intervention,It was important to ensure that the [ENTITY] did not,It was important to ensure that the woman did not,escape,neutral,0.002073566662147641,-6.178485080991671
woman,T1,1,P04,care_intervention,It was important to ensure that the [ENTITY] did not,It was important to ensure that the woman did not,move,neutral,0.0050525604747235775,-5.2878601196987765
woman,T1,1,P05,emotional_attribution,The [ENTITY] seemed to,The woman seemed to,suffer,welfare_negative,0.0006895142141729593,-7.279523100724567
woman,T1,1,P05,emotional_attribution,The [ENTITY] seemed to,The woman seemed to,fear,welfare_negative,0.0005990603240206838,-7.420148090110499
woman,T1,1,P05,emotional_attribution,The [ENTITY] seemed to,The woman seemed to,enjoy,welfare_positive,0.004030365496873856,-5.51389818831099
woman,T1,1,P05,emotional_attribution,The [ENTITY] seemed to,The woman seemed to,feel,welfare_negative,0.007355288602411747,-4.9123356731618095
woman,T1,1,P05,emotional_attribution,The [ENTITY] seemed to,The woman seemed to,move,neutral,0.0021912716329097748,-6.123273203735903
woman,T1,1,P05,emotional_attribution,The [ENTITY] seemed to,The woman seemed to,stop,neutral,0.0005716273444704711,-7.46702309964187
woman,T1,1,P06,policy_framing,The law should protect the [ENTITY] from,The law should protect the woman from,suffering,welfare_negative,0.004746419843286276,-5.350364641257584
woman,T1,1,P06,policy_framing,The law should protect the [ENTITY] from,The law should protect the woman from,harm,welfare_negative,0.009077765978872776,-4.701927143194295
woman,T1,1,P06,policy_framing,The law should protect the [ENTITY] from,The law should protect the woman from,pain,welfare_negative,0.0008248041267506778,-7.100364500698178
woman,T1,1,P06,policy_framing,The law should protect the [ENTITY] from,The law should protect the woman from,hunters,neutral,4.483043539948994e-06,-12.315186074577484
woman,T1,1,P06,policy_framing,The law should protect the [ENTITY] from,The law should protect the woman from,predators,neutral,0.0007688019541092217,-7.170677028473543
woman,T1,1,P07,consciousness_probe,Scientists are uncertain whether the [ENTITY] is,Scientists are uncertain whether the woman is,conscious,welfare_negative,0.006415004376322031,-5.049115583124909
woman,T1,1,P07,consciousness_probe,Scientists are uncertain whether the [ENTITY] is,Scientists are uncertain whether the woman is,sentient,welfare_negative,9.095695531868841e-06,-11.607698280674933
woman,T1,1,P07,consciousness_probe,Scientists are uncertain whether the [ENTITY] is,Scientists are uncertain whether the woman is,alive,neutral,0.10113459080457687,-2.2913030660282527
woman,T1,1,P07,consciousness_probe,Scientists are uncertain whether the [ENTITY] is,Scientists are uncertain whether the woman is,dangerous,neutral,0.0002862942055799067,-8.158490235754456
woman,T1,1,P07,consciousness_probe,Scientists are uncertain whether the [ENTITY] is,Scientists are uncertain whether the woman is,edible,neutral,7.719416316831484e-06,-11.771758849150558
woman,T1,1,P08,neutral_baseline,The [ENTITY] was located near the,The woman was located near the,water,neutral,0.008187174797058105,-4.805186386038664
woman,T1,1,P08,neutral_baseline,The [ENTITY] was located near the,The woman was located near the,food,neutral,0.0003569199761841446,-7.93799867748355
woman,T1,1,P08,neutral_baseline,The [ENTITY] was located near the,The woman was located near the,ground,neutral,0.0007209981558844447,-7.234873839705212
woman,T1,1,P08,neutral_baseline,The [ENTITY] was located near the,The woman was located near the,wall,neutral,0.0014227175852283835,-6.555186373634162
woman,T1,1,P08,neutral_baseline,The [ENTITY] was located near the,The woman was located near the,door,neutral,0.0030593236442655325,-5.789561386047673
woodlouse,T5,5,P01,appearance_state,The [ENTITY] appeared to be,The woodlouse appeared to be,suffering,welfare_negative,0.0034242221154272556,-5.676880923443077
woodlouse,T5,5,P01,appearance_state,The [ENTITY] appeared to be,The woodlouse appeared to be,distressed,welfare_negative,0.0007233854266814888,-7.231568245998529
woodlouse,T5,5,P01,appearance_state,The [ENTITY] appeared to be,The woodlouse appeared to be,afraid,welfare_negative,0.0019510628189891577,-6.239380968251146
woodlouse,T5,5,P01,appearance_state,The [ENTITY] appeared to be,The woodlouse appeared to be,hurt,welfare_negative,0.0005677916342392564,-7.473755871552928
woodlouse,T5,5,P01,appearance_state,The [ENTITY] appeared to be,The woodlouse appeared to be,fine,welfare_positive,0.0006235971231944859,-7.380005873653803
woodlouse,T5,5,P01,appearance_state,The [ENTITY] appeared to be,The woodlouse appeared to be,healthy,welfare_positive,0.0004026245733257383,-7.8175057616743375
woodlouse,T5,5,P01,appearance_state,The [ENTITY] appeared to be,The woodlouse appeared to be,unharmed,welfare_positive,0.003478145459666848,-5.6612560123827125
woodlouse,T5,5,P01,appearance_state,The [ENTITY] appeared to be,The woodlouse appeared to be,calm,welfare_positive,0.0007290589273907244,-7.223755858875892
woodlouse,T5,5,P02,researcher_observation,The researcher noted that the [ENTITY]'s,The researcher noted that the woodlouse's,pain,welfare_negative,0.00010488223779248074,-9.162671428592486
woodlouse,T5,5,P02,researcher_observation,The researcher noted that the [ENTITY]'s,The researcher noted that the woodlouse's,suffering,welfare_negative,1.5589352187816985e-05,-11.068916014202346
woodlouse,T5,5,P02,researcher_observation,The researcher noted that the [ENTITY]'s,The researcher noted that the woodlouse's,distress,welfare_negative,5.2532490371959284e-05,-9.854076811974362
woodlouse,T5,5,P02,researcher_observation,The researcher noted that the [ENTITY]'s,The researcher noted that the woodlouse's,welfare,welfare_positive,4.2046474845847115e-05,-10.076732629182827
woodlouse,T5,5,P02,researcher_observation,The researcher noted that the [ENTITY]'s,The researcher noted that the woodlouse's,behaviour,neutral,0.008731680922210217,-4.740797370713131
woodlouse,T5,5,P02,researcher_observation,The researcher noted that the [ENTITY]'s,The researcher noted that the woodlouse's,movements,neutral,0.009079511277377605,-4.701734900881051
woodlouse,T5,5,P02,researcher_observation,The researcher noted that the [ENTITY]'s,The researcher noted that the woodlouse's,health,welfare_positive,0.00021436536917462945,-8.447828199693006
woodlouse,T5,5,P03,moral_framing,Many people believe that the [ENTITY] can,Many people believe that the woodlouse can,suffer,welfare_negative,0.00039767782436683774,-7.829868115546644
woodlouse,T5,5,P03,moral_framing,Many people believe that the [ENTITY] can,Many people believe that the woodlouse can,feel,welfare_negative,0.0034895120188593864,-5.657993346562995
woodlouse,T5,5,P03,moral_framing,Many people believe that the [ENTITY] can,Many people believe that the woodlouse can,experience,welfare_negative,0.0001301196898566559,-8.947055071356925
woodlouse,T5,5,P03,moral_framing,Many people believe that the [ENTITY] can,Many people believe that the woodlouse can,think,neutral,0.0011597442207857966,-6.759555711274097
woodlouse,T5,5,P03,moral_framing,Many people believe that the [ENTITY] can,Many people believe that the woodlouse can,move,neutral,0.0044806222431361675,-5.407993326324552
woodlouse,T5,5,P03,moral_framing,Many people believe that the [ENTITY] can,Many people believe that the woodlouse can,grow,neutral,0.0061242845840752125,-5.095493315644829
woodlouse,T5,5,P04,care_intervention,It was important to ensure that the [ENTITY] did not,It was important to ensure that the woodlouse did not,suffer,welfare_negative,0.010914942249655724,-4.51762257074812
woodlouse,T5,5,P04,care_intervention,It was important to ensure that the [ENTITY] did not,It was important to ensure that the woodlouse did not,die,welfare_negative,0.01703798584640026,-4.07230996020041
woodlouse,T5,5,P04,care_intervention,It was important to ensure that the [ENTITY] did not,It was important to ensure that the woodlouse did not,escape,neutral,0.06531327217817307,-2.7285600125381113
woodlouse,T5,5,P04,care_intervention,It was important to ensure that the [ENTITY] did not,It was important to ensure that the woodlouse did not,move,neutral,0.014918957836925983,-4.205122530015256
woodlouse,T5,5,P05,emotional_attribution,The [ENTITY] seemed to,The woodlouse seemed to,suffer,welfare_negative,0.0006577366730198264,-7.326705747680009
woodlouse,T5,5,P05,emotional_attribution,The [ENTITY] seemed to,The woodlouse seemed to,fear,welfare_negative,0.00036608564550988376,-7.912642974652152
woodlouse,T5,5,P05,emotional_attribution,The [ENTITY] seemed to,The woodlouse seemed to,enjoy,welfare_positive,0.0065399170853197575,-5.029830776388348
woodlouse,T5,5,P05,emotional_attribution,The [ENTITY] seemed to,The woodlouse seemed to,feel,welfare_negative,0.017501726746559143,-4.045455725974682
woodlouse,T5,5,P05,emotional_attribution,The [ENTITY] seemed to,The woodlouse seemed to,move,neutral,0.0069075291976332664,-4.975143259752134
woodlouse,T5,5,P05,emotional_attribution,The [ENTITY] seemed to,The woodlouse seemed to,stop,neutral,0.0006733345217071474,-7.303268142812508
woodlouse,T5,5,P06,policy_framing,The law should protect the [ENTITY] from,The law should protect the woodlouse from,suffering,welfare_negative,0.002225878881290555,-6.107603393603724
woodlouse,T5,5,P06,policy_framing,The law should protect the [ENTITY] from,The law should protect the woodlouse from,harm,welfare_negative,0.015571843832731247,-4.162290871584996
woodlouse,T5,5,P06,policy_framing,The law should protect the [ENTITY] from,The law should protect the woodlouse from,pain,welfare_negative,0.0013606526190415025,-6.599790753897074
woodlouse,T5,5,P06,policy_framing,The law should protect the [ENTITY] from,The law should protect the woodlouse from,hunters,neutral,0.002522251335904002,-5.982603349381071
woodlouse,T5,5,P06,policy_framing,The law should protect the [ENTITY] from,The law should protect the woodlouse from,predators,neutral,0.02248058281838894,-3.7951033237595215
woodlouse,T5,5,P07,consciousness_probe,Scientists are uncertain whether the [ENTITY] is,Scientists are uncertain whether the woodlouse is,conscious,welfare_negative,5.7925361033994704e-05,-9.75635352852352
woodlouse,T5,5,P07,consciousness_probe,Scientists are uncertain whether the [ENTITY] is,Scientists are uncertain whether the woodlouse is,sentient,welfare_negative,0.00011430185259087011,-9.076666904274688
woodlouse,T5,5,P07,consciousness_probe,Scientists are uncertain whether the [ENTITY] is,Scientists are uncertain whether the woodlouse is,alive,neutral,0.008869780227541924,-4.725105248746139
woodlouse,T5,5,P07,consciousness_probe,Scientists are uncertain whether the [ENTITY] is,Scientists are uncertain whether the woodlouse is,dangerous,neutral,0.00381484511308372,-5.568855188310322
woodlouse,T5,5,P07,consciousness_probe,Scientists are uncertain whether the [ENTITY] is,Scientists are uncertain whether the woodlouse is,edible,neutral,0.0031874224077910185,-5.748542680074365
woodlouse,T5,5,P08,neutral_baseline,The [ENTITY] was located near the,The woodlouse was located near the,water,neutral,0.012696251273155212,-4.366448496556176
woodlouse,T5,5,P08,neutral_baseline,The [ENTITY] was located near the,The woodlouse was located near the,food,neutral,0.0005710630211979151,-7.4680108094128075
woodlouse,T5,5,P08,neutral_baseline,The [ENTITY] was located near the,The woodlouse was located near the,ground,neutral,0.002832916798070073,-5.866448392107915
woodlouse,T5,5,P08,neutral_baseline,The [ENTITY] was located near the,The woodlouse was located near the,wall,neutral,0.004781452473253012,-5.34301089302487
woodlouse,T5,5,P08,neutral_baseline,The [ENTITY] was located near the,The woodlouse was located near the,door,neutral,0.002072606235742569,-6.178948364313219
worker,T1,1,P01,appearance_state,The [ENTITY] appeared to be,The worker appeared to be,suffering,welfare_negative,0.01235419325530529,-4.39375973060011
worker,T1,1,P01,appearance_state,The [ENTITY] appeared to be,The worker appeared to be,distressed,welfare_negative,0.0014870703453198075,-6.510947238503973
worker,T1,1,P01,appearance_state,The [ENTITY] appeared to be,The worker appeared to be,afraid,welfare_negative,0.0016982877859845757,-6.378134661303441
worker,T1,1,P01,appearance_state,The [ENTITY] appeared to be,The worker appeared to be,hurt,welfare_negative,0.000990602420642972,-6.91719719325152
worker,T1,1,P01,appearance_state,The [ENTITY] appeared to be,The worker appeared to be,fine,welfare_positive,0.002451764652505517,-6.010947206577076
worker,T1,1,P01,appearance_state,The [ENTITY] appeared to be,The worker appeared to be,healthy,welfare_positive,0.001939505455084145,-6.245322206904727
worker,T1,1,P01,appearance_state,The [ENTITY] appeared to be,The worker appeared to be,unharmed,welfare_positive,0.006822633557021618,-4.987509714951231
worker,T1,1,P01,appearance_state,The [ENTITY] appeared to be,The worker appeared to be,calm,welfare_positive,0.0016850715037435293,-6.385947221277409
worker,T1,1,P02,researcher_observation,The researcher noted that the [ENTITY]'s,The researcher noted that the worker's,pain,welfare_negative,0.001343956682831049,-6.6121371930298425
worker,T1,1,P02,researcher_observation,The researcher noted that the [ENTITY]'s,The researcher noted that the worker's,suffering,welfare_negative,0.00027411000337451696,-8.201980695157848
worker,T1,1,P02,researcher_observation,The researcher noted that the [ENTITY]'s,The researcher noted that the worker's,distress,welfare_negative,0.0003820535494014621,-7.869949515759633
worker,T1,1,P02,researcher_observation,The researcher noted that the [ENTITY]'s,The researcher noted that the worker's,welfare,welfare_positive,0.00013569429574999958,-8.905105290797202
worker,T1,1,P02,researcher_observation,The researcher noted that the [ENTITY]'s,The researcher noted that the worker's,behaviour,neutral,0.003950108308345079,-5.534012255295065
worker,T1,1,P02,researcher_observation,The researcher noted that the [ENTITY]'s,The researcher noted that the worker's,movements,neutral,0.0017528499010950327,-6.346512243677843
worker,T1,1,P02,researcher_observation,The researcher noted that the [ENTITY]'s,The researcher noted that the worker's,health,welfare_positive,0.006772060878574848,-4.994949810236896
worker,T1,1,P03,moral_framing,Many people believe that the [ENTITY] can,Many people believe that the worker can,suffer,welfare_negative,0.0008085091249085963,-7.120318469106706
worker,T1,1,P03,moral_framing,Many people believe that the [ENTITY] can,Many people believe that the worker can,feel,welfare_negative,0.0016719644190743566,-6.393755985194097
worker,T1,1,P03,moral_framing,Many people believe that the [ENTITY] can,Many people believe that the worker can,experience,welfare_negative,0.000619905476924032,-7.38594338680706
worker,T1,1,P03,moral_framing,Many people believe that the [ENTITY] can,Many people believe that the worker can,think,neutral,0.0010300673311576247,-6.878131011740147
worker,T1,1,P03,moral_framing,Many people believe that the [ENTITY] can,Many people believe that the worker can,move,neutral,0.0014640209265053272,-6.526568501179129
worker,T1,1,P03,moral_framing,Many people believe that the [ENTITY] can,Many people believe that the worker can,grow,neutral,0.0007191029144451022,-7.237505935895342
worker,T1,1,P04,care_intervention,It was important to ensure that the [ENTITY] did not,It was important to ensure that the worker did not,suffer,welfare_negative,0.01672814041376114,-4.090662916977099
worker,T1,1,P04,care_intervention,It was important to ensure that the [ENTITY] did not,It was important to ensure that the worker did not,die,welfare_negative,0.005388569086790085,-5.22347538629745
worker,T1,1,P04,care_intervention,It was important to ensure that the [ENTITY] did not,It was important to ensure that the worker did not,escape,neutral,0.0010124820983037353,-6.8953503410603805
worker,T1,1,P04,care_intervention,It was important to ensure that the [ENTITY] did not,It was important to ensure that the worker did not,move,neutral,0.005603225436061621,-5.184412858476355
worker,T1,1,P05,emotional_attribution,The [ENTITY] seemed to,The worker seemed to,suffer,welfare_negative,0.0012473423266783357,-6.686740049596433
worker,T1,1,P05,emotional_attribution,The [ENTITY] seemed to,The worker seemed to,fear,welfare_negative,0.0006781682604923844,-7.296114981539714
worker,T1,1,P05,emotional_attribution,The [ENTITY] seemed to,The worker seemed to,enjoy,welfare_positive,0.006535606924444437,-5.030490048011005
worker,T1,1,P05,emotional_attribution,The [ENTITY] seemed to,The worker seemed to,feel,welfare_negative,0.011560310609638691,-4.460177538102686
worker,T1,1,P05,emotional_attribution,The [ENTITY] seemed to,The worker seemed to,move,neutral,0.0018434523371979594,-6.296115140895238
worker,T1,1,P05,emotional_attribution,The [ENTITY] seemed to,The worker seemed to,stop,neutral,0.0007162885158322752,-7.241427377486672
worker,T1,1,P06,policy_framing,The law should protect the [ENTITY] from,The law should protect the worker from,suffering,welfare_negative,0.0033023059368133545,-5.7131342555217115
worker,T1,1,P06,policy_framing,The law should protect the [ENTITY] from,The law should protect the worker from,harm,welfare_negative,0.003952342085540295,-5.533446917434823
worker,T1,1,P06,policy_framing,The law should protect the [ENTITY] from,The law should protect the worker from,pain,welfare_negative,0.00036192560219205916,-7.9240716097670125
worker,T1,1,P06,policy_framing,The law should protect the [ENTITY] from,The law should protect the worker from,hunters,neutral,5.603103545581689e-07,-14.394596545569732
worker,T1,1,P06,policy_framing,The law should protect the [ENTITY] from,The law should protect the worker from,predators,neutral,0.00012904855248052627,-8.955321073694336
worker,T1,1,P07,consciousness_probe,Scientists are uncertain whether the [ENTITY] is,Scientists are uncertain whether the worker is,conscious,welfare_negative,0.00853016134351492,-4.764146991102564
worker,T1,1,P07,consciousness_probe,Scientists are uncertain whether the [ENTITY] is,Scientists are uncertain whether the worker is,sentient,welfare_negative,0.00012311048340052366,-9.002427554460292
worker,T1,1,P07,consciousness_probe,Scientists are uncertain whether the [ENTITY] is,Scientists are uncertain whether the worker is,alive,neutral,0.09242714196443558,-2.381334598183099
worker,T1,1,P07,consciousness_probe,Scientists are uncertain whether the [ENTITY] is,Scientists are uncertain whether the worker is,dangerous,neutral,0.0006947492365725338,-7.271959444257505
worker,T1,1,P07,consciousness_probe,Scientists are uncertain whether the [ENTITY] is,Scientists are uncertain whether the worker is,edible,neutral,2.9585991796921007e-05,-10.428206178784212
worker,T1,1,P08,neutral_baseline,The [ENTITY] was located near the,The worker was located near the,water,neutral,0.0042862859554588795,-5.4523346423336045
worker,T1,1,P08,neutral_baseline,The [ENTITY] was located near the,The worker was located near the,food,neutral,0.0005492140771821141,-7.507022070160898
worker,T1,1,P08,neutral_baseline,The [ENTITY] was located near the,The worker was located near the,ground,neutral,0.0017183389281854033,-6.3663971360149025
worker,T1,1,P08,neutral_baseline,The [ENTITY] was located near the,The worker was located near the,wall,neutral,0.0024043885059654713,-6.030459625637033
worker,T1,1,P08,neutral_baseline,The [ENTITY] was located near the,The worker was located near the,door,neutral,0.003210279857739806,-5.7413971313939935
zebrafish,T3,3,P01,appearance_state,The [ENTITY] appeared to be,The zebrafish appeared to be,suffering,welfare_negative,0.00030164761119522154,-8.106250740723656
zebrafish,T3,3,P01,appearance_state,The [ENTITY] appeared to be,The zebrafish appeared to be,distressed,welfare_negative,5.655887434841134e-06,-12.082795850935211
zebrafish,T3,3,P01,appearance_state,The [ENTITY] appeared to be,The zebrafish appeared to be,afraid,welfare_negative,9.002846127259545e-06,-11.617958686721266
zebrafish,T3,3,P01,appearance_state,The [ENTITY] appeared to be,The zebrafish appeared to be,hurt,welfare_negative,1.1268383559581707e-06,-13.696006021866507
zebrafish,T3,3,P01,appearance_state,The [ENTITY] appeared to be,The zebrafish appeared to be,fine,welfare_positive,0.00024812857736833394,-8.301563086004597
zebrafish,T3,3,P01,appearance_state,The [ENTITY] appeared to be,The zebrafish appeared to be,healthy,welfare_positive,0.0002312812430318445,-8.371875653321105
zebrafish,T3,3,P01,appearance_state,The [ENTITY] appeared to be,The zebrafish appeared to be,unharmed,welfare_positive,0.0012799445539712906,-6.6609384410703765
zebrafish,T3,3,P01,appearance_state,The [ENTITY] appeared to be,The zebrafish appeared to be,calm,welfare_positive,1.9818251530523412e-05,-10.828902204543445
zebrafish,T3,3,P02,researcher_observation,The researcher noted that the [ENTITY]'s,The researcher noted that the zebrafish's,pain,welfare_negative,0.00028066954109817743,-8.178332234709238
zebrafish,T3,3,P02,researcher_observation,The researcher noted that the [ENTITY]'s,The researcher noted that the zebrafish's,suffering,welfare_negative,1.2380022781144362e-05,-11.299418373055522
zebrafish,T3,3,P02,researcher_observation,The researcher noted that the [ENTITY]'s,The researcher noted that the zebrafish's,distress,welfare_negative,8.104385051410645e-05,-9.420518951505827
zebrafish,T3,3,P02,researcher_observation,The researcher noted that the [ENTITY]'s,The researcher noted that the zebrafish's,welfare,welfare_positive,0.00010284999734722078,-9.182237995368714
zebrafish,T3,3,P02,researcher_observation,The researcher noted that the [ENTITY]'s,The researcher noted that the zebrafish's,behaviour,neutral,0.0027689968701452017,-5.8892701289993274
zebrafish,T3,3,P02,researcher_observation,The researcher noted that the [ENTITY]'s,The researcher noted that the zebrafish's,movements,neutral,0.001392339006997645,-6.576770135389452
zebrafish,T3,3,P02,researcher_observation,The researcher noted that the [ENTITY]'s,The researcher noted that the zebrafish's,health,welfare_positive,0.00019980344222858548,-8.518175963035176
zebrafish,T3,3,P03,moral_framing,Many people believe that the [ENTITY] can,Many people believe that the zebrafish can,suffer,welfare_negative,0.0022829321678727865,-6.082294579911033
zebrafish,T3,3,P03,moral_framing,Many people believe that the [ENTITY] can,Many people believe that the zebrafish can,feel,welfare_negative,0.006657693535089493,-5.011982155443504
zebrafish,T3,3,P03,moral_framing,Many people believe that the [ENTITY] can,Many people believe that the zebrafish can,experience,welfare_negative,0.001280608819797635,-6.660419595576925
zebrafish,T3,3,P03,moral_framing,Many people believe that the [ENTITY] can,Many people believe that the zebrafish can,think,neutral,0.0010051614372059703,-6.90260701684907
zebrafish,T3,3,P03,moral_framing,Many people believe that the [ENTITY] can,Many people believe that the zebrafish can,move,neutral,0.003705564420670271,-5.597919664588363
zebrafish,T3,3,P03,moral_framing,Many people believe that the [ENTITY] can,Many people believe that the zebrafish can,grow,neutral,0.00610944302752614,-5.097919651109992
zebrafish,T3,3,P04,care_intervention,It was important to ensure that the [ENTITY] did not,It was important to ensure that the zebrafish did not,suffer,welfare_negative,0.06729717552661896,-2.6986370101271135
zebrafish,T3,3,P04,care_intervention,It was important to ensure that the [ENTITY] did not,It was important to ensure that the zebrafish did not,die,welfare_negative,0.017555516213178635,-4.0423870586191555
zebrafish,T3,3,P04,care_intervention,It was important to ensure that the [ENTITY] did not,It was important to ensure that the zebrafish did not,escape,neutral,0.005354130174964666,-5.229887001911666
zebrafish,T3,3,P04,care_intervention,It was important to ensure that the [ENTITY] did not,It was important to ensure that the zebrafish did not,move,neutral,0.006162566132843494,-5.089261991948002
zebrafish,T3,3,P05,emotional_attribution,The [ENTITY] seemed to,The zebrafish seemed to,suffer,welfare_negative,0.0025574523024260998,-5.968743671288766
zebrafish,T3,3,P05,emotional_attribution,The [ENTITY] seemed to,The zebrafish seemed to,fear,welfare_negative,9.994093852583319e-05,-9.210930160608978
zebrafish,T3,3,P05,emotional_attribution,The [ENTITY] seemed to,The zebrafish seemed to,enjoy,welfare_positive,0.003388073993846774,-5.687493632937137
zebrafish,T3,3,P05,emotional_attribution,The [ENTITY] seemed to,The zebrafish seemed to,feel,welfare_negative,0.0015271245501935482,-6.484368625302172
zebrafish,T3,3,P05,emotional_attribution,The [ENTITY] seemed to,The zebrafish seemed to,move,neutral,0.0014686213107779622,-6.523431134013161
zebrafish,T3,3,P05,emotional_attribution,The [ENTITY] seemed to,The zebrafish seemed to,stop,neutral,0.00014428158465307206,-8.843743025721306
zebrafish,T3,3,P06,policy_framing,The law should protect the [ENTITY] from,The law should protect the zebrafish from,suffering,welfare_negative,0.0052002472802996635,-5.259049081391771
zebrafish,T3,3,P06,policy_framing,The law should protect the [ENTITY] from,The law should protect the zebrafish from,harm,welfare_negative,0.015769554302096367,-4.149674134456091
zebrafish,T3,3,P06,policy_framing,The law should protect the [ENTITY] from,The law should protect the zebrafish from,pain,welfare_negative,0.0011158803245052695,-6.798111567264269
zebrafish,T3,3,P06,policy_framing,The law should protect the [ENTITY] from,The law should protect the zebrafish from,hunters,neutral,0.00012866892211604863,-8.958267170733702
zebrafish,T3,3,P06,policy_framing,The law should protect the [ENTITY] from,The law should protect the zebrafish from,predators,neutral,0.010023738257586956,-4.602799163326493
zebrafish,T3,3,P07,consciousness_probe,Scientists are uncertain whether the [ENTITY] is,Scientists are uncertain whether the zebrafish is,conscious,welfare_negative,4.354026896180585e-05,-10.041822028105448
zebrafish,T3,3,P07,consciousness_probe,Scientists are uncertain whether the [ENTITY] is,Scientists are uncertain whether the zebrafish is,sentient,welfare_negative,8.76108679221943e-05,-9.34260436326811
zebrafish,T3,3,P07,consciousness_probe,Scientists are uncertain whether the [ENTITY] is,Scientists are uncertain whether the zebrafish is,alive,neutral,0.0017735129222273827,-6.3347929411063495
zebrafish,T3,3,P07,consciousness_probe,Scientists are uncertain whether the [ENTITY] is,Scientists are uncertain whether the zebrafish is,dangerous,neutral,6.876655970700085e-05,-9.584791527762151
zebrafish,T3,3,P07,consciousness_probe,Scientists are uncertain whether the [ENTITY] is,Scientists are uncertain whether the zebrafish is,edible,neutral,0.00010242747521260753,-9.18635459242507
zebrafish,T3,3,P08,neutral_baseline,The [ENTITY] was located near the,The zebrafish was located near the,water,neutral,0.01294192299246788,-4.347283384841316
zebrafish,T3,3,P08,neutral_baseline,The [ENTITY] was located near the,The zebrafish was located near the,food,neutral,0.00036285683745518327,-7.921501913075558
zebrafish,T3,3,P08,neutral_baseline,The [ENTITY] was located near the,The zebrafish was located near the,ground,neutral,0.0007741927402094007,-7.16368956784928
zebrafish,T3,3,P08,neutral_baseline,The [ENTITY] was located near the,The zebrafish was located near the,wall,neutral,0.0017652359092608094,-6.339470881241028
zebrafish,T3,3,P08,neutral_baseline,The [ENTITY] was located near the,The zebrafish was located near the,door,neutral,0.00034489057725295424,-7.972283068676876
