entity,tier,layer,pc1,pc2,method
ant,T5,0,6.000359535217285,-2.2478623390197754,pca_entity_mean
aphid,T5,0,5.789539337158203,-7.845673084259033,pca_entity_mean
bacterium,T6,0,-2.7471225261688232,-10.245099067687988,pca_entity_mean
bee,T4,0,-9.17861557006836,-5.228714466094971,pca_entity_mean
beetle,T5,0,-0.4083173871040344,-11.138541221618652,pca_entity_mean
bumblebee,T4,0,5.816571235656738,-7.275556564331055,pca_entity_mean
chicken,T3,0,-10.8978910446167,3.254877805709839,pca_entity_mean
child,T1,0,13.044384956359863,10.283443450927734,pca_entity_mean
chimpanzee,T2,0,6.762432098388672,-3.8597140312194824,pca_entity_mean
cloud,T6,0,8.396512985229492,-8.277769088745117,pca_entity_mean
cockroach,T5,0,7.103846549987793,-5.569552421569824,pca_entity_mean
cow,T2,0,-0.4696084260940552,13.779911994934082,pca_entity_mean
crab,T4,0,-30.5366268157959,-7.7561211585998535,pca_entity_mean
crayfish,T4,0,2.2368059158325195,-3.5793895721435547,pca_entity_mean
crow,T3,0,2.5337655544281006,-2.266199827194214,pca_entity_mean
dog,T2,0,1.0996440649032593,12.45207405090332,pca_entity_mean
dolphin,T2,0,2.1467134952545166,1.7648591995239258,pca_entity_mean
earthworm,T5,0,1.8771742582321167,-6.757083415985107,pca_entity_mean
elderly person,T1,0,12.058871269226074,1.9888489246368408,pca_entity_mean
elephant,T2,0,-5.87551736831665,19.817840576171875,pca_entity_mean
fly,T5,0,-1.2616095542907715,-4.194348335266113,pca_entity_mean
frog,T3,0,-16.132646560668945,12.743794441223145,pca_entity_mean
gecko,T3,0,6.878461837768555,-6.3802103996276855,pca_entity_mean
horse,T2,0,1.1123290061950684,15.411449432373047,pca_entity_mean
infant,T1,0,9.07448959350586,15.90005874633789,pca_entity_mean
lobster,T4,0,1.1437207460403442,-9.39775562286377,pca_entity_mean
mantis shrimp,T4,0,-2.8966164588928223,-9.147674560546875,pca_entity_mean
mite,T5,0,10.251296997070312,-7.132456302642822,pca_entity_mean
moss,T6,0,-9.205549240112305,-23.4881534576416,pca_entity_mean
moth,T5,0,-11.645964622497559,-15.493715286254883,pca_entity_mean
mushroom,T6,0,-15.894818305969238,-20.357412338256836,pca_entity_mean
mussel,T4,0,6.257241725921631,-7.472784042358398,pca_entity_mean
nematode,T5,0,-0.017426125705242157,-9.32004165649414,pca_entity_mean
oak tree,T6,0,1.1830377578735352,-5.631960391998291,pca_entity_mean
octopus,T4,0,3.817415475845337,-1.0281944274902344,pca_entity_mean
patient,T1,0,12.234020233154297,6.847123622894287,pca_entity_mean
pig,T2,0,-3.0824382305145264,16.99028205871582,pca_entity_mean
pigeon,T3,0,0.19953201711177826,7.191169738769531,pca_entity_mean
prisoner,T1,0,12.39184284210205,11.077818870544434,pca_entity_mean
rabbit,T2,0,-5.120084285736084,11.760157585144043,pca_entity_mean
rat,T2,0,0.3865460157394409,10.873316764831543,pca_entity_mean
refugee,T1,0,10.08393669128418,6.692216873168945,pca_entity_mean
river,T6,0,2.4664909839630127,4.460250377655029,pca_entity_mean
rock,T6,0,6.175909996032715,-9.64141845703125,pca_entity_mean
salmon,T3,0,-25.82801628112793,6.410560131072998,pca_entity_mean
seaweed,T6,0,-0.1863456815481186,-6.482297897338867,pca_entity_mean
shrimp,T4,0,-29.820751190185547,-7.475363731384277,pca_entity_mean
snake,T3,0,-9.888655662536621,7.414211750030518,pca_entity_mean
soldier,T1,0,11.02390193939209,5.098972320556641,pca_entity_mean
squid,T4,0,6.188157558441162,-4.74567174911499,pca_entity_mean
statue,T6,0,9.398663520812988,-2.769564628601074,pca_entity_mean
table,T6,0,11.2467622756958,-2.8172013759613037,pca_entity_mean
teenager,T1,0,14.354011535644531,5.647658348083496,pca_entity_mean
trout,T3,0,-24.75567054748535,7.3521623611450195,pca_entity_mean
tuna,T3,0,7.156354904174805,-5.94526481628418,pca_entity_mean
whale,T2,0,-12.634966850280762,16.9481258392334,pca_entity_mean
woman,T1,0,13.31123161315918,2.363409996032715,pca_entity_mean
woodlouse,T5,0,7.636229991912842,-6.722419738769531,pca_entity_mean
worker,T1,0,11.159958839416504,-0.6581540107727051,pca_entity_mean
zebrafish,T3,0,-21.51291847229004,13.824681282043457,pca_entity_mean
ant,T5,1,3.03792667388916,0.6019737720489502,pca_entity_mean
aphid,T5,1,6.429799556732178,7.555588245391846,pca_entity_mean
bacterium,T6,1,-1.1617674827575684,7.720786094665527,pca_entity_mean
bee,T4,1,-8.959004402160645,4.787046909332275,pca_entity_mean
beetle,T5,1,1.5888630151748657,9.96091079711914,pca_entity_mean
bumblebee,T4,1,8.372838020324707,7.18604850769043,pca_entity_mean
chicken,T3,1,-14.289101600646973,-3.468831777572632,pca_entity_mean
child,T1,1,11.011560440063477,-17.154205322265625,pca_entity_mean
chimpanzee,T2,1,8.212140083312988,4.051753044128418,pca_entity_mean
cloud,T6,1,11.327897071838379,7.9682183265686035,pca_entity_mean
cockroach,T5,1,8.641036987304688,6.528198719024658,pca_entity_mean
cow,T2,1,-3.1982181072235107,-12.948064804077148,pca_entity_mean
crab,T4,1,-24.21990203857422,10.486797332763672,pca_entity_mean
crayfish,T4,1,4.789026737213135,5.553582191467285,pca_entity_mean
crow,T3,1,1.5451233386993408,0.36789125204086304,pca_entity_mean
dog,T2,1,-3.1836936473846436,-15.555204391479492,pca_entity_mean
dolphin,T2,1,3.4790587425231934,1.780418038368225,pca_entity_mean
earthworm,T5,1,5.398288726806641,7.982227325439453,pca_entity_mean
elderly person,T1,1,12.637622833251953,-5.736227035522461,pca_entity_mean
elephant,T2,1,-8.460281372070312,-14.570127487182617,pca_entity_mean
fly,T5,1,-2.319338798522949,3.7600276470184326,pca_entity_mean
frog,T3,1,-18.73139190673828,-8.796667098999023,pca_entity_mean
gecko,T3,1,9.55743408203125,7.345282077789307,pca_entity_mean
horse,T2,1,-3.303563117980957,-15.832743644714355,pca_entity_mean
infant,T1,1,5.637773036956787,-22.385753631591797,pca_entity_mean
lobster,T4,1,3.3893258571624756,10.92382526397705,pca_entity_mean
mantis shrimp,T4,1,0.39141324162483215,10.649802207946777,pca_entity_mean
mite,T5,1,12.155959129333496,7.608532905578613,pca_entity_mean
moss,T6,1,-7.038057327270508,20.627460479736328,pca_entity_mean
moth,T5,1,-11.254940032958984,11.989068031311035,pca_entity_mean
mushroom,T6,1,-12.633408546447754,16.613170623779297,pca_entity_mean
mussel,T4,1,6.674967288970947,9.813192367553711,pca_entity_mean
nematode,T5,1,2.138472080230713,10.33602523803711,pca_entity_mean
oak tree,T6,1,4.397266387939453,6.2989373207092285,pca_entity_mean
octopus,T4,1,4.178550720214844,3.132948875427246,pca_entity_mean
patient,T1,1,11.056087493896484,-11.990140914916992,pca_entity_mean
pig,T2,1,-9.847321510314941,-14.384355545043945,pca_entity_mean
pigeon,T3,1,-2.072357654571533,-4.385777473449707,pca_entity_mean
prisoner,T1,1,8.643887519836426,-17.348085403442383,pca_entity_mean
rabbit,T2,1,-12.36218547821045,-11.7431001663208,pca_entity_mean
rat,T2,1,-8.791059494018555,-13.573362350463867,pca_entity_mean
refugee,T1,1,8.140998840332031,-14.09901237487793,pca_entity_mean
river,T6,1,3.0094730854034424,-2.0235776901245117,pca_entity_mean
rock,T6,1,8.723504066467285,9.682754516601562,pca_entity_mean
salmon,T3,1,-24.38113784790039,1.6109638214111328,pca_entity_mean
seaweed,T6,1,3.6367311477661133,10.185425758361816,pca_entity_mean
shrimp,T4,1,-24.188312530517578,11.678516387939453,pca_entity_mean
snake,T3,1,-10.96692180633545,-4.3421311378479,pca_entity_mean
soldier,T1,1,9.728987693786621,-8.000722885131836,pca_entity_mean
squid,T4,1,7.348251819610596,5.655690670013428,pca_entity_mean
statue,T6,1,9.035544395446777,0.7791961431503296,pca_entity_mean
table,T6,1,12.704610824584961,2.5082480907440186,pca_entity_mean
teenager,T1,1,11.34488582611084,-13.70164966583252,pca_entity_mean
trout,T3,1,-23.21040153503418,-0.9568697214126587,pca_entity_mean
tuna,T3,1,8.43558120727539,6.690639019012451,pca_entity_mean
whale,T2,1,-11.144484519958496,-6.285702705383301,pca_entity_mean
woman,T1,1,12.676748275756836,-7.562806606292725,pca_entity_mean
woodlouse,T5,1,9.614163398742676,7.619401931762695,pca_entity_mean
worker,T1,1,11.62077522277832,-3.170217275619507,pca_entity_mean
zebrafish,T3,1,-24.995691299438477,-8.025123596191406,pca_entity_mean
ant,T5,2,1.8988934755325317,2.7593936920166016,pca_entity_mean
aphid,T5,2,3.5458571910858154,8.951251983642578,pca_entity_mean
bacterium,T6,2,-0.6899571418762207,5.912912368774414,pca_entity_mean
bee,T4,2,-9.517014503479004,3.695838689804077,pca_entity_mean
beetle,T5,2,0.0074003953486680984,10.277755737304688,pca_entity_mean
bumblebee,T4,2,7.20223331451416,9.564009666442871,pca_entity_mean
chicken,T3,2,-13.508919715881348,-6.662245750427246,pca_entity_mean
child,T1,2,14.61487865447998,-16.220413208007812,pca_entity_mean
chimpanzee,T2,2,7.319859981536865,5.302901268005371,pca_entity_mean
cloud,T6,2,7.896586894989014,10.972164154052734,pca_entity_mean
cockroach,T5,2,7.100672245025635,8.54187297821045,pca_entity_mean
cow,T2,2,-1.5101410150527954,-13.191222190856934,pca_entity_mean
crab,T4,2,-22.594728469848633,5.030264854431152,pca_entity_mean
crayfish,T4,2,3.4507973194122314,7.603253364562988,pca_entity_mean
crow,T3,2,-0.5132027268409729,0.9273878335952759,pca_entity_mean
dog,T2,2,-1.1752578020095825,-17.407512664794922,pca_entity_mean
dolphin,T2,2,2.9669573307037354,3.0543389320373535,pca_entity_mean
earthworm,T5,2,3.229458808898926,9.161174774169922,pca_entity_mean
elderly person,T1,2,15.55574893951416,-4.88110876083374,pca_entity_mean
elephant,T2,2,-5.800545692443848,-14.876065254211426,pca_entity_mean
fly,T5,2,-3.7773687839508057,3.9288697242736816,pca_entity_mean
frog,T3,2,-16.704757690429688,-10.207780838012695,pca_entity_mean
gecko,T3,2,7.383294105529785,9.241744995117188,pca_entity_mean
horse,T2,2,-0.7945443987846375,-17.03763771057129,pca_entity_mean
infant,T1,2,9.432153701782227,-21.034725189208984,pca_entity_mean
lobster,T4,2,-0.3609645366668701,11.594148635864258,pca_entity_mean
mantis shrimp,T4,2,-0.4242742657661438,10.540593147277832,pca_entity_mean
mite,T5,2,9.535406112670898,11.284156799316406,pca_entity_mean
moss,T6,2,-10.666274070739746,18.036035537719727,pca_entity_mean
moth,T5,2,-10.715482711791992,10.238727569580078,pca_entity_mean
mushroom,T6,2,-15.053046226501465,12.802526473999023,pca_entity_mean
mussel,T4,2,4.219873428344727,11.720500946044922,pca_entity_mean
nematode,T5,2,-0.3798849582672119,10.477210998535156,pca_entity_mean
oak tree,T6,2,2.9041969776153564,5.625056266784668,pca_entity_mean
octopus,T4,2,2.708087921142578,5.200687408447266,pca_entity_mean
patient,T1,2,14.812159538269043,-12.978987693786621,pca_entity_mean
pig,T2,2,-9.454145431518555,-16.64300537109375,pca_entity_mean
pigeon,T3,2,-3.574251174926758,-5.738998889923096,pca_entity_mean
prisoner,T1,2,13.247637748718262,-14.144377708435059,pca_entity_mean
rabbit,T2,2,-11.482650756835938,-13.267352104187012,pca_entity_mean
rat,T2,2,-7.554940700531006,-14.391256332397461,pca_entity_mean
refugee,T1,2,11.237411499023438,-10.110722541809082,pca_entity_mean
river,T6,2,1.7539535760879517,-1.03745436668396,pca_entity_mean
rock,T6,2,5.334802627563477,10.579781532287598,pca_entity_mean
salmon,T3,2,-24.653947830200195,-1.7083842754364014,pca_entity_mean
seaweed,T6,2,1.3236953020095825,12.042388916015625,pca_entity_mean
shrimp,T4,2,-22.439983367919922,5.6305155754089355,pca_entity_mean
snake,T3,2,-10.634661674499512,-6.624448299407959,pca_entity_mean
soldier,T1,2,13.06597900390625,-8.254583358764648,pca_entity_mean
squid,T4,2,5.246834754943848,9.057909965515137,pca_entity_mean
statue,T6,2,6.868098735809326,2.098238706588745,pca_entity_mean
table,T6,2,12.270291328430176,4.258057117462158,pca_entity_mean
teenager,T1,2,15.789995193481445,-12.708688735961914,pca_entity_mean
trout,T3,2,-21.146032333374023,-3.785019636154175,pca_entity_mean
tuna,T3,2,5.892916679382324,8.727869033813477,pca_entity_mean
whale,T2,2,-10.477489471435547,-7.636334419250488,pca_entity_mean
woman,T1,2,16.607677459716797,-7.853745460510254,pca_entity_mean
woodlouse,T5,2,8.398993492126465,9.019789695739746,pca_entity_mean
worker,T1,2,14.150162696838379,-3.4217469692230225,pca_entity_mean
zebrafish,T3,2,-21.368549346923828,-12.035527229309082,pca_entity_mean
ant,T5,3,2.726846694946289,3.367473840713501,pca_entity_mean
aphid,T5,3,4.577903747558594,8.717193603515625,pca_entity_mean
bacterium,T6,3,1.3393223285675049,4.001516819000244,pca_entity_mean
bee,T4,3,12.110031127929688,-4.136735439300537,pca_entity_mean
beetle,T5,3,8.561814308166504,7.231902122497559,pca_entity_mean
bumblebee,T4,3,0.5654917359352112,11.928569793701172,pca_entity_mean
chicken,T3,3,7.321346282958984,-11.644895553588867,pca_entity_mean
child,T1,3,-21.863475799560547,-6.823770999908447,pca_entity_mean
chimpanzee,T2,3,-2.6394381523132324,7.094232559204102,pca_entity_mean
cloud,T6,3,-4.190830230712891,14.191916465759277,pca_entity_mean
cockroach,T5,3,1.2861303091049194,10.456615447998047,pca_entity_mean
cow,T2,3,-4.772761344909668,-12.91737174987793,pca_entity_mean
crab,T4,3,20.936508178710938,-4.8651652336120605,pca_entity_mean
crayfish,T4,3,2.4325006008148193,9.983264923095703,pca_entity_mean
crow,T3,3,1.0650891065597534,2.0229921340942383,pca_entity_mean
dog,T2,3,-7.7595953941345215,-15.50055980682373,pca_entity_mean
dolphin,T2,3,-0.2345060408115387,3.791306257247925,pca_entity_mean
earthworm,T5,3,2.686358690261841,8.335602760314941,pca_entity_mean
elderly person,T1,3,-18.379709243774414,1.884550929069519,pca_entity_mean
elephant,T2,3,-2.4134583473205566,-14.48078727722168,pca_entity_mean
fly,T5,3,5.149157524108887,0.1110614761710167,pca_entity_mean
frog,T3,3,9.491008758544922,-15.64022445678711,pca_entity_mean
gecko,T3,3,-0.4756978750228882,11.890276908874512,pca_entity_mean
horse,T2,3,-8.649492263793945,-16.237913131713867,pca_entity_mean
infant,T1,3,-19.996845245361328,-12.62258243560791,pca_entity_mean
lobster,T4,3,9.078100204467773,9.322745323181152,pca_entity_mean
mantis shrimp,T4,3,6.416764259338379,9.939772605895996,pca_entity_mean
mite,T5,3,-0.927408754825592,13.45464038848877,pca_entity_mean
moss,T6,3,14.316851615905762,11.204543113708496,pca_entity_mean
moth,T5,3,15.265003204345703,1.8000882863998413,pca_entity_mean
mushroom,T6,3,15.533918380737305,5.226242542266846,pca_entity_mean
mussel,T4,3,4.725164890289307,12.204448699951172,pca_entity_mean
nematode,T5,3,8.75448226928711,6.299920558929443,pca_entity_mean
oak tree,T6,3,-0.627612829208374,6.196150779724121,pca_entity_mean
octopus,T4,3,2.5132431983947754,6.8453288078308105,pca_entity_mean
patient,T1,3,-20.930858612060547,-4.437315464019775,pca_entity_mean
pig,T2,3,0.11289936304092407,-20.05868148803711,pca_entity_mean
pigeon,T3,3,0.7468399405479431,-9.035717010498047,pca_entity_mean
prisoner,T1,3,-19.613113403320312,-4.3804450035095215,pca_entity_mean
rabbit,T2,3,3.897094964981079,-17.59942054748535,pca_entity_mean
rat,T2,3,0.11004026979207993,-15.668266296386719,pca_entity_mean
refugee,T1,3,-15.709884643554688,-0.7922590374946594,pca_entity_mean
river,T6,3,-3.9832515716552734,0.8905537128448486,pca_entity_mean
rock,T6,3,-0.5118039846420288,14.216080665588379,pca_entity_mean
salmon,T3,3,18.19256019592285,-14.898406028747559,pca_entity_mean
seaweed,T6,3,4.909173011779785,10.070652961730957,pca_entity_mean
shrimp,T4,3,21.4245662689209,-4.801590442657471,pca_entity_mean
snake,T3,3,7.0475172996521,-10.091558456420898,pca_entity_mean
soldier,T1,3,-16.570053100585938,0.22452402114868164,pca_entity_mean
squid,T4,3,3.5398902893066406,9.785608291625977,pca_entity_mean
statue,T6,3,-7.584817409515381,6.515157222747803,pca_entity_mean
table,T6,3,-10.223730087280273,11.156386375427246,pca_entity_mean
teenager,T1,3,-22.800548553466797,-3.6920886039733887,pca_entity_mean
trout,T3,3,15.811848640441895,-14.690421104431152,pca_entity_mean
tuna,T3,3,0.7342174649238586,10.223352432250977,pca_entity_mean
whale,T2,3,4.066454887390137,-13.061060905456543,pca_entity_mean
woman,T1,3,-20.957611083984375,1.8584511280059814,pca_entity_mean
woodlouse,T5,3,-0.8584108948707581,12.493313789367676,pca_entity_mean
worker,T1,3,-15.796977996826172,4.275478363037109,pca_entity_mean
zebrafish,T3,3,11.025794982910156,-21.1346492767334,pca_entity_mean
ant,T5,4,5.972342491149902,1.2319930791854858,pca_entity_mean
aphid,T5,4,4.657276153564453,7.121042728424072,pca_entity_mean
bacterium,T6,4,-2.6483912467956543,10.820448875427246,pca_entity_mean
bee,T4,4,13.335798263549805,-2.785284996032715,pca_entity_mean
beetle,T5,4,9.076607704162598,6.4260711669921875,pca_entity_mean
bumblebee,T4,4,1.1223843097686768,8.55005931854248,pca_entity_mean
chicken,T3,4,9.600884437561035,-10.702662467956543,pca_entity_mean
child,T1,4,-22.409631729125977,-9.323553085327148,pca_entity_mean
chimpanzee,T2,4,-2.710146188735962,1.3951746225357056,pca_entity_mean
cloud,T6,4,-6.4319987297058105,14.747265815734863,pca_entity_mean
cockroach,T5,4,2.6998789310455322,6.805625915527344,pca_entity_mean
cow,T2,4,0.9726972579956055,-18.134279251098633,pca_entity_mean
crab,T4,4,21.022245407104492,-1.473900318145752,pca_entity_mean
crayfish,T4,4,2.8185176849365234,9.584172248840332,pca_entity_mean
crow,T3,4,5.157467365264893,-2.158055305480957,pca_entity_mean
dog,T2,4,-4.267253398895264,-18.168716430664062,pca_entity_mean
dolphin,T2,4,0.32980668544769287,0.9098260402679443,pca_entity_mean
earthworm,T5,4,2.2427642345428467,8.391324996948242,pca_entity_mean
elderly person,T1,4,-21.036174774169922,-0.7341606020927429,pca_entity_mean
elephant,T2,4,3.521543502807617,-20.27737045288086,pca_entity_mean
fly,T5,4,5.237368583679199,1.363114833831787,pca_entity_mean
frog,T3,4,11.084068298339844,-11.969884872436523,pca_entity_mean
gecko,T3,4,-0.9620562195777893,9.187195777893066,pca_entity_mean
horse,T2,4,-2.577829599380493,-20.834518432617188,pca_entity_mean
infant,T1,4,-19.83868408203125,-15.636983871459961,pca_entity_mean
lobster,T4,4,11.027514457702637,8.02099895477295,pca_entity_mean
mantis shrimp,T4,4,4.912363052368164,9.66242504119873,pca_entity_mean
mite,T5,4,-1.9381718635559082,12.185684204101562,pca_entity_mean
moss,T6,4,8.76213264465332,18.2596492767334,pca_entity_mean
moth,T5,4,12.208410263061523,4.882968902587891,pca_entity_mean
mushroom,T6,4,11.223639488220215,12.024884223937988,pca_entity_mean
mussel,T4,4,6.011090278625488,11.18750286102295,pca_entity_mean
nematode,T5,4,5.778072357177734,7.513436317443848,pca_entity_mean
oak tree,T6,4,-0.010063309222459793,7.1769280433654785,pca_entity_mean
octopus,T4,4,4.199521064758301,4.796885967254639,pca_entity_mean
patient,T1,4,-22.941301345825195,-4.626375675201416,pca_entity_mean
pig,T2,4,6.478907585144043,-22.95462989807129,pca_entity_mean
pigeon,T3,4,6.005539894104004,-14.588671684265137,pca_entity_mean
prisoner,T1,4,-24.075843811035156,-5.0465087890625,pca_entity_mean
rabbit,T2,4,7.909995079040527,-17.08330535888672,pca_entity_mean
rat,T2,4,4.715457916259766,-16.03213882446289,pca_entity_mean
refugee,T1,4,-20.469463348388672,0.4777044653892517,pca_entity_mean
river,T6,4,-6.816836833953857,5.6036505699157715,pca_entity_mean
rock,T6,4,-4.863944053649902,17.588294982910156,pca_entity_mean
salmon,T3,4,16.882417678833008,-7.81037712097168,pca_entity_mean
seaweed,T6,4,3.596475839614868,13.169053077697754,pca_entity_mean
shrimp,T4,4,18.345829010009766,2.103034734725952,pca_entity_mean
snake,T3,4,9.608311653137207,-8.650647163391113,pca_entity_mean
soldier,T1,4,-20.780811309814453,-0.5472604632377625,pca_entity_mean
squid,T4,4,5.446405410766602,5.912469387054443,pca_entity_mean
statue,T6,4,-9.601079940795898,6.842068195343018,pca_entity_mean
table,T6,4,-10.238542556762695,10.18256664276123,pca_entity_mean
teenager,T1,4,-26.169105529785156,-3.390200614929199,pca_entity_mean
trout,T3,4,14.663864135742188,-7.259914398193359,pca_entity_mean
tuna,T3,4,2.5941007137298584,8.479049682617188,pca_entity_mean
whale,T2,4,6.0251054763793945,-13.228973388671875,pca_entity_mean
woman,T1,4,-23.503314971923828,0.6671215891838074,pca_entity_mean
woodlouse,T5,4,-0.7414885759353638,10.730637550354004,pca_entity_mean
worker,T1,4,-20.140663146972656,3.0327720642089844,pca_entity_mean
zebrafish,T3,4,9.926044464111328,-13.614705085754395,pca_entity_mean
ant,T5,5,6.5296950340271,5.450235843658447,pca_entity_mean
aphid,T5,5,7.040314197540283,7.301288604736328,pca_entity_mean
bacterium,T6,5,-4.0833353996276855,9.081160545349121,pca_entity_mean
bee,T4,5,13.714599609375,-0.6810884475708008,pca_entity_mean
beetle,T5,5,9.853754997253418,7.687366485595703,pca_entity_mean
bumblebee,T4,5,1.4301159381866455,8.102364540100098,pca_entity_mean
chicken,T3,5,11.480598449707031,-11.407272338867188,pca_entity_mean
child,T1,5,-23.26314926147461,-10.225123405456543,pca_entity_mean
chimpanzee,T2,5,-3.0125503540039062,1.3587437868118286,pca_entity_mean
cloud,T6,5,-7.282485485076904,14.14687728881836,pca_entity_mean
cockroach,T5,5,3.7284326553344727,5.803349018096924,pca_entity_mean
cow,T2,5,2.0338361263275146,-20.638635635375977,pca_entity_mean
crab,T4,5,21.485761642456055,0.17460601031780243,pca_entity_mean
crayfish,T4,5,4.240767955780029,9.909797668457031,pca_entity_mean
crow,T3,5,3.4138991832733154,0.3186979293823242,pca_entity_mean
dog,T2,5,-3.224365234375,-20.372589111328125,pca_entity_mean
dolphin,T2,5,-0.24275889992713928,0.5845726728439331,pca_entity_mean
earthworm,T5,5,2.3706531524658203,7.0248494148254395,pca_entity_mean
elderly person,T1,5,-21.45122718811035,-1.54185950756073,pca_entity_mean
elephant,T2,5,4.6451592445373535,-19.05935287475586,pca_entity_mean
fly,T5,5,6.955193996429443,1.7801085710525513,pca_entity_mean
frog,T3,5,11.31353759765625,-10.487890243530273,pca_entity_mean
gecko,T3,5,0.3797091245651245,9.836729049682617,pca_entity_mean
horse,T2,5,-1.0256332159042358,-21.798866271972656,pca_entity_mean
infant,T1,5,-19.688764572143555,-17.31289291381836,pca_entity_mean
lobster,T4,5,11.797101974487305,7.515968322753906,pca_entity_mean
mantis shrimp,T4,5,5.933041095733643,10.071577072143555,pca_entity_mean
mite,T5,5,-1.3419559001922607,12.15152645111084,pca_entity_mean
moss,T6,5,6.932408809661865,18.4476375579834,pca_entity_mean
moth,T5,5,12.463342666625977,7.222070693969727,pca_entity_mean
mushroom,T6,5,8.789196014404297,12.904189109802246,pca_entity_mean
mussel,T4,5,7.31455659866333,10.806273460388184,pca_entity_mean
nematode,T5,5,6.713729381561279,7.602572441101074,pca_entity_mean
oak tree,T6,5,-1.0981528759002686,6.122469902038574,pca_entity_mean
octopus,T4,5,4.74686861038208,4.889674186706543,pca_entity_mean
patient,T1,5,-25.20867919921875,-5.6807756423950195,pca_entity_mean
pig,T2,5,8.506841659545898,-24.956594467163086,pca_entity_mean
pigeon,T3,5,8.39798355102539,-16.5643253326416,pca_entity_mean
prisoner,T1,5,-25.02745246887207,-3.8612449169158936,pca_entity_mean
rabbit,T2,5,9.386866569519043,-16.86594581604004,pca_entity_mean
rat,T2,5,6.255869388580322,-15.332134246826172,pca_entity_mean
refugee,T1,5,-21.199081420898438,2.600327491760254,pca_entity_mean
river,T6,5,-7.954025745391846,4.768736839294434,pca_entity_mean
rock,T6,5,-7.3902812004089355,17.62506866455078,pca_entity_mean
salmon,T3,5,15.939017295837402,-6.726067543029785,pca_entity_mean
seaweed,T6,5,2.2218918800354004,12.19623851776123,pca_entity_mean
shrimp,T4,5,18.733318328857422,2.436939001083374,pca_entity_mean
snake,T3,5,8.586419105529785,-7.405474662780762,pca_entity_mean
soldier,T1,5,-22.953628540039062,-0.8693230748176575,pca_entity_mean
squid,T4,5,5.439143180847168,5.328269958496094,pca_entity_mean
statue,T6,5,-11.899880409240723,8.722673416137695,pca_entity_mean
table,T6,5,-12.406500816345215,10.435829162597656,pca_entity_mean
teenager,T1,5,-27.6920166015625,-4.729919910430908,pca_entity_mean
trout,T3,5,15.257832527160645,-7.354275226593018,pca_entity_mean
tuna,T3,5,3.6902027130126953,6.703380584716797,pca_entity_mean
whale,T2,5,5.57936954498291,-12.413739204406738,pca_entity_mean
woman,T1,5,-25.600780487060547,-1.5383044481277466,pca_entity_mean
woodlouse,T5,5,0.6921716332435608,10.934605598449707,pca_entity_mean
worker,T1,5,-22.825634002685547,2.3028504848480225,pca_entity_mean
zebrafish,T3,5,11.879233360290527,-12.525860786437988,pca_entity_mean
ant,T5,6,8.032211303710938,5.888404846191406,pca_entity_mean
aphid,T5,6,7.717501163482666,8.37057876586914,pca_entity_mean
bacterium,T6,6,-5.4581990242004395,10.875113487243652,pca_entity_mean
bee,T4,6,13.217490196228027,-0.5355502963066101,pca_entity_mean
beetle,T5,6,10.127226829528809,7.084537029266357,pca_entity_mean
bumblebee,T4,6,2.9574062824249268,7.608459949493408,pca_entity_mean
chicken,T3,6,10.134662628173828,-14.083501815795898,pca_entity_mean
child,T1,6,-23.777189254760742,-8.04377269744873,pca_entity_mean
chimpanzee,T2,6,-0.9107672572135925,0.9235497713088989,pca_entity_mean
cloud,T6,6,-7.272517204284668,14.56491470336914,pca_entity_mean
cockroach,T5,6,5.044683456420898,5.49348258972168,pca_entity_mean
cow,T2,6,-0.4967687427997589,-20.560022354125977,pca_entity_mean
crab,T4,6,20.6942195892334,-0.3130374550819397,pca_entity_mean
crayfish,T4,6,5.331243515014648,9.110129356384277,pca_entity_mean
crow,T3,6,4.120532035827637,-0.13922278583049774,pca_entity_mean
dog,T2,6,-5.922445297241211,-20.128524780273438,pca_entity_mean
dolphin,T2,6,1.2420159578323364,-0.08014173060655594,pca_entity_mean
earthworm,T5,6,2.3908350467681885,6.053534507751465,pca_entity_mean
elderly person,T1,6,-21.228124618530273,0.25174593925476074,pca_entity_mean
elephant,T2,6,4.210287570953369,-19.364665985107422,pca_entity_mean
fly,T5,6,6.92861795425415,1.7741873264312744,pca_entity_mean
frog,T3,6,11.876263618469238,-11.28873348236084,pca_entity_mean
gecko,T3,6,1.3362919092178345,9.73853874206543,pca_entity_mean
horse,T2,6,-3.697005271911621,-22.112760543823242,pca_entity_mean
infant,T1,6,-20.82792091369629,-14.147103309631348,pca_entity_mean
lobster,T4,6,12.084331512451172,6.203890800476074,pca_entity_mean
mantis shrimp,T4,6,7.793981075286865,9.406511306762695,pca_entity_mean
mite,T5,6,-1.1025556325912476,11.50326919555664,pca_entity_mean
moss,T6,6,7.350780963897705,18.331331253051758,pca_entity_mean
moth,T5,6,12.925844192504883,7.136270046234131,pca_entity_mean
mushroom,T6,6,8.455771446228027,12.162997245788574,pca_entity_mean
mussel,T4,6,9.389739990234375,10.159647941589355,pca_entity_mean
nematode,T5,6,6.522906303405762,7.909067153930664,pca_entity_mean
oak tree,T6,6,-0.4204936921596527,4.724270343780518,pca_entity_mean
octopus,T4,6,4.969076633453369,3.4899580478668213,pca_entity_mean
patient,T1,6,-26.109495162963867,-4.724053859710693,pca_entity_mean
pig,T2,6,6.2744903564453125,-26.56760597229004,pca_entity_mean
pigeon,T3,6,7.742072582244873,-18.114076614379883,pca_entity_mean
prisoner,T1,6,-25.803192138671875,-2.455725908279419,pca_entity_mean
rabbit,T2,6,7.823993682861328,-17.87284278869629,pca_entity_mean
rat,T2,6,4.866727352142334,-16.16929817199707,pca_entity_mean
refugee,T1,6,-21.098817825317383,6.175788402557373,pca_entity_mean
river,T6,6,-6.531431674957275,5.227695465087891,pca_entity_mean
rock,T6,6,-7.520589351654053,16.816604614257812,pca_entity_mean
salmon,T3,6,15.586336135864258,-7.070458889007568,pca_entity_mean
seaweed,T6,6,2.771144390106201,12.882925987243652,pca_entity_mean
shrimp,T4,6,18.403879165649414,2.4091897010803223,pca_entity_mean
snake,T3,6,8.181458473205566,-7.150224685668945,pca_entity_mean
soldier,T1,6,-23.775310516357422,-0.43527132272720337,pca_entity_mean
squid,T4,6,6.724380016326904,4.9533162117004395,pca_entity_mean
statue,T6,6,-11.661056518554688,8.178210258483887,pca_entity_mean
table,T6,6,-12.088539123535156,8.852829933166504,pca_entity_mean
teenager,T1,6,-28.67296600341797,-2.4796853065490723,pca_entity_mean
trout,T3,6,14.936811447143555,-6.54050350189209,pca_entity_mean
tuna,T3,6,4.526636123657227,5.0436835289001465,pca_entity_mean
whale,T2,6,4.801324367523193,-10.45263957977295,pca_entity_mean
woman,T1,6,-25.274681091308594,-1.0195152759552002,pca_entity_mean
woodlouse,T5,6,2.142077922821045,11.101819038391113,pca_entity_mean
worker,T1,6,-22.41471290588379,3.306535482406616,pca_entity_mean
zebrafish,T3,6,12.429540634155273,-11.864095687866211,pca_entity_mean
ant,T5,7,8.090166091918945,-6.32811164855957,pca_entity_mean
aphid,T5,7,9.274778366088867,-8.779580116271973,pca_entity_mean
bacterium,T6,7,-2.825788974761963,-11.906835556030273,pca_entity_mean
bee,T4,7,13.03754711151123,0.7113820910453796,pca_entity_mean
beetle,T5,7,11.38310718536377,-7.206302165985107,pca_entity_mean
bumblebee,T4,7,3.6219844818115234,-8.034756660461426,pca_entity_mean
chicken,T3,7,7.903251647949219,13.831412315368652,pca_entity_mean
child,T1,7,-24.834148406982422,7.963359832763672,pca_entity_mean
chimpanzee,T2,7,0.3128363788127899,-1.5508891344070435,pca_entity_mean
cloud,T6,7,-7.241039276123047,-15.461084365844727,pca_entity_mean
cockroach,T5,7,5.212977409362793,-5.6428351402282715,pca_entity_mean
cow,T2,7,-2.218729019165039,19.586429595947266,pca_entity_mean
crab,T4,7,21.613590240478516,2.815598487854004,pca_entity_mean
crayfish,T4,7,5.511404037475586,-9.287659645080566,pca_entity_mean
crow,T3,7,3.2748029232025146,-2.485563278198242,pca_entity_mean
dog,T2,7,-7.87429666519165,20.96317481994629,pca_entity_mean
dolphin,T2,7,1.2600090503692627,0.4579238295555115,pca_entity_mean
earthworm,T5,7,3.245195150375366,-5.6329803466796875,pca_entity_mean
elderly person,T1,7,-22.455278396606445,-1.6948704719543457,pca_entity_mean
elephant,T2,7,3.9360969066619873,20.240312576293945,pca_entity_mean
fly,T5,7,7.237438678741455,-2.2834439277648926,pca_entity_mean
frog,T3,7,11.061312675476074,11.554911613464355,pca_entity_mean
gecko,T3,7,2.541051149368286,-9.742789268493652,pca_entity_mean
horse,T2,7,-5.7105302810668945,23.352893829345703,pca_entity_mean
infant,T1,7,-22.564197540283203,13.60061264038086,pca_entity_mean
lobster,T4,7,12.498077392578125,-5.100741386413574,pca_entity_mean
mantis shrimp,T4,7,10.008829116821289,-8.785809516906738,pca_entity_mean
mite,T5,7,0.16816926002502441,-11.819477081298828,pca_entity_mean
moss,T6,7,8.467004776000977,-17.69438934326172,pca_entity_mean
moth,T5,7,14.362945556640625,-7.129213809967041,pca_entity_mean
mushroom,T6,7,9.261435508728027,-11.923583984375,pca_entity_mean
mussel,T4,7,11.617523193359375,-9.132545471191406,pca_entity_mean
nematode,T5,7,9.719579696655273,-8.534214973449707,pca_entity_mean
oak tree,T6,7,-1.7658690214157104,-4.802974224090576,pca_entity_mean
octopus,T4,7,5.398504257202148,-3.0983645915985107,pca_entity_mean
patient,T1,7,-26.88655662536621,2.682631015777588,pca_entity_mean
pig,T2,7,4.514868259429932,26.040199279785156,pca_entity_mean
pigeon,T3,7,6.628646373748779,18.0075626373291,pca_entity_mean
prisoner,T1,7,-25.775535583496094,1.1754741668701172,pca_entity_mean
rabbit,T2,7,6.832376956939697,18.04136848449707,pca_entity_mean
rat,T2,7,4.540098667144775,14.782161712646484,pca_entity_mean
refugee,T1,7,-20.405689239501953,-5.700706958770752,pca_entity_mean
river,T6,7,-7.73372220993042,-3.6081273555755615,pca_entity_mean
rock,T6,7,-7.168681621551514,-17.324249267578125,pca_entity_mean
salmon,T3,7,14.53652572631836,8.911055564880371,pca_entity_mean
seaweed,T6,7,2.284224033355713,-11.027690887451172,pca_entity_mean
shrimp,T4,7,18.201324462890625,0.40053480863571167,pca_entity_mean
snake,T3,7,7.777286052703857,8.018120765686035,pca_entity_mean
soldier,T1,7,-23.939226150512695,-0.616092324256897,pca_entity_mean
squid,T4,7,8.082893371582031,-5.483443260192871,pca_entity_mean
statue,T6,7,-12.439847946166992,-9.393570899963379,pca_entity_mean
table,T6,7,-12.358362197875977,-10.452021598815918,pca_entity_mean
teenager,T1,7,-28.055747985839844,0.955586314201355,pca_entity_mean
trout,T3,7,13.605851173400879,10.262542724609375,pca_entity_mean
tuna,T3,7,3.443019151687622,-4.5616455078125,pca_entity_mean
whale,T2,7,5.257623195648193,12.375786781311035,pca_entity_mean
woman,T1,7,-25.73716163635254,-0.8893161416053772,pca_entity_mean
woodlouse,T5,7,2.6768932342529297,-11.212302207946777,pca_entity_mean
worker,T1,7,-22.415706634521484,-4.401919364929199,pca_entity_mean
zebrafish,T3,7,12.004899978637695,11.999041557312012,pca_entity_mean
ant,T5,8,8.295302391052246,-7.438338279724121,pca_entity_mean
aphid,T5,8,10.57055377960205,-7.810667037963867,pca_entity_mean
bacterium,T6,8,-1.1997793912887573,-11.298233032226562,pca_entity_mean
bee,T4,8,13.975128173828125,0.9571498036384583,pca_entity_mean
beetle,T5,8,12.903447151184082,-4.969309329986572,pca_entity_mean
bumblebee,T4,8,3.8005590438842773,-7.337460517883301,pca_entity_mean
chicken,T3,8,8.634933471679688,15.430112838745117,pca_entity_mean
child,T1,8,-24.91727066040039,7.21501350402832,pca_entity_mean
chimpanzee,T2,8,-0.13707731664180756,0.27982649207115173,pca_entity_mean
cloud,T6,8,-6.837949275970459,-17.235891342163086,pca_entity_mean
cockroach,T5,8,6.210686683654785,-4.150331020355225,pca_entity_mean
cow,T2,8,-3.0047106742858887,18.05695915222168,pca_entity_mean
crab,T4,8,22.135183334350586,4.275754928588867,pca_entity_mean
crayfish,T4,8,5.805182456970215,-7.85154914855957,pca_entity_mean
crow,T3,8,3.500516653060913,-2.7505247592926025,pca_entity_mean
dog,T2,8,-9.226984024047852,19.581008911132812,pca_entity_mean
dolphin,T2,8,-0.41978949308395386,0.12340463697910309,pca_entity_mean
earthworm,T5,8,2.3060836791992188,-6.2767014503479,pca_entity_mean
elderly person,T1,8,-22.830928802490234,-3.029157876968384,pca_entity_mean
elephant,T2,8,0.8039937615394592,18.753963470458984,pca_entity_mean
fly,T5,8,8.23443603515625,-0.777291476726532,pca_entity_mean
frog,T3,8,10.093206405639648,12.609138488769531,pca_entity_mean
gecko,T3,8,2.1728742122650146,-9.781496047973633,pca_entity_mean
horse,T2,8,-6.8363189697265625,21.483001708984375,pca_entity_mean
infant,T1,8,-23.019195556640625,13.594992637634277,pca_entity_mean
lobster,T4,8,12.533199310302734,-3.405935287475586,pca_entity_mean
mantis shrimp,T4,8,10.43455696105957,-9.14024829864502,pca_entity_mean
mite,T5,8,0.567693829536438,-12.769116401672363,pca_entity_mean
moss,T6,8,10.606134414672852,-19.934003829956055,pca_entity_mean
moth,T5,8,16.553865432739258,-7.276557445526123,pca_entity_mean
mushroom,T6,8,13.032469749450684,-10.590073585510254,pca_entity_mean
mussel,T4,8,14.229516983032227,-10.126720428466797,pca_entity_mean
nematode,T5,8,10.79736042022705,-6.350540637969971,pca_entity_mean
oak tree,T6,8,-0.9938434958457947,-6.7140421867370605,pca_entity_mean
octopus,T4,8,5.257659435272217,-3.028672933578491,pca_entity_mean
patient,T1,8,-28.156204223632812,2.595702648162842,pca_entity_mean
pig,T2,8,3.068614959716797,26.643856048583984,pca_entity_mean
pigeon,T3,8,5.710204601287842,18.496978759765625,pca_entity_mean
prisoner,T1,8,-25.330726623535156,1.3145853281021118,pca_entity_mean
rabbit,T2,8,5.636596202850342,19.015254974365234,pca_entity_mean
rat,T2,8,3.955465078353882,17.37708282470703,pca_entity_mean
refugee,T1,8,-19.10202407836914,-5.635078430175781,pca_entity_mean
river,T6,8,-9.774367332458496,-5.7509613037109375,pca_entity_mean
rock,T6,8,-7.773626327514648,-17.832412719726562,pca_entity_mean
salmon,T3,8,14.757843017578125,8.906810760498047,pca_entity_mean
seaweed,T6,8,1.8025723695755005,-12.29590129852295,pca_entity_mean
shrimp,T4,8,18.901321411132812,2.4504458904266357,pca_entity_mean
snake,T3,8,5.839694023132324,7.140673637390137,pca_entity_mean
soldier,T1,8,-23.965835571289062,-1.6854075193405151,pca_entity_mean
squid,T4,8,8.1349515914917,-4.172050476074219,pca_entity_mean
statue,T6,8,-14.165837287902832,-7.93406343460083,pca_entity_mean
table,T6,8,-13.491679191589355,-12.203988075256348,pca_entity_mean
teenager,T1,8,-27.382299423217773,-0.4975452423095703,pca_entity_mean
trout,T3,8,13.733572959899902,9.376053810119629,pca_entity_mean
tuna,T3,8,3.5922152996063232,-3.894310712814331,pca_entity_mean
whale,T2,8,2.1799516677856445,11.936247825622559,pca_entity_mean
woman,T1,8,-25.38019561767578,-2.4759418964385986,pca_entity_mean
woodlouse,T5,8,3.524273157119751,-10.952399253845215,pca_entity_mean
worker,T1,8,-22.019948959350586,-5.268301963806152,pca_entity_mean
zebrafish,T3,8,11.67475700378418,13.027154922485352,pca_entity_mean
ant,T5,9,-6.925396919250488,5.933599948883057,pca_entity_mean
aphid,T5,9,-8.967745780944824,7.353611469268799,pca_entity_mean
bacterium,T6,9,3.9723453521728516,9.869230270385742,pca_entity_mean
bee,T4,9,-14.304244995117188,-2.0191469192504883,pca_entity_mean
beetle,T5,9,-12.573562622070312,4.99268102645874,pca_entity_mean
bumblebee,T4,9,-3.2362709045410156,7.798827648162842,pca_entity_mean
chicken,T3,9,-10.277996063232422,-14.636744499206543,pca_entity_mean
child,T1,9,23.70104217529297,-9.055353164672852,pca_entity_mean
chimpanzee,T2,9,0.051415517926216125,0.6784875392913818,pca_entity_mean
cloud,T6,9,7.4061126708984375,15.502298355102539,pca_entity_mean
cockroach,T5,9,-6.233301639556885,3.9465043544769287,pca_entity_mean
cow,T2,9,0.2643824517726898,-16.617252349853516,pca_entity_mean
crab,T4,9,-22.758821487426758,-2.7495925426483154,pca_entity_mean
crayfish,T4,9,-4.991964340209961,8.49673080444336,pca_entity_mean
crow,T3,9,-5.865074157714844,0.0055948784574866295,pca_entity_mean
dog,T2,9,4.730576992034912,-20.482402801513672,pca_entity_mean
dolphin,T2,9,0.5020907521247864,0.4410746693611145,pca_entity_mean
earthworm,T5,9,-0.8773155212402344,7.331219673156738,pca_entity_mean
elderly person,T1,9,22.985206604003906,1.5202196836471558,pca_entity_mean
elephant,T2,9,-3.1092236042022705,-17.66377830505371,pca_entity_mean
fly,T5,9,-9.951615333557129,-2.321840286254883,pca_entity_mean
frog,T3,9,-12.058521270751953,-11.732139587402344,pca_entity_mean
gecko,T3,9,-1.304465651512146,9.250758171081543,pca_entity_mean
horse,T2,9,2.5770840644836426,-21.81669044494629,pca_entity_mean
infant,T1,9,21.442441940307617,-13.425054550170898,pca_entity_mean
lobster,T4,9,-12.090877532958984,6.24230432510376,pca_entity_mean
mantis shrimp,T4,9,-8.77325439453125,9.642346382141113,pca_entity_mean
mite,T5,9,1.039146900177002,12.826167106628418,pca_entity_mean
moss,T6,9,-7.655345439910889,23.365795135498047,pca_entity_mean
moth,T5,9,-15.190618515014648,6.167290210723877,pca_entity_mean
mushroom,T6,9,-11.041165351867676,13.740084648132324,pca_entity_mean
mussel,T4,9,-11.681473731994629,12.02929973602295,pca_entity_mean
nematode,T5,9,-8.414018630981445,7.318885803222656,pca_entity_mean
oak tree,T6,9,2.622492551803589,9.126994132995605,pca_entity_mean
octopus,T4,9,-4.206260681152344,4.425234317779541,pca_entity_mean
patient,T1,9,28.19483757019043,-6.803427696228027,pca_entity_mean
pig,T2,9,-6.758779525756836,-25.507057189941406,pca_entity_mean
pigeon,T3,9,-8.017574310302734,-18.404733657836914,pca_entity_mean
prisoner,T1,9,25.706161499023438,-5.065840721130371,pca_entity_mean
rabbit,T2,9,-8.511273384094238,-19.320043563842773,pca_entity_mean
rat,T2,9,-7.56110143661499,-18.94389533996582,pca_entity_mean
refugee,T1,9,20.423828125,3.215320348739624,pca_entity_mean
river,T6,9,10.873407363891602,4.973842144012451,pca_entity_mean
rock,T6,9,7.526436805725098,16.844024658203125,pca_entity_mean
salmon,T3,9,-15.044262886047363,-5.455618858337402,pca_entity_mean
seaweed,T6,9,0.573053777217865,14.42552375793457,pca_entity_mean
shrimp,T4,9,-17.84929656982422,0.40825212001800537,pca_entity_mean
snake,T3,9,-7.803826332092285,-7.2929863929748535,pca_entity_mean
soldier,T1,9,24.977651596069336,-1.2728254795074463,pca_entity_mean
squid,T4,9,-7.055230617523193,5.453873157501221,pca_entity_mean
statue,T6,9,12.19591999053955,7.380463600158691,pca_entity_mean
table,T6,9,14.002525329589844,11.01229190826416,pca_entity_mean
teenager,T1,9,27.735998153686523,-2.2682220935821533,pca_entity_mean
trout,T3,9,-14.510710716247559,-6.6976704597473145,pca_entity_mean
tuna,T3,9,-2.1732709407806396,6.593193054199219,pca_entity_mean
whale,T2,9,-2.5007669925689697,-10.716777801513672,pca_entity_mean
woman,T1,9,25.813295364379883,0.12155375629663467,pca_entity_mean
woodlouse,T5,9,-1.8394076824188232,12.340041160583496,pca_entity_mean
worker,T1,9,23.260732650756836,1.620245337486267,pca_entity_mean
zebrafish,T3,9,-10.463977813720703,-12.124755859375,pca_entity_mean
ant,T5,10,4.877849578857422,7.349041938781738,pca_entity_mean
aphid,T5,10,8.660981178283691,8.300091743469238,pca_entity_mean
bacterium,T6,10,-2.667121410369873,11.69472885131836,pca_entity_mean
bee,T4,10,14.935135841369629,-0.6621955037117004,pca_entity_mean
beetle,T5,10,13.075157165527344,6.220674514770508,pca_entity_mean
bumblebee,T4,10,3.9564290046691895,7.331822395324707,pca_entity_mean
chicken,T3,10,10.241668701171875,-16.003347396850586,pca_entity_mean
child,T1,10,-26.64686393737793,-9.3250732421875,pca_entity_mean
chimpanzee,T2,10,0.07631048560142517,-1.8894524574279785,pca_entity_mean
cloud,T6,10,-7.380701065063477,14.96427059173584,pca_entity_mean
cockroach,T5,10,6.880468368530273,2.5784106254577637,pca_entity_mean
cow,T2,10,-0.17717529833316803,-20.431575775146484,pca_entity_mean
crab,T4,10,22.29939079284668,-1.0383745431900024,pca_entity_mean
crayfish,T4,10,5.214146614074707,7.699032306671143,pca_entity_mean
crow,T3,10,6.449644565582275,-4.386656761169434,pca_entity_mean
dog,T2,10,-5.428027629852295,-24.197364807128906,pca_entity_mean
dolphin,T2,10,-0.9391406178474426,-0.6680541038513184,pca_entity_mean
earthworm,T5,10,1.6813246011734009,7.606228828430176,pca_entity_mean
elderly person,T1,10,-23.993783950805664,2.7590930461883545,pca_entity_mean
elephant,T2,10,2.834899663925171,-18.329660415649414,pca_entity_mean
fly,T5,10,10.078119277954102,-1.4431699514389038,pca_entity_mean
frog,T3,10,12.103472709655762,-12.074572563171387,pca_entity_mean
gecko,T3,10,2.7774081230163574,8.333500862121582,pca_entity_mean
horse,T2,10,-3.1274712085723877,-24.142356872558594,pca_entity_mean
infant,T1,10,-24.155752182006836,-11.860783576965332,pca_entity_mean
lobster,T4,10,11.681732177734375,6.085367202758789,pca_entity_mean
mantis shrimp,T4,10,8.617192268371582,9.257734298706055,pca_entity_mean
mite,T5,10,-0.9048115611076355,12.594517707824707,pca_entity_mean
moss,T6,10,9.444225311279297,21.865535736083984,pca_entity_mean
moth,T5,10,14.982843399047852,7.23778772354126,pca_entity_mean
mushroom,T6,10,12.04462718963623,13.86960220336914,pca_entity_mean
mussel,T4,10,12.930798530578613,12.187148094177246,pca_entity_mean
nematode,T5,10,9.007542610168457,8.909605026245117,pca_entity_mean
oak tree,T6,10,-1.2424192428588867,8.667469024658203,pca_entity_mean
octopus,T4,10,3.912139415740967,3.7305421829223633,pca_entity_mean
patient,T1,10,-27.733806610107422,-3.904888153076172,pca_entity_mean
pig,T2,10,6.285627365112305,-29.143970489501953,pca_entity_mean
pigeon,T3,10,7.902101039886475,-20.622421264648438,pca_entity_mean
prisoner,T1,10,-26.05910301208496,-3.6664187908172607,pca_entity_mean
rabbit,T2,10,8.342531204223633,-21.22335433959961,pca_entity_mean
rat,T2,10,7.865785598754883,-21.44424819946289,pca_entity_mean
refugee,T1,10,-20.356204986572266,4.856967449188232,pca_entity_mean
river,T6,10,-10.851960182189941,7.1570539474487305,pca_entity_mean
rock,T6,10,-6.2102203369140625,16.267681121826172,pca_entity_mean
salmon,T3,10,14.472152709960938,-3.1703383922576904,pca_entity_mean
seaweed,T6,10,0.0995037704706192,14.786855697631836,pca_entity_mean
shrimp,T4,10,17.52253532409668,2.901719808578491,pca_entity_mean
snake,T3,10,7.0816755294799805,-7.931453704833984,pca_entity_mean
soldier,T1,10,-25.090911865234375,0.815761148929596,pca_entity_mean
squid,T4,10,7.120094299316406,4.400380611419678,pca_entity_mean
statue,T6,10,-12.55277156829834,8.389715194702148,pca_entity_mean
table,T6,10,-13.313798904418945,10.798399925231934,pca_entity_mean
teenager,T1,10,-29.124279022216797,-0.3426158130168915,pca_entity_mean
trout,T3,10,14.112346649169922,-4.390202045440674,pca_entity_mean
tuna,T3,10,2.0186281204223633,6.867943286895752,pca_entity_mean
whale,T2,10,2.740960121154785,-11.323859214782715,pca_entity_mean
woman,T1,10,-26.420265197753906,0.49455246329307556,pca_entity_mean
woodlouse,T5,10,3.0941989421844482,11.542096138000488,pca_entity_mean
worker,T1,10,-23.092893600463867,3.7990119457244873,pca_entity_mean
zebrafish,T3,10,10.047789573669434,-8.704022407531738,pca_entity_mean
ant,T5,11,2.8572771549224854,7.675312519073486,pca_entity_mean
aphid,T5,11,7.680441856384277,8.12484073638916,pca_entity_mean
bacterium,T6,11,-2.2318429946899414,11.555580139160156,pca_entity_mean
bee,T4,11,16.864517211914062,-0.869208574295044,pca_entity_mean
beetle,T5,11,13.01143741607666,6.302433967590332,pca_entity_mean
bumblebee,T4,11,4.0859761238098145,7.609276294708252,pca_entity_mean
chicken,T3,11,11.57287883758545,-15.517128944396973,pca_entity_mean
child,T1,11,-26.327116012573242,-10.113770484924316,pca_entity_mean
chimpanzee,T2,11,-0.48293644189834595,-1.4079941511154175,pca_entity_mean
cloud,T6,11,-8.285135269165039,12.929558753967285,pca_entity_mean
cockroach,T5,11,6.343209266662598,1.7677830457687378,pca_entity_mean
cow,T2,11,1.8954122066497803,-21.2479305267334,pca_entity_mean
crab,T4,11,21.46428871154785,0.02163785509765148,pca_entity_mean
crayfish,T4,11,4.115890026092529,7.628053665161133,pca_entity_mean
crow,T3,11,5.966230869293213,-5.526329040527344,pca_entity_mean
dog,T2,11,-4.893092632293701,-22.639108657836914,pca_entity_mean
dolphin,T2,11,-1.7017265558242798,0.08735474944114685,pca_entity_mean
earthworm,T5,11,0.7044813632965088,6.595780849456787,pca_entity_mean
elderly person,T1,11,-23.520849227905273,2.2616894245147705,pca_entity_mean
elephant,T2,11,2.7256693840026855,-17.267807006835938,pca_entity_mean
fly,T5,11,10.727367401123047,-1.4885714054107666,pca_entity_mean
frog,T3,11,13.097624778747559,-11.101343154907227,pca_entity_mean
gecko,T3,11,1.2760800123214722,8.015181541442871,pca_entity_mean
horse,T2,11,-2.1605162620544434,-23.738361358642578,pca_entity_mean
infant,T1,11,-23.85480308532715,-12.064279556274414,pca_entity_mean
lobster,T4,11,10.887017250061035,7.021825313568115,pca_entity_mean
mantis shrimp,T4,11,7.219696998596191,10.399147033691406,pca_entity_mean
mite,T5,11,-1.4186769723892212,13.292468070983887,pca_entity_mean
moss,T6,11,9.501029014587402,22.897769927978516,pca_entity_mean
moth,T5,11,15.390989303588867,8.746509552001953,pca_entity_mean
mushroom,T6,11,13.092865943908691,14.960982322692871,pca_entity_mean
mussel,T4,11,12.177579879760742,13.816638946533203,pca_entity_mean
nematode,T5,11,8.503340721130371,9.396902084350586,pca_entity_mean
oak tree,T6,11,-1.959238052368164,8.182629585266113,pca_entity_mean
octopus,T4,11,3.070797920227051,4.124945640563965,pca_entity_mean
patient,T1,11,-26.879711151123047,-5.297537803649902,pca_entity_mean
pig,T2,11,8.022323608398438,-28.91813087463379,pca_entity_mean
pigeon,T3,11,9.197579383850098,-20.99077606201172,pca_entity_mean
prisoner,T1,11,-25.750873565673828,-4.538401126861572,pca_entity_mean
rabbit,T2,11,9.760653495788574,-21.470256805419922,pca_entity_mean
rat,T2,11,7.207462787628174,-20.90986442565918,pca_entity_mean
refugee,T1,11,-18.868854522705078,3.554530143737793,pca_entity_mean
river,T6,11,-11.311028480529785,5.573122978210449,pca_entity_mean
rock,T6,11,-7.497056484222412,15.309913635253906,pca_entity_mean
salmon,T3,11,14.877450942993164,-3.314042329788208,pca_entity_mean
seaweed,T6,11,-0.6511664390563965,14.390093803405762,pca_entity_mean
shrimp,T4,11,17.499982833862305,3.467776298522949,pca_entity_mean
snake,T3,11,8.14640998840332,-8.152198791503906,pca_entity_mean
soldier,T1,11,-24.51089096069336,-0.5502704381942749,pca_entity_mean
squid,T4,11,5.946300029754639,4.736860752105713,pca_entity_mean
statue,T6,11,-14.307538032531738,8.701519012451172,pca_entity_mean
table,T6,11,-14.547554969787598,10.532236099243164,pca_entity_mean
teenager,T1,11,-27.41427230834961,-0.7373446822166443,pca_entity_mean
trout,T3,11,14.505951881408691,-3.6560163497924805,pca_entity_mean
tuna,T3,11,1.5238276720046997,7.639169692993164,pca_entity_mean
whale,T2,11,3.6821234226226807,-10.567670822143555,pca_entity_mean
woman,T1,11,-25.09388542175293,-0.5388205647468567,pca_entity_mean
woodlouse,T5,11,2.079195261001587,11.399560928344727,pca_entity_mean
worker,T1,11,-22.842445373535156,2.4887335300445557,pca_entity_mean
zebrafish,T3,11,9.829890251159668,-8.584644317626953,pca_entity_mean
ant,T5,12,1.438010811805725,5.122116565704346,pca_entity_mean
aphid,T5,12,4.985873222351074,6.848847389221191,pca_entity_mean
bacterium,T6,12,-4.388725757598877,10.543986320495605,pca_entity_mean
bee,T4,12,15.486920356750488,-3.2217493057250977,pca_entity_mean
beetle,T5,12,10.623477935791016,4.746366024017334,pca_entity_mean
bumblebee,T4,12,2.5704050064086914,6.627347469329834,pca_entity_mean
chicken,T3,12,12.717604637145996,-15.882518768310547,pca_entity_mean
child,T1,12,-26.34713363647461,-11.267486572265625,pca_entity_mean
chimpanzee,T2,12,-1.1078763008117676,-1.4652225971221924,pca_entity_mean
cloud,T6,12,-7.99114465713501,12.024372100830078,pca_entity_mean
cockroach,T5,12,5.366824626922607,0.7297510504722595,pca_entity_mean
cow,T2,12,2.5664443969726562,-23.110652923583984,pca_entity_mean
crab,T4,12,22.449909210205078,2.3305020332336426,pca_entity_mean
crayfish,T4,12,4.04142951965332,8.460831642150879,pca_entity_mean
crow,T3,12,6.989709854125977,-6.62992000579834,pca_entity_mean
dog,T2,12,-4.746262550354004,-23.975584030151367,pca_entity_mean
dolphin,T2,12,-0.6554986238479614,0.9323947429656982,pca_entity_mean
earthworm,T5,12,-0.403215229511261,6.756917476654053,pca_entity_mean
elderly person,T1,12,-23.951967239379883,0.9563822150230408,pca_entity_mean
elephant,T2,12,3.324065923690796,-16.58650016784668,pca_entity_mean
fly,T5,12,11.014375686645508,-2.4143292903900146,pca_entity_mean
frog,T3,12,12.419029235839844,-10.278302192687988,pca_entity_mean
gecko,T3,12,0.7366388440132141,8.224316596984863,pca_entity_mean
horse,T2,12,-1.5526124238967896,-24.662033081054688,pca_entity_mean
infant,T1,12,-23.148273468017578,-13.947056770324707,pca_entity_mean
lobster,T4,12,11.808698654174805,8.886724472045898,pca_entity_mean
mantis shrimp,T4,12,6.095482349395752,10.547937393188477,pca_entity_mean
mite,T5,12,-2.48081374168396,11.797759056091309,pca_entity_mean
moss,T6,12,7.3364715576171875,21.518190383911133,pca_entity_mean
moth,T5,12,12.461042404174805,5.701271057128906,pca_entity_mean
mushroom,T6,12,11.497505187988281,13.787857055664062,pca_entity_mean
mussel,T4,12,12.223185539245605,13.534916877746582,pca_entity_mean
nematode,T5,12,6.0810747146606445,9.399271965026855,pca_entity_mean
oak tree,T6,12,-2.543182134628296,7.608500003814697,pca_entity_mean
octopus,T4,12,3.5165629386901855,5.253270149230957,pca_entity_mean
patient,T1,12,-26.663297653198242,-5.339866638183594,pca_entity_mean
pig,T2,12,9.942900657653809,-30.93682289123535,pca_entity_mean
pigeon,T3,12,10.491466522216797,-22.568340301513672,pca_entity_mean
prisoner,T1,12,-24.730785369873047,-4.361790180206299,pca_entity_mean
rabbit,T2,12,9.194466590881348,-20.44739532470703,pca_entity_mean
rat,T2,12,6.952694892883301,-19.887081146240234,pca_entity_mean
refugee,T1,12,-18.031435012817383,3.0040831565856934,pca_entity_mean
river,T6,12,-8.896442413330078,8.769344329833984,pca_entity_mean
rock,T6,12,-7.34376335144043,16.84660530090332,pca_entity_mean
salmon,T3,12,18.131669998168945,0.4773493707180023,pca_entity_mean
seaweed,T6,12,1.865020513534546,17.05990982055664,pca_entity_mean
shrimp,T4,12,18.098400115966797,6.504080772399902,pca_entity_mean
snake,T3,12,8.002069473266602,-6.8086466789245605,pca_entity_mean
soldier,T1,12,-23.623891830444336,-1.3333544731140137,pca_entity_mean
squid,T4,12,6.981854438781738,6.867560863494873,pca_entity_mean
statue,T6,12,-14.787864685058594,7.802476406097412,pca_entity_mean
table,T6,12,-15.5650053024292,9.704387664794922,pca_entity_mean
teenager,T1,12,-26.821672439575195,-1.3362374305725098,pca_entity_mean
trout,T3,12,15.880889892578125,-0.09925548732280731,pca_entity_mean
tuna,T3,12,2.6302077770233154,9.020041465759277,pca_entity_mean
whale,T2,12,6.923794746398926,-8.19406795501709,pca_entity_mean
woman,T1,12,-25.581789016723633,-1.940072774887085,pca_entity_mean
woodlouse,T5,12,0.8225398659706116,10.715263366699219,pca_entity_mean
worker,T1,12,-23.34347915649414,1.9178787469863892,pca_entity_mean
zebrafish,T3,12,11.037444114685059,-4.3344645500183105,pca_entity_mean
ant,T5,13,-0.32049503922462463,5.32112455368042,pca_entity_mean
aphid,T5,13,2.8282017707824707,8.034836769104004,pca_entity_mean
bacterium,T6,13,-7.692086696624756,8.534974098205566,pca_entity_mean
bee,T4,13,15.98422908782959,0.47898614406585693,pca_entity_mean
beetle,T5,13,9.036534309387207,6.055674076080322,pca_entity_mean
bumblebee,T4,13,1.2011462450027466,6.51730489730835,pca_entity_mean
chicken,T3,13,15.684340476989746,-11.494489669799805,pca_entity_mean
child,T1,13,-24.042329788208008,-16.131839752197266,pca_entity_mean
chimpanzee,T2,13,-0.935396134853363,-1.1535303592681885,pca_entity_mean
cloud,T6,13,-10.436676025390625,10.983084678649902,pca_entity_mean
cockroach,T5,13,4.950105667114258,1.7294906377792358,pca_entity_mean
cow,T2,13,7.287588596343994,-22.6106014251709,pca_entity_mean
crab,T4,13,21.294347763061523,6.4469990730285645,pca_entity_mean
crayfish,T4,13,1.9504019021987915,8.867024421691895,pca_entity_mean
crow,T3,13,8.180350303649902,-5.128871917724609,pca_entity_mean
dog,T2,13,1.900864601135254,-25.698272705078125,pca_entity_mean
dolphin,T2,13,-0.6752417683601379,0.855806291103363,pca_entity_mean
earthworm,T5,13,-1.8521900177001953,6.481112480163574,pca_entity_mean
elderly person,T1,13,-23.438190460205078,-3.508213520050049,pca_entity_mean
elephant,T2,13,7.101107120513916,-16.075307846069336,pca_entity_mean
fly,T5,13,13.369834899902344,-0.8821593523025513,pca_entity_mean
frog,T3,13,14.713578224182129,-7.4094367027282715,pca_entity_mean
gecko,T3,13,-0.33585160970687866,8.036260604858398,pca_entity_mean
horse,T2,13,3.9006893634796143,-25.884550094604492,pca_entity_mean
infant,T1,13,-20.516359329223633,-17.951961517333984,pca_entity_mean
lobster,T4,13,9.201125144958496,10.870111465454102,pca_entity_mean
mantis shrimp,T4,13,4.005507946014404,10.8568115234375,pca_entity_mean
mite,T5,13,-4.247830390930176,10.051816940307617,pca_entity_mean
moss,T6,13,2.0025875568389893,23.93573760986328,pca_entity_mean
moth,T5,13,10.419227600097656,7.603410243988037,pca_entity_mean
mushroom,T6,13,7.23610258102417,16.004634857177734,pca_entity_mean
mussel,T4,13,8.162930488586426,16.18578338623047,pca_entity_mean
nematode,T5,13,4.643266677856445,9.60667896270752,pca_entity_mean
oak tree,T6,13,-5.025025367736816,7.853898048400879,pca_entity_mean
octopus,T4,13,1.987444519996643,5.8873820304870605,pca_entity_mean
patient,T1,13,-25.085124969482422,-9.417880058288574,pca_entity_mean
pig,T2,13,16.5792179107666,-28.16805076599121,pca_entity_mean
pigeon,T3,13,15.1475830078125,-19.913633346557617,pca_entity_mean
prisoner,T1,13,-22.740848541259766,-8.642119407653809,pca_entity_mean
rabbit,T2,13,14.016573905944824,-18.319353103637695,pca_entity_mean
rat,T2,13,11.634143829345703,-18.326221466064453,pca_entity_mean
refugee,T1,13,-17.156967163085938,0.4437482953071594,pca_entity_mean
river,T6,13,-10.83711051940918,6.676121711730957,pca_entity_mean
rock,T6,13,-11.30986499786377,15.75551986694336,pca_entity_mean
salmon,T3,13,17.332979202270508,3.764845609664917,pca_entity_mean
seaweed,T6,13,-2.2676939964294434,16.654497146606445,pca_entity_mean
shrimp,T4,13,15.937371253967285,9.976140022277832,pca_entity_mean
snake,T3,13,11.04730224609375,-5.984475135803223,pca_entity_mean
soldier,T1,13,-22.81162452697754,-5.440289497375488,pca_entity_mean
squid,T4,13,5.099483013153076,8.000975608825684,pca_entity_mean
statue,T6,13,-16.40863037109375,5.444785118103027,pca_entity_mean
table,T6,13,-16.849637985229492,6.3676323890686035,pca_entity_mean
teenager,T1,13,-27.329296112060547,-6.897053241729736,pca_entity_mean
trout,T3,13,15.701589584350586,2.252314329147339,pca_entity_mean
tuna,T3,13,0.5587435364723206,9.397841453552246,pca_entity_mean
whale,T2,13,8.976664543151855,-7.235598564147949,pca_entity_mean
woman,T1,13,-24.300493240356445,-6.357763290405273,pca_entity_mean
woodlouse,T5,13,-1.3387824296951294,10.647488594055176,pca_entity_mean
worker,T1,13,-23.182191848754883,-2.820413112640381,pca_entity_mean
zebrafish,T3,13,12.062789916992188,-1.1286673545837402,pca_entity_mean
ant,T5,14,0.858718752861023,-6.766927242279053,pca_entity_mean
aphid,T5,14,-2.2000393867492676,-9.385107040405273,pca_entity_mean
bacterium,T6,14,9.145102500915527,-9.932560920715332,pca_entity_mean
bee,T4,14,-15.09261703491211,-0.8522558808326721,pca_entity_mean
beetle,T5,14,-8.429632186889648,-6.90741491317749,pca_entity_mean
bumblebee,T4,14,-1.5332739353179932,-6.475425720214844,pca_entity_mean
chicken,T3,14,-17.058549880981445,14.170707702636719,pca_entity_mean
child,T1,14,24.10001564025879,14.980528831481934,pca_entity_mean
chimpanzee,T2,14,0.7385052442550659,2.2832648754119873,pca_entity_mean
cloud,T6,14,9.914144515991211,-11.288629531860352,pca_entity_mean
cockroach,T5,14,-5.528313636779785,-1.891215205192566,pca_entity_mean
cow,T2,14,-7.6251397132873535,23.438629150390625,pca_entity_mean
crab,T4,14,-22.582483291625977,-7.552815914154053,pca_entity_mean
crayfish,T4,14,-2.9000418186187744,-9.006677627563477,pca_entity_mean
crow,T3,14,-8.557147026062012,7.0737433433532715,pca_entity_mean
dog,T2,14,-1.1192432641983032,27.166522979736328,pca_entity_mean
dolphin,T2,14,0.7573739886283875,-0.48619750142097473,pca_entity_mean
earthworm,T5,14,1.5114836692810059,-6.925268650054932,pca_entity_mean
elderly person,T1,14,24.250267028808594,2.9315264225006104,pca_entity_mean
elephant,T2,14,-6.5592570304870605,16.13409996032715,pca_entity_mean
fly,T5,14,-12.690993309020996,-0.2587936222553253,pca_entity_mean
frog,T3,14,-14.91624641418457,7.129263877868652,pca_entity_mean
gecko,T3,14,-0.6630281805992126,-7.547699451446533,pca_entity_mean
horse,T2,14,-2.3407444953918457,26.388113021850586,pca_entity_mean
infant,T1,14,21.32767677307129,16.32330322265625,pca_entity_mean
lobster,T4,14,-9.581618309020996,-9.95583724975586,pca_entity_mean
mantis shrimp,T4,14,-4.291817665100098,-10.747310638427734,pca_entity_mean
mite,T5,14,3.7741479873657227,-10.51323413848877,pca_entity_mean
moss,T6,14,-1.7429379224777222,-22.4744873046875,pca_entity_mean
moth,T5,14,-9.839727401733398,-9.214803695678711,pca_entity_mean
mushroom,T6,14,-6.942038536071777,-15.262239456176758,pca_entity_mean
mussel,T4,14,-8.791146278381348,-15.37594223022461,pca_entity_mean
nematode,T5,14,-4.8452677726745605,-11.719339370727539,pca_entity_mean
oak tree,T6,14,5.843134880065918,-6.862582206726074,pca_entity_mean
octopus,T4,14,-2.3161520957946777,-6.078206539154053,pca_entity_mean
patient,T1,14,25.929073333740234,9.521317481994629,pca_entity_mean
pig,T2,14,-15.896438598632812,29.20228385925293,pca_entity_mean
pigeon,T3,14,-14.526525497436523,21.2726993560791,pca_entity_mean
prisoner,T1,14,23.515512466430664,8.554113388061523,pca_entity_mean
rabbit,T2,14,-13.0192289352417,18.69211769104004,pca_entity_mean
rat,T2,14,-10.450386047363281,17.09805679321289,pca_entity_mean
refugee,T1,14,16.485740661621094,-0.9212431907653809,pca_entity_mean
river,T6,14,9.976901054382324,-7.437213897705078,pca_entity_mean
rock,T6,14,9.522059440612793,-14.952754974365234,pca_entity_mean
salmon,T3,14,-18.247425079345703,-2.357227325439453,pca_entity_mean
seaweed,T6,14,2.0412580966949463,-16.593154907226562,pca_entity_mean
shrimp,T4,14,-17.029563903808594,-9.929004669189453,pca_entity_mean
snake,T3,14,-11.980964660644531,5.5582404136657715,pca_entity_mean
soldier,T1,14,23.577329635620117,4.749485969543457,pca_entity_mean
squid,T4,14,-4.7176899909973145,-7.646449089050293,pca_entity_mean
statue,T6,14,16.61163902282715,-4.728205680847168,pca_entity_mean
table,T6,14,15.837358474731445,-6.805163383483887,pca_entity_mean
teenager,T1,14,28.314769744873047,6.22089147567749,pca_entity_mean
trout,T3,14,-15.553425788879395,-1.8209232091903687,pca_entity_mean
tuna,T3,14,-1.2787668704986572,-8.921307563781738,pca_entity_mean
whale,T2,14,-9.056571960449219,7.905517101287842,pca_entity_mean
woman,T1,14,25.090221405029297,5.495772361755371,pca_entity_mean
woodlouse,T5,14,0.9428236484527588,-10.115862846374512,pca_entity_mean
worker,T1,14,22.073118209838867,2.243169069290161,pca_entity_mean
zebrafish,T3,14,-12.233956336975098,1.176073431968689,pca_entity_mean
ant,T5,15,-1.5584297180175781,-5.251030921936035,pca_entity_mean
aphid,T5,15,1.4698100090026855,-8.682537078857422,pca_entity_mean
bacterium,T6,15,-8.678108215332031,-9.465960502624512,pca_entity_mean
bee,T4,15,14.763606071472168,0.9625475406646729,pca_entity_mean
beetle,T5,15,7.625999927520752,-5.5899577140808105,pca_entity_mean
bumblebee,T4,15,1.6805793046951294,-5.9529805183410645,pca_entity_mean
chicken,T3,15,17.403772354125977,13.14432430267334,pca_entity_mean
child,T1,15,-24.525741577148438,15.31068229675293,pca_entity_mean
chimpanzee,T2,15,-0.10388250648975372,1.5317691564559937,pca_entity_mean
cloud,T6,15,-9.067705154418945,-12.734686851501465,pca_entity_mean
cockroach,T5,15,6.082589626312256,-0.8073686957359314,pca_entity_mean
cow,T2,15,7.992888927459717,22.653827667236328,pca_entity_mean
crab,T4,15,21.6247501373291,-6.527355194091797,pca_entity_mean
crayfish,T4,15,3.214730739593506,-9.278885841369629,pca_entity_mean
crow,T3,15,9.172155380249023,8.16722583770752,pca_entity_mean
dog,T2,15,0.11987672746181488,24.711544036865234,pca_entity_mean
dolphin,T2,15,-1.3875271081924438,-0.490365594625473,pca_entity_mean
earthworm,T5,15,-1.4931228160858154,-7.0391154289245605,pca_entity_mean
elderly person,T1,15,-23.380420684814453,3.172279119491577,pca_entity_mean
elephant,T2,15,6.110423564910889,14.886407852172852,pca_entity_mean
fly,T5,15,11.57213020324707,0.12669458985328674,pca_entity_mean
frog,T3,15,14.304139137268066,8.179009437561035,pca_entity_mean
gecko,T3,15,0.4220636785030365,-8.18087387084961,pca_entity_mean
horse,T2,15,3.156740188598633,25.131301879882812,pca_entity_mean
infant,T1,15,-21.699234008789062,15.759856224060059,pca_entity_mean
lobster,T4,15,9.633824348449707,-10.130788803100586,pca_entity_mean
mantis shrimp,T4,15,3.4418489933013916,-9.802836418151855,pca_entity_mean
mite,T5,15,-3.8783442974090576,-10.293594360351562,pca_entity_mean
moss,T6,15,2.8901209831237793,-22.509273529052734,pca_entity_mean
moth,T5,15,8.610918998718262,-6.494515419006348,pca_entity_mean
mushroom,T6,15,8.056365013122559,-14.544013023376465,pca_entity_mean
mussel,T4,15,9.34341812133789,-14.71311092376709,pca_entity_mean
nematode,T5,15,3.688621997833252,-11.539979934692383,pca_entity_mean
oak tree,T6,15,-4.917130947113037,-6.850523471832275,pca_entity_mean
octopus,T4,15,1.9574038982391357,-6.282140254974365,pca_entity_mean
patient,T1,15,-25.676795959472656,9.595588684082031,pca_entity_mean
pig,T2,15,16.682661056518555,28.64116668701172,pca_entity_mean
pigeon,T3,15,14.805115699768066,21.0820255279541,pca_entity_mean
prisoner,T1,15,-23.17574691772461,7.987974643707275,pca_entity_mean
rabbit,T2,15,12.541716575622559,17.829336166381836,pca_entity_mean
rat,T2,15,10.032999992370605,16.42072868347168,pca_entity_mean
refugee,T1,15,-15.716526985168457,-0.9586600661277771,pca_entity_mean
river,T6,15,-9.532194137573242,-7.394091606140137,pca_entity_mean
rock,T6,15,-8.173772811889648,-17.304210662841797,pca_entity_mean
salmon,T3,15,18.186738967895508,-2.9059500694274902,pca_entity_mean
seaweed,T6,15,-1.6526280641555786,-16.265583038330078,pca_entity_mean
shrimp,T4,15,16.84950828552246,-9.324166297912598,pca_entity_mean
snake,T3,15,10.790013313293457,4.699520111083984,pca_entity_mean
soldier,T1,15,-23.06981086730957,5.36101770401001,pca_entity_mean
squid,T4,15,4.687658786773682,-7.699109077453613,pca_entity_mean
statue,T6,15,-15.171945571899414,-5.270415782928467,pca_entity_mean
table,T6,15,-16.669382095336914,-7.662148475646973,pca_entity_mean
teenager,T1,15,-27.563138961791992,6.398691654205322,pca_entity_mean
trout,T3,15,14.505290031433105,-2.5629732608795166,pca_entity_mean
tuna,T3,15,2.0721330642700195,-9.512613296508789,pca_entity_mean
whale,T2,15,8.672834396362305,8.118387222290039,pca_entity_mean
woman,T1,15,-25.438310623168945,6.085880756378174,pca_entity_mean
woodlouse,T5,15,-0.9430713653564453,-9.955123901367188,pca_entity_mean
worker,T1,15,-22.4451847076416,3.251082181930542,pca_entity_mean
zebrafish,T3,15,11.752701759338379,0.7679946422576904,pca_entity_mean
ant,T5,16,1.6366634368896484,-5.048758506774902,pca_entity_mean
aphid,T5,16,-2.8471407890319824,-7.908891677856445,pca_entity_mean
bacterium,T6,16,7.087681293487549,-10.942513465881348,pca_entity_mean
bee,T4,16,-13.040680885314941,2.3670032024383545,pca_entity_mean
beetle,T5,16,-7.7552032470703125,-4.381374359130859,pca_entity_mean
bumblebee,T4,16,-2.4472105503082275,-4.743959426879883,pca_entity_mean
chicken,T3,16,-14.950302124023438,15.769692420959473,pca_entity_mean
child,T1,16,25.627376556396484,10.456494331359863,pca_entity_mean
chimpanzee,T2,16,0.15332423150539398,1.9826382398605347,pca_entity_mean
cloud,T6,16,6.49916934967041,-12.157044410705566,pca_entity_mean
cockroach,T5,16,-5.91404390335083,0.9871624112129211,pca_entity_mean
cow,T2,16,-4.18288516998291,24.837736129760742,pca_entity_mean
crab,T4,16,-20.90319061279297,-4.512192249298096,pca_entity_mean
crayfish,T4,16,-4.753355026245117,-8.143535614013672,pca_entity_mean
crow,T3,16,-6.917006969451904,10.22779369354248,pca_entity_mean
dog,T2,16,4.2845306396484375,23.519062042236328,pca_entity_mean
dolphin,T2,16,1.204555869102478,-0.5322837233543396,pca_entity_mean
earthworm,T5,16,0.72840416431427,-6.998533725738525,pca_entity_mean
elderly person,T1,16,24.5600528717041,-0.19517944753170013,pca_entity_mean
elephant,T2,16,-4.526276111602783,16.292057037353516,pca_entity_mean
fly,T5,16,-11.72028636932373,0.6814574599266052,pca_entity_mean
frog,T3,16,-13.280961990356445,9.09495735168457,pca_entity_mean
gecko,T3,16,-2.571129083633423,-7.884287357330322,pca_entity_mean
horse,T2,16,0.9734666347503662,25.217973709106445,pca_entity_mean
infant,T1,16,22.77998161315918,10.696569442749023,pca_entity_mean
lobster,T4,16,-10.812422752380371,-9.0654935836792,pca_entity_mean
mantis shrimp,T4,16,-5.2888054847717285,-8.991044998168945,pca_entity_mean
mite,T5,16,1.9268724918365479,-10.203763961791992,pca_entity_mean
moss,T6,16,-4.710331439971924,-20.22862434387207,pca_entity_mean
moth,T5,16,-8.792500495910645,-4.877829074859619,pca_entity_mean
mushroom,T6,16,-8.998343467712402,-11.902864456176758,pca_entity_mean
mussel,T4,16,-12.092665672302246,-13.538016319274902,pca_entity_mean
nematode,T5,16,-5.988147258758545,-12.116333961486816,pca_entity_mean
oak tree,T6,16,5.094639778137207,-6.840031623840332,pca_entity_mean
octopus,T4,16,-3.1944661140441895,-5.950406551361084,pca_entity_mean
patient,T1,16,27.793018341064453,5.948496341705322,pca_entity_mean
pig,T2,16,-12.58083438873291,31.121828079223633,pca_entity_mean
pigeon,T3,16,-11.541250228881836,23.80753517150879,pca_entity_mean
prisoner,T1,16,24.116104125976562,5.680628776550293,pca_entity_mean
rabbit,T2,16,-9.02962875366211,19.270511627197266,pca_entity_mean
rat,T2,16,-7.328231334686279,16.868595123291016,pca_entity_mean
refugee,T1,16,14.880623817443848,-1.8636431694030762,pca_entity_mean
river,T6,16,7.650518417358398,-10.25245189666748,pca_entity_mean
rock,T6,16,5.603179454803467,-16.633190155029297,pca_entity_mean
salmon,T3,16,-19.01305389404297,-2.0141096115112305,pca_entity_mean
seaweed,T6,16,-1.2137731313705444,-17.407712936401367,pca_entity_mean
shrimp,T4,16,-19.21358299255371,-8.400330543518066,pca_entity_mean
snake,T3,16,-10.010440826416016,5.710422515869141,pca_entity_mean
soldier,T1,16,23.59775161743164,3.1087307929992676,pca_entity_mean
squid,T4,16,-5.9274678230285645,-6.59355354309082,pca_entity_mean
statue,T6,16,14.317821502685547,-7.262793064117432,pca_entity_mean
table,T6,16,15.629679679870605,-9.854652404785156,pca_entity_mean
teenager,T1,16,28.759126663208008,2.9504854679107666,pca_entity_mean
trout,T3,16,-15.326111793518066,-2.368091583251953,pca_entity_mean
tuna,T3,16,-4.279477596282959,-9.800087928771973,pca_entity_mean
whale,T2,16,-7.6887407302856445,8.189606666564941,pca_entity_mean
woman,T1,16,26.652828216552734,3.3478801250457764,pca_entity_mean
woodlouse,T5,16,-0.6931079626083374,-9.750718116760254,pca_entity_mean
worker,T1,16,21.467180252075195,1.088944673538208,pca_entity_mean
zebrafish,T3,16,-13.491515159606934,0.14003720879554749,pca_entity_mean
ant,T5,17,-1.2828062772750854,-7.346567630767822,pca_entity_mean
aphid,T5,17,-4.995140552520752,-9.328752517700195,pca_entity_mean
bacterium,T6,17,5.677012920379639,-13.279195785522461,pca_entity_mean
bee,T4,17,-13.467290878295898,1.6251306533813477,pca_entity_mean
beetle,T5,17,-8.422452926635742,-4.058186054229736,pca_entity_mean
bumblebee,T4,17,-3.520857095718384,-5.717284679412842,pca_entity_mean
chicken,T3,17,-13.585795402526855,16.762454986572266,pca_entity_mean
child,T1,17,26.771501541137695,8.897940635681152,pca_entity_mean
chimpanzee,T2,17,-1.434516191482544,1.0503571033477783,pca_entity_mean
cloud,T6,17,6.184883117675781,-12.73104476928711,pca_entity_mean
cockroach,T5,17,-7.1288628578186035,0.6334130167961121,pca_entity_mean
cow,T2,17,-2.9145290851593018,25.35401725769043,pca_entity_mean
crab,T4,17,-20.2611141204834,-2.0880470275878906,pca_entity_mean
crayfish,T4,17,-6.631152153015137,-8.32492733001709,pca_entity_mean
crow,T3,17,-6.723296642303467,9.452408790588379,pca_entity_mean
dog,T2,17,6.107263088226318,24.2891845703125,pca_entity_mean
dolphin,T2,17,0.9396591186523438,0.501207709312439,pca_entity_mean
earthworm,T5,17,0.8661114573478699,-6.637799263000488,pca_entity_mean
elderly person,T1,17,24.83928680419922,-1.2951751947402954,pca_entity_mean
elephant,T2,17,-2.582521915435791,17.961402893066406,pca_entity_mean
fly,T5,17,-11.932416915893555,0.9879539608955383,pca_entity_mean
frog,T3,17,-11.500214576721191,10.669293403625488,pca_entity_mean
gecko,T3,17,-3.3575077056884766,-6.953275680541992,pca_entity_mean
horse,T2,17,3.2593483924865723,25.649246215820312,pca_entity_mean
infant,T1,17,23.07869529724121,9.088521957397461,pca_entity_mean
lobster,T4,17,-11.941119194030762,-7.407958984375,pca_entity_mean
mantis shrimp,T4,17,-6.562610626220703,-8.936911582946777,pca_entity_mean
mite,T5,17,0.1996423453092575,-11.10240364074707,pca_entity_mean
moss,T6,17,-5.413553237915039,-19.802490234375,pca_entity_mean
moth,T5,17,-8.971233367919922,-4.909650802612305,pca_entity_mean
mushroom,T6,17,-8.800827980041504,-10.7795991897583,pca_entity_mean
mussel,T4,17,-13.650538444519043,-12.081280708312988,pca_entity_mean
nematode,T5,17,-8.209644317626953,-12.463654518127441,pca_entity_mean
oak tree,T6,17,5.752298355102539,-7.966019153594971,pca_entity_mean
octopus,T4,17,-3.9017114639282227,-5.435821056365967,pca_entity_mean
patient,T1,17,29.38435173034668,4.902897357940674,pca_entity_mean
pig,T2,17,-10.751632690429688,31.27239227294922,pca_entity_mean
pigeon,T3,17,-9.709824562072754,24.279014587402344,pca_entity_mean
prisoner,T1,17,25.279909133911133,3.8271708488464355,pca_entity_mean
rabbit,T2,17,-6.460298538208008,20.236082077026367,pca_entity_mean
rat,T2,17,-6.723479747772217,16.29246711730957,pca_entity_mean
refugee,T1,17,13.970939636230469,-3.6498842239379883,pca_entity_mean
river,T6,17,6.859114646911621,-12.94145393371582,pca_entity_mean
rock,T6,17,5.073501110076904,-16.55381965637207,pca_entity_mean
salmon,T3,17,-18.59140968322754,0.7571090459823608,pca_entity_mean
seaweed,T6,17,-2.7255823612213135,-17.281288146972656,pca_entity_mean
shrimp,T4,17,-19.752134323120117,-5.744255065917969,pca_entity_mean
snake,T3,17,-8.617196083068848,7.586735725402832,pca_entity_mean
soldier,T1,17,25.383474349975586,1.873486876487732,pca_entity_mean
squid,T4,17,-7.193556308746338,-5.584120750427246,pca_entity_mean
statue,T6,17,15.158486366271973,-8.396063804626465,pca_entity_mean
table,T6,17,14.014876365661621,-11.684551239013672,pca_entity_mean
teenager,T1,17,31.257692337036133,2.3397934436798096,pca_entity_mean
trout,T3,17,-15.597067832946777,-0.63880854845047,pca_entity_mean
tuna,T3,17,-5.907897472381592,-9.344015121459961,pca_entity_mean
whale,T2,17,-5.818688869476318,11.115002632141113,pca_entity_mean
woman,T1,17,29.425756454467773,3.0295045375823975,pca_entity_mean
woodlouse,T5,17,-1.9657483100891113,-9.804445266723633,pca_entity_mean
worker,T1,17,21.64784049987793,-1.2916991710662842,pca_entity_mean
zebrafish,T3,17,-14.125438690185547,1.1262413263320923,pca_entity_mean
ant,T5,18,-2.301966905593872,-7.974116325378418,pca_entity_mean
aphid,T5,18,-6.102314472198486,-9.904908180236816,pca_entity_mean
bacterium,T6,18,4.999512195587158,-14.731096267700195,pca_entity_mean
bee,T4,18,-13.891794204711914,2.0811469554901123,pca_entity_mean
beetle,T5,18,-8.666049003601074,-3.964621067047119,pca_entity_mean
bumblebee,T4,18,-4.686990261077881,-5.865683078765869,pca_entity_mean
chicken,T3,18,-12.139216423034668,16.936859130859375,pca_entity_mean
child,T1,18,27.018722534179688,7.701728820800781,pca_entity_mean
chimpanzee,T2,18,-2.090986728668213,0.9633317589759827,pca_entity_mean
cloud,T6,18,4.945959091186523,-13.992974281311035,pca_entity_mean
cockroach,T5,18,-7.220078945159912,0.6044392585754395,pca_entity_mean
cow,T2,18,-1.9271557331085205,24.49904441833496,pca_entity_mean
crab,T4,18,-19.972942352294922,-0.4110652506351471,pca_entity_mean
crayfish,T4,18,-7.278558254241943,-8.168501853942871,pca_entity_mean
crow,T3,18,-6.392090320587158,9.867874145507812,pca_entity_mean
dog,T2,18,6.847111225128174,24.272247314453125,pca_entity_mean
dolphin,T2,18,0.7000542879104614,1.057193398475647,pca_entity_mean
earthworm,T5,18,1.138026475906372,-7.099767684936523,pca_entity_mean
elderly person,T1,18,25.988513946533203,-1.1491496562957764,pca_entity_mean
elephant,T2,18,-2.2344539165496826,17.24135971069336,pca_entity_mean
fly,T5,18,-11.925590515136719,0.9183401465415955,pca_entity_mean
frog,T3,18,-10.461977005004883,11.19847297668457,pca_entity_mean
gecko,T3,18,-3.707796812057495,-6.848282814025879,pca_entity_mean
horse,T2,18,4.098581314086914,24.807388305664062,pca_entity_mean
infant,T1,18,21.603145599365234,8.25609016418457,pca_entity_mean
lobster,T4,18,-11.891497611999512,-5.9055328369140625,pca_entity_mean
mantis shrimp,T4,18,-7.3093132972717285,-8.056221961975098,pca_entity_mean
mite,T5,18,-0.90194171667099,-11.461955070495605,pca_entity_mean
moss,T6,18,-6.5576491355896,-19.604936599731445,pca_entity_mean
moth,T5,18,-9.141009330749512,-4.418542385101318,pca_entity_mean
mushroom,T6,18,-9.338164329528809,-9.75516128540039,pca_entity_mean
mussel,T4,18,-14.417038917541504,-10.973040580749512,pca_entity_mean
nematode,T5,18,-9.635464668273926,-12.537803649902344,pca_entity_mean
oak tree,T6,18,5.607725620269775,-8.528035163879395,pca_entity_mean
octopus,T4,18,-3.9741432666778564,-5.315921783447266,pca_entity_mean
patient,T1,18,30.15481948852539,3.857950210571289,pca_entity_mean
pig,T2,18,-9.655823707580566,30.031436920166016,pca_entity_mean
pigeon,T3,18,-8.620738983154297,23.69449806213379,pca_entity_mean
prisoner,T1,18,26.107959747314453,3.106945514678955,pca_entity_mean
rabbit,T2,18,-4.9086198806762695,19.860525131225586,pca_entity_mean
rat,T2,18,-5.733992576599121,15.460783958435059,pca_entity_mean
refugee,T1,18,13.117981910705566,-3.1359238624572754,pca_entity_mean
river,T6,18,6.225909233093262,-13.79959487915039,pca_entity_mean
rock,T6,18,3.2651560306549072,-17.71212387084961,pca_entity_mean
salmon,T3,18,-17.5587158203125,2.9840238094329834,pca_entity_mean
seaweed,T6,18,-3.1667110919952393,-17.238468170166016,pca_entity_mean
shrimp,T4,18,-19.066556930541992,-3.421788215637207,pca_entity_mean
snake,T3,18,-7.4853596687316895,8.470386505126953,pca_entity_mean
soldier,T1,18,25.89006996154785,1.604934811592102,pca_entity_mean
squid,T4,18,-7.400933742523193,-4.560705661773682,pca_entity_mean
statue,T6,18,16.04949188232422,-8.848179817199707,pca_entity_mean
table,T6,18,12.799015998840332,-12.861391067504883,pca_entity_mean
teenager,T1,18,32.97591018676758,1.6645536422729492,pca_entity_mean
trout,T3,18,-15.172797203063965,1.5401573181152344,pca_entity_mean
tuna,T3,18,-6.992500305175781,-8.161493301391602,pca_entity_mean
whale,T2,18,-5.411651134490967,11.824832916259766,pca_entity_mean
woman,T1,18,31.51583480834961,2.3266658782958984,pca_entity_mean
woodlouse,T5,18,-2.9432153701782227,-10.26265811920166,pca_entity_mean
worker,T1,18,21.061046600341797,-2.2142117023468018,pca_entity_mean
zebrafish,T3,18,-13.826700210571289,2.0505788326263428,pca_entity_mean
ant,T5,19,-5.572179317474365,-8.17743968963623,pca_entity_mean
aphid,T5,19,-7.802186489105225,-10.419063568115234,pca_entity_mean
bacterium,T6,19,5.681780815124512,-15.365266799926758,pca_entity_mean
bee,T4,19,-12.943608283996582,2.885127067565918,pca_entity_mean
beetle,T5,19,-8.127335548400879,-3.9628162384033203,pca_entity_mean
bumblebee,T4,19,-6.064672946929932,-5.506858825683594,pca_entity_mean
chicken,T3,19,-11.009367942810059,17.13530921936035,pca_entity_mean
child,T1,19,27.150665283203125,7.100398063659668,pca_entity_mean
chimpanzee,T2,19,-5.02545690536499,0.29831463098526,pca_entity_mean
cloud,T6,19,4.17125129699707,-13.434798240661621,pca_entity_mean
cockroach,T5,19,-8.842816352844238,0.23642899096012115,pca_entity_mean
cow,T2,19,-3.1817567348480225,24.294050216674805,pca_entity_mean
crab,T4,19,-19.11248207092285,0.538239061832428,pca_entity_mean
crayfish,T4,19,-9.21677017211914,-8.13110637664795,pca_entity_mean
crow,T3,19,-7.407625675201416,9.433006286621094,pca_entity_mean
dog,T2,19,7.856438159942627,24.246931076049805,pca_entity_mean
dolphin,T2,19,-0.06873982399702072,0.8438819050788879,pca_entity_mean
earthworm,T5,19,2.331573724746704,-6.969331741333008,pca_entity_mean
elderly person,T1,19,27.431419372558594,-1.5171221494674683,pca_entity_mean
elephant,T2,19,-1.724999189376831,16.804407119750977,pca_entity_mean
fly,T5,19,-11.228913307189941,1.195033073425293,pca_entity_mean
frog,T3,19,-8.471056938171387,11.30569839477539,pca_entity_mean
gecko,T3,19,-4.462671279907227,-6.2401957511901855,pca_entity_mean
horse,T2,19,4.363003730773926,25.146564483642578,pca_entity_mean
infant,T1,19,20.33843994140625,7.733420372009277,pca_entity_mean
lobster,T4,19,-12.3270902633667,-5.547444820404053,pca_entity_mean
mantis shrimp,T4,19,-8.587723731994629,-7.7103047370910645,pca_entity_mean
mite,T5,19,-2.3302645683288574,-10.990607261657715,pca_entity_mean
moss,T6,19,-6.918114185333252,-18.883907318115234,pca_entity_mean
moth,T5,19,-8.534088134765625,-3.899057149887085,pca_entity_mean
mushroom,T6,19,-8.326605796813965,-9.547292709350586,pca_entity_mean
mussel,T4,19,-15.306150436401367,-10.583883285522461,pca_entity_mean
nematode,T5,19,-11.027070999145508,-13.032963752746582,pca_entity_mean
oak tree,T6,19,6.47736930847168,-8.640630722045898,pca_entity_mean
octopus,T4,19,-4.966538429260254,-5.695343494415283,pca_entity_mean
patient,T1,19,31.41124153137207,3.198935031890869,pca_entity_mean
pig,T2,19,-9.52118968963623,29.12787628173828,pca_entity_mean
pigeon,T3,19,-8.115633010864258,23.114316940307617,pca_entity_mean
prisoner,T1,19,26.211894989013672,2.2013866901397705,pca_entity_mean
rabbit,T2,19,-4.095851421356201,19.957321166992188,pca_entity_mean
rat,T2,19,-6.373993873596191,15.266921043395996,pca_entity_mean
refugee,T1,19,12.048920631408691,-4.499060153961182,pca_entity_mean
river,T6,19,6.341872692108154,-14.146330833435059,pca_entity_mean
rock,T6,19,2.8647522926330566,-17.03912353515625,pca_entity_mean
salmon,T3,19,-16.48601722717285,3.6541929244995117,pca_entity_mean
seaweed,T6,19,-2.5024752616882324,-16.813383102416992,pca_entity_mean
shrimp,T4,19,-18.0145263671875,-2.5503268241882324,pca_entity_mean
snake,T3,19,-5.434846878051758,9.5263671875,pca_entity_mean
soldier,T1,19,27.419523239135742,1.3100111484527588,pca_entity_mean
squid,T4,19,-9.367727279663086,-5.054540634155273,pca_entity_mean
statue,T6,19,18.33916473388672,-9.478206634521484,pca_entity_mean
table,T6,19,12.198769569396973,-12.8770170211792,pca_entity_mean
teenager,T1,19,35.46167755126953,1.1660603284835815,pca_entity_mean
trout,T3,19,-13.930731773376465,2.6045665740966797,pca_entity_mean
tuna,T3,19,-8.874457359313965,-8.008540153503418,pca_entity_mean
whale,T2,19,-4.170376777648926,12.339049339294434,pca_entity_mean
woman,T1,19,34.27716827392578,2.16202449798584,pca_entity_mean
woodlouse,T5,19,-4.131083011627197,-9.948694229125977,pca_entity_mean
worker,T1,19,20.43831443786621,-2.7481000423431396,pca_entity_mean
zebrafish,T3,19,-13.21013355255127,2.5929434299468994,pca_entity_mean
ant,T5,20,-7.189414978027344,-9.886063575744629,pca_entity_mean
aphid,T5,20,-8.573925018310547,-10.753973007202148,pca_entity_mean
bacterium,T6,20,6.677161693572998,-15.90129566192627,pca_entity_mean
bee,T4,20,-12.716612815856934,2.973623037338257,pca_entity_mean
beetle,T5,20,-8.791099548339844,-3.5347900390625,pca_entity_mean
bumblebee,T4,20,-7.102957248687744,-6.1486897468566895,pca_entity_mean
chicken,T3,20,-10.160618782043457,17.805524826049805,pca_entity_mean
child,T1,20,27.343076705932617,5.836338043212891,pca_entity_mean
chimpanzee,T2,20,-5.657540798187256,-0.10578758269548416,pca_entity_mean
cloud,T6,20,2.874452829360962,-13.737881660461426,pca_entity_mean
cockroach,T5,20,-9.317968368530273,-0.17706532776355743,pca_entity_mean
cow,T2,20,-2.5265984535217285,23.255142211914062,pca_entity_mean
crab,T4,20,-18.42046546936035,1.7877213954925537,pca_entity_mean
crayfish,T4,20,-9.450148582458496,-7.664987087249756,pca_entity_mean
crow,T3,20,-6.973622798919678,8.373533248901367,pca_entity_mean
dog,T2,20,8.17238712310791,23.423830032348633,pca_entity_mean
dolphin,T2,20,-0.6474514603614807,0.519412100315094,pca_entity_mean
earthworm,T5,20,2.3230433464050293,-6.830961227416992,pca_entity_mean
elderly person,T1,20,28.097549438476562,-2.17611026763916,pca_entity_mean
elephant,T2,20,-1.504730463027954,16.345190048217773,pca_entity_mean
fly,T5,20,-10.544270515441895,0.08780162036418915,pca_entity_mean
frog,T3,20,-7.187803745269775,10.981616973876953,pca_entity_mean
gecko,T3,20,-4.950042724609375,-6.157127857208252,pca_entity_mean
horse,T2,20,4.617215156555176,24.89731216430664,pca_entity_mean
infant,T1,20,20.09251594543457,6.7249650955200195,pca_entity_mean
lobster,T4,20,-12.438995361328125,-4.636375427246094,pca_entity_mean
mantis shrimp,T4,20,-8.900084495544434,-7.106605529785156,pca_entity_mean
mite,T5,20,-3.4607908725738525,-11.470807075500488,pca_entity_mean
moss,T6,20,-7.9661030769348145,-18.72626304626465,pca_entity_mean
moth,T5,20,-8.184629440307617,-3.7084901332855225,pca_entity_mean
mushroom,T6,20,-8.760464668273926,-8.379570960998535,pca_entity_mean
mussel,T4,20,-15.322173118591309,-9.779267311096191,pca_entity_mean
nematode,T5,20,-11.597968101501465,-12.368102073669434,pca_entity_mean
oak tree,T6,20,5.5259199142456055,-8.850528717041016,pca_entity_mean
octopus,T4,20,-5.581088542938232,-5.185464382171631,pca_entity_mean
patient,T1,20,32.841922760009766,2.5144670009613037,pca_entity_mean
pig,T2,20,-9.528085708618164,27.87407112121582,pca_entity_mean
pigeon,T3,20,-7.652501583099365,22.217931747436523,pca_entity_mean
prisoner,T1,20,26.76826286315918,1.6622960567474365,pca_entity_mean
rabbit,T2,20,-3.276099681854248,20.099023818969727,pca_entity_mean
rat,T2,20,-5.884605884552002,14.806784629821777,pca_entity_mean
refugee,T1,20,10.676827430725098,-4.409061908721924,pca_entity_mean
river,T6,20,5.501255035400391,-14.635939598083496,pca_entity_mean
rock,T6,20,0.7146067023277283,-16.008724212646484,pca_entity_mean
salmon,T3,20,-15.074310302734375,5.449613094329834,pca_entity_mean
seaweed,T6,20,-3.5674829483032227,-16.059675216674805,pca_entity_mean
shrimp,T4,20,-17.3008975982666,-0.20334380865097046,pca_entity_mean
snake,T3,20,-5.021223068237305,9.969147682189941,pca_entity_mean
soldier,T1,20,28.53369140625,0.9778937697410583,pca_entity_mean
squid,T4,20,-9.584014892578125,-5.230127811431885,pca_entity_mean
statue,T6,20,18.669340133666992,-10.031415939331055,pca_entity_mean
table,T6,20,10.89573860168457,-14.168719291687012,pca_entity_mean
teenager,T1,20,37.149478912353516,1.0691114664077759,pca_entity_mean
trout,T3,20,-12.523489952087402,5.0137939453125,pca_entity_mean
tuna,T3,20,-9.812451362609863,-7.280333995819092,pca_entity_mean
whale,T2,20,-3.6246936321258545,13.15881633758545,pca_entity_mean
woman,T1,20,36.454463958740234,1.914259433746338,pca_entity_mean
woodlouse,T5,20,-5.263582229614258,-9.987042427062988,pca_entity_mean
worker,T1,20,20.157621383666992,-3.2145280838012695,pca_entity_mean
zebrafish,T3,20,-12.04564380645752,4.7759246826171875,pca_entity_mean
ant,T5,21,-10.656370162963867,-14.044295310974121,pca_entity_mean
aphid,T5,21,-10.699808120727539,-12.153429985046387,pca_entity_mean
bacterium,T6,21,8.288298606872559,-14.915821075439453,pca_entity_mean
bee,T4,21,-13.432068824768066,3.4472973346710205,pca_entity_mean
beetle,T5,21,-9.122798919677734,-2.998450517654419,pca_entity_mean
bumblebee,T4,21,-9.280110359191895,-6.591643810272217,pca_entity_mean
chicken,T3,21,-9.356527328491211,17.327470779418945,pca_entity_mean
child,T1,21,26.8505916595459,4.192378044128418,pca_entity_mean
chimpanzee,T2,21,-8.402118682861328,-3.0045788288116455,pca_entity_mean
cloud,T6,21,2.6827940940856934,-12.663524627685547,pca_entity_mean
cockroach,T5,21,-10.697120666503906,-2.0446391105651855,pca_entity_mean
cow,T2,21,-3.541107654571533,22.257444381713867,pca_entity_mean
crab,T4,21,-17.680830001831055,2.5185928344726562,pca_entity_mean
crayfish,T4,21,-10.866047859191895,-9.244718551635742,pca_entity_mean
crow,T3,21,-8.981440544128418,5.987661838531494,pca_entity_mean
dog,T2,21,8.693175315856934,23.817317962646484,pca_entity_mean
dolphin,T2,21,-1.1626389026641846,0.29525840282440186,pca_entity_mean
earthworm,T5,21,3.770721912384033,-4.381391525268555,pca_entity_mean
elderly person,T1,21,28.153751373291016,-3.818556547164917,pca_entity_mean
elephant,T2,21,-0.6952484846115112,17.45547103881836,pca_entity_mean
fly,T5,21,-10.40764331817627,-0.42035189270973206,pca_entity_mean
frog,T3,21,-5.570120334625244,13.142849922180176,pca_entity_mean
gecko,T3,21,-5.906080722808838,-6.2425360679626465,pca_entity_mean
horse,T2,21,5.573561668395996,25.624101638793945,pca_entity_mean
infant,T1,21,18.873960494995117,3.8299875259399414,pca_entity_mean
lobster,T4,21,-12.859482765197754,-5.237918853759766,pca_entity_mean
mantis shrimp,T4,21,-9.304049491882324,-6.931290626525879,pca_entity_mean
mite,T5,21,-4.744379043579102,-11.683975219726562,pca_entity_mean
moss,T6,21,-8.1427583694458,-16.08336639404297,pca_entity_mean
moth,T5,21,-7.372626781463623,-2.4049124717712402,pca_entity_mean
mushroom,T6,21,-7.981576919555664,-6.7211833000183105,pca_entity_mean
mussel,T4,21,-15.492914199829102,-8.870157241821289,pca_entity_mean
nematode,T5,21,-13.258118629455566,-13.62533187866211,pca_entity_mean
oak tree,T6,21,5.806018352508545,-6.884268283843994,pca_entity_mean
octopus,T4,21,-6.363325595855713,-5.335649490356445,pca_entity_mean
patient,T1,21,32.77394485473633,1.0681803226470947,pca_entity_mean
pig,T2,21,-10.39691162109375,26.659423828125,pca_entity_mean
pigeon,T3,21,-7.466196060180664,21.727365493774414,pca_entity_mean
prisoner,T1,21,26.93111228942871,-0.22431695461273193,pca_entity_mean
rabbit,T2,21,-2.38608980178833,20.544963836669922,pca_entity_mean
rat,T2,21,-5.867551326751709,14.09675407409668,pca_entity_mean
refugee,T1,21,9.150242805480957,-6.870731830596924,pca_entity_mean
river,T6,21,6.953689098358154,-11.648138999938965,pca_entity_mean
rock,T6,21,0.7147307991981506,-14.61622428894043,pca_entity_mean
salmon,T3,21,-13.357221603393555,6.937686920166016,pca_entity_mean
seaweed,T6,21,-2.382293462753296,-13.15220832824707,pca_entity_mean
shrimp,T4,21,-15.610221862792969,0.8239514231681824,pca_entity_mean
snake,T3,21,-3.2178471088409424,12.336901664733887,pca_entity_mean
soldier,T1,21,29.565013885498047,1.262205719947815,pca_entity_mean
squid,T4,21,-10.374685287475586,-6.676574230194092,pca_entity_mean
statue,T6,21,20.415395736694336,-9.137223243713379,pca_entity_mean
table,T6,21,10.41938591003418,-13.313618659973145,pca_entity_mean
teenager,T1,21,38.73614501953125,0.651303768157959,pca_entity_mean
trout,T3,21,-10.063547134399414,7.027299404144287,pca_entity_mean
tuna,T3,21,-10.36745548248291,-7.824034214019775,pca_entity_mean
whale,T2,21,-1.5523427724838257,15.475801467895508,pca_entity_mean
woman,T1,21,38.38041687011719,1.7503669261932373,pca_entity_mean
woodlouse,T5,21,-5.6014180183410645,-9.827471733093262,pca_entity_mean
worker,T1,21,18.99115753173828,-5.07511043548584,pca_entity_mean
zebrafish,T3,21,-11.103137016296387,4.409649848937988,pca_entity_mean
ant,T5,22,-11.312485694885254,17.932445526123047,pca_entity_mean
aphid,T5,22,-10.90214729309082,14.373767852783203,pca_entity_mean
bacterium,T6,22,9.627437591552734,16.621166229248047,pca_entity_mean
bee,T4,22,-12.972294807434082,-4.8808441162109375,pca_entity_mean
beetle,T5,22,-8.745091438293457,2.1538968086242676,pca_entity_mean
bumblebee,T4,22,-10.351717948913574,7.624795913696289,pca_entity_mean
chicken,T3,22,-8.386351585388184,-17.327072143554688,pca_entity_mean
child,T1,22,26.051158905029297,-1.6384847164154053,pca_entity_mean
chimpanzee,T2,22,-9.248350143432617,5.346067905426025,pca_entity_mean
cloud,T6,22,0.5955543518066406,10.612937927246094,pca_entity_mean
cockroach,T5,22,-10.987936019897461,2.654815196990967,pca_entity_mean
cow,T2,22,-2.7529475688934326,-21.63309097290039,pca_entity_mean
crab,T4,22,-16.625883102416992,-4.781701564788818,pca_entity_mean
crayfish,T4,22,-11.085423469543457,9.196039199829102,pca_entity_mean
crow,T3,22,-7.6756205558776855,-5.361196041107178,pca_entity_mean
dog,T2,22,9.14934253692627,-23.364099502563477,pca_entity_mean
dolphin,T2,22,-1.4917219877243042,0.571175754070282,pca_entity_mean
earthworm,T5,22,3.18597412109375,1.9572563171386719,pca_entity_mean
elderly person,T1,22,27.768367767333984,6.224644184112549,pca_entity_mean
elephant,T2,22,0.29898765683174133,-16.370086669921875,pca_entity_mean
fly,T5,22,-9.829401969909668,-0.4102294445037842,pca_entity_mean
frog,T3,22,-4.111452579498291,-14.739265441894531,pca_entity_mean
gecko,T3,22,-6.182479381561279,6.512874126434326,pca_entity_mean
horse,T2,22,6.081253528594971,-25.841333389282227,pca_entity_mean
infant,T1,22,18.282258987426758,0.01616651378571987,pca_entity_mean
lobster,T4,22,-12.704310417175293,4.083399295806885,pca_entity_mean
mantis shrimp,T4,22,-9.531298637390137,7.106966495513916,pca_entity_mean
mite,T5,22,-6.106650352478027,12.831924438476562,pca_entity_mean
moss,T6,22,-8.333346366882324,12.971383094787598,pca_entity_mean
moth,T5,22,-6.390948295593262,1.6484681367874146,pca_entity_mean
mushroom,T6,22,-8.207633972167969,5.214907169342041,pca_entity_mean
mussel,T4,22,-15.82375431060791,8.267162322998047,pca_entity_mean
nematode,T5,22,-13.717571258544922,15.490182876586914,pca_entity_mean
oak tree,T6,22,4.862112522125244,3.8157079219818115,pca_entity_mean
octopus,T4,22,-6.913125038146973,5.729351997375488,pca_entity_mean
patient,T1,22,33.28242874145508,1.3123010396957397,pca_entity_mean
pig,T2,22,-8.624638557434082,-25.100709915161133,pca_entity_mean
pigeon,T3,22,-5.821902751922607,-21.089418411254883,pca_entity_mean
prisoner,T1,22,26.738746643066406,2.146106004714966,pca_entity_mean
rabbit,T2,22,-1.2630624771118164,-19.783668518066406,pca_entity_mean
rat,T2,22,-5.21135950088501,-11.717720985412598,pca_entity_mean
refugee,T1,22,7.321140289306641,8.581154823303223,pca_entity_mean
river,T6,22,5.510828018188477,6.851495742797852,pca_entity_mean
rock,T6,22,-2.2058072090148926,10.448691368103027,pca_entity_mean
salmon,T3,22,-12.546152114868164,-8.35715103149414,pca_entity_mean
seaweed,T6,22,-3.7029342651367188,9.031688690185547,pca_entity_mean
shrimp,T4,22,-15.56881046295166,-2.9464869499206543,pca_entity_mean
snake,T3,22,-2.587836265563965,-14.232285499572754,pca_entity_mean
soldier,T1,22,30.751985549926758,-1.2999745607376099,pca_entity_mean
squid,T4,22,-10.339658737182617,7.4330153465271,pca_entity_mean
statue,T6,22,20.222148895263672,9.350330352783203,pca_entity_mean
table,T6,22,9.189936637878418,13.220087051391602,pca_entity_mean
teenager,T1,22,40.341285705566406,0.6024581789970398,pca_entity_mean
trout,T3,22,-9.138486862182617,-9.353689193725586,pca_entity_mean
tuna,T3,22,-11.120909690856934,7.738269329071045,pca_entity_mean
whale,T2,22,-0.8208528161048889,-17.05848503112793,pca_entity_mean
woman,T1,22,39.306549072265625,-1.307874321937561,pca_entity_mean
woodlouse,T5,22,-6.852999687194824,8.463582992553711,pca_entity_mean
worker,T1,22,18.248029708862305,6.558828830718994,pca_entity_mean
zebrafish,T3,22,-10.62017822265625,-2.100682497024536,pca_entity_mean
ant,T5,23,11.340577125549316,-14.249138832092285,pca_entity_mean
aphid,T5,23,10.355565071105957,-19.49033546447754,pca_entity_mean
bacterium,T6,23,-14.329263687133789,-33.418575286865234,pca_entity_mean
bee,T4,23,10.888309478759766,4.345600128173828,pca_entity_mean
beetle,T5,23,7.058499813079834,-1.3240751028060913,pca_entity_mean
bumblebee,T4,23,8.811744689941406,-2.6401355266571045,pca_entity_mean
chicken,T3,23,9.575748443603516,4.508479118347168,pca_entity_mean
child,T1,23,-23.7371826171875,-1.8343641757965088,pca_entity_mean
chimpanzee,T2,23,5.034196853637695,-7.228237152099609,pca_entity_mean
cloud,T6,23,3.9984469413757324,14.584197998046875,pca_entity_mean
cockroach,T5,23,9.265320777893066,-3.1645894050598145,pca_entity_mean
cow,T2,23,3.722839117050171,16.776559829711914,pca_entity_mean
crab,T4,23,16.667137145996094,2.8402788639068604,pca_entity_mean
crayfish,T4,23,11.909595489501953,-5.9854512214660645,pca_entity_mean
crow,T3,23,6.949426174163818,6.78916072845459,pca_entity_mean
dog,T2,23,-6.215689182281494,11.974068641662598,pca_entity_mean
dolphin,T2,23,2.962897777557373,-2.9727368354797363,pca_entity_mean
earthworm,T5,23,-2.520031690597534,7.421728610992432,pca_entity_mean
elderly person,T1,23,-31.321386337280273,-10.982091903686523,pca_entity_mean
elephant,T2,23,-0.8102609515190125,9.349546432495117,pca_entity_mean
fly,T5,23,11.035745620727539,2.08660888671875,pca_entity_mean
frog,T3,23,4.780223846435547,9.831554412841797,pca_entity_mean
gecko,T3,23,7.375929832458496,-7.689272403717041,pca_entity_mean
horse,T2,23,-3.640108346939087,18.161800384521484,pca_entity_mean
infant,T1,23,-16.9202938079834,-14.146893501281738,pca_entity_mean
lobster,T4,23,12.567331314086914,-1.8809008598327637,pca_entity_mean
mantis shrimp,T4,23,7.915877819061279,-8.454329490661621,pca_entity_mean
mite,T5,23,9.009549140930176,-12.610923767089844,pca_entity_mean
moss,T6,23,9.890768051147461,7.254687786102295,pca_entity_mean
moth,T5,23,6.855887413024902,-0.9173235893249512,pca_entity_mean
mushroom,T6,23,11.05360221862793,1.4595788717269897,pca_entity_mean
mussel,T4,23,15.86289119720459,-7.7337517738342285,pca_entity_mean
nematode,T5,23,10.196369171142578,-26.65326499938965,pca_entity_mean
oak tree,T6,23,-3.9919028282165527,16.286914825439453,pca_entity_mean
octopus,T4,23,7.092421531677246,-7.118792533874512,pca_entity_mean
patient,T1,23,-33.63876724243164,-6.776726245880127,pca_entity_mean
pig,T2,23,8.570323944091797,6.898009777069092,pca_entity_mean
pigeon,T3,23,5.672979354858398,8.284953117370605,pca_entity_mean
prisoner,T1,23,-30.409292221069336,-1.606483817100525,pca_entity_mean
rabbit,T2,23,3.7260935306549072,5.036024570465088,pca_entity_mean
rat,T2,23,9.188276290893555,-7.0969767570495605,pca_entity_mean
refugee,T1,23,-8.630899429321289,-1.5750693082809448,pca_entity_mean
river,T6,23,-1.709653615951538,16.122512817382812,pca_entity_mean
rock,T6,23,5.969479560852051,18.1213321685791,pca_entity_mean
salmon,T3,23,12.689064979553223,-0.3480210304260254,pca_entity_mean
seaweed,T6,23,5.287270545959473,11.681557655334473,pca_entity_mean
shrimp,T4,23,14.41737174987793,-2.2542006969451904,pca_entity_mean
snake,T3,23,2.8838014602661133,14.322187423706055,pca_entity_mean
soldier,T1,23,-34.46983337402344,4.896123886108398,pca_entity_mean
squid,T4,23,11.996427536010742,-7.392758369445801,pca_entity_mean
statue,T6,23,-22.350963592529297,9.742630958557129,pca_entity_mean
table,T6,23,-6.7603349685668945,10.466986656188965,pca_entity_mean
teenager,T1,23,-46.190185546875,-6.592074871063232,pca_entity_mean
trout,T3,23,7.058716773986816,2.083162546157837,pca_entity_mean
tuna,T3,23,13.070263862609863,-6.002071380615234,pca_entity_mean
whale,T2,23,0.6512265801429749,17.388349533081055,pca_entity_mean
woman,T1,23,-42.840274810791016,1.5064140558242798,pca_entity_mean
woodlouse,T5,23,7.3225603103637695,2.604018211364746,pca_entity_mean
worker,T1,23,-18.220895767211914,-0.8088717460632324,pca_entity_mean
zebrafish,T3,23,8.02657413482666,-31.876590728759766,pca_entity_mean
ant,T5,all_concat,0.3574100732803345,7.510730743408203,umap_all_layers
aphid,T5,all_concat,0.41349002718925476,7.714096546173096,umap_all_layers
bacterium,T6,all_concat,-0.4788237512111664,8.002298355102539,umap_all_layers
bee,T4,all_concat,1.2201160192489624,7.392352104187012,umap_all_layers
beetle,T5,all_concat,0.7236211895942688,7.940563678741455,umap_all_layers
bumblebee,T4,all_concat,0.5418182611465454,6.757699489593506,umap_all_layers
chicken,T3,all_concat,0.9973023533821106,5.170720100402832,umap_all_layers
child,T1,all_concat,-1.8923388719558716,9.048274040222168,umap_all_layers
chimpanzee,T2,all_concat,0.6885991096496582,6.834367752075195,umap_all_layers
cloud,T6,all_concat,-1.711165428161621,6.466660499572754,umap_all_layers
cockroach,T5,all_concat,1.0906091928482056,6.563465595245361,umap_all_layers
cow,T2,all_concat,2.169933319091797,5.565049171447754,umap_all_layers
crab,T4,all_concat,0.21823661029338837,5.172071933746338,umap_all_layers
crayfish,T4,all_concat,0.2117120921611786,6.44199275970459,umap_all_layers
crow,T3,all_concat,1.5902873277664185,6.345849990844727,umap_all_layers
dog,T2,all_concat,2.5421364307403564,5.3294196128845215,umap_all_layers
dolphin,T2,all_concat,0.433043897151947,6.02829122543335,umap_all_layers
earthworm,T5,all_concat,-1.445502758026123,6.7159037590026855,umap_all_layers
elderly person,T1,all_concat,-2.0614819526672363,9.2183256149292,umap_all_layers
elephant,T2,all_concat,2.097667932510376,4.8181281089782715,umap_all_layers
fly,T5,all_concat,1.2603607177734375,7.7108259201049805,umap_all_layers
frog,T3,all_concat,1.6131784915924072,4.998342037200928,umap_all_layers
gecko,T3,all_concat,-0.07007324695587158,6.65192985534668,umap_all_layers
horse,T2,all_concat,2.304957628250122,5.11608362197876,umap_all_layers
infant,T1,all_concat,-2.4000933170318604,9.27927303314209,umap_all_layers
lobster,T4,all_concat,0.000638991710729897,5.62238073348999,umap_all_layers
mantis shrimp,T4,all_concat,0.1537443995475769,6.988809108734131,umap_all_layers
mite,T5,all_concat,-0.33729636669158936,6.912839889526367,umap_all_layers
moss,T6,all_concat,-1.1896851062774658,6.062436103820801,umap_all_layers
moth,T5,all_concat,0.9838035702705383,7.663461208343506,umap_all_layers
mushroom,T6,all_concat,-0.9943915009498596,5.7798380851745605,umap_all_layers
mussel,T4,all_concat,-0.6094891428947449,6.137964725494385,umap_all_layers
nematode,T5,all_concat,0.05807213857769966,7.87380838394165,umap_all_layers
oak tree,T6,all_concat,-1.859449028968811,6.020231246948242,umap_all_layers
octopus,T4,all_concat,0.10942545533180237,6.324068069458008,umap_all_layers
patient,T1,all_concat,-2.1594886779785156,8.916570663452148,umap_all_layers
pig,T2,all_concat,1.9478883743286133,5.569976329803467,umap_all_layers
pigeon,T3,all_concat,1.8509893417358398,5.318355083465576,umap_all_layers
prisoner,T1,all_concat,-2.289792537689209,8.779189109802246,umap_all_layers
rabbit,T2,all_concat,1.8772598505020142,5.02170991897583,umap_all_layers
rat,T2,all_concat,2.411623239517212,4.930942058563232,umap_all_layers
refugee,T1,all_concat,-2.3580758571624756,9.351279258728027,umap_all_layers
river,T6,all_concat,-1.9509241580963135,6.690810680389404,umap_all_layers
rock,T6,all_concat,-1.4137616157531738,6.253477573394775,umap_all_layers
salmon,T3,all_concat,0.2647986114025116,4.568315505981445,umap_all_layers
seaweed,T6,all_concat,-1.7961405515670776,6.3898468017578125,umap_all_layers
shrimp,T4,all_concat,0.3962431252002716,4.973825454711914,umap_all_layers
snake,T3,all_concat,1.7536983489990234,4.562907695770264,umap_all_layers
soldier,T1,all_concat,-2.40299654006958,8.622817039489746,umap_all_layers
squid,T4,all_concat,0.5447449684143066,6.24079704284668,umap_all_layers
statue,T6,all_concat,-2.127105474472046,7.780572891235352,umap_all_layers
table,T6,all_concat,-2.0578978061676025,7.393567085266113,umap_all_layers
teenager,T1,all_concat,-2.556516408920288,9.00765609741211,umap_all_layers
trout,T3,all_concat,0.6663405299186707,4.485018253326416,umap_all_layers
tuna,T3,all_concat,0.1537560522556305,5.885711669921875,umap_all_layers
whale,T2,all_concat,1.6548824310302734,4.494299411773682,umap_all_layers
woman,T1,all_concat,-2.367332935333252,8.519540786743164,umap_all_layers
woodlouse,T5,all_concat,-1.0854082107543945,6.687358379364014,umap_all_layers
worker,T1,all_concat,-1.9996830224990845,8.766819953918457,umap_all_layers
zebrafish,T3,all_concat,0.885367751121521,4.653524875640869,umap_all_layers
