sentence_id,template_id,template_type,entity,tier,sentence,multi_token_flag,perplexity,global_z,flag_global,tmpl_mean,tmpl_std,template_z,flag_template,flag_absolute,flagged,flag_reason,recommended_action
T01_CHILD,T01,pain_suffering,child,T1,The child was in pain.,False,50.7443962097168,-0.6252007443314701,False,140.33150345484415,118.96870561916377,-0.7530308645359964,False,False,False,,keep
T01_INFANT,T01,pain_suffering,infant,T1,The infant was in pain.,False,114.45387268066406,0.08863016874065403,False,140.33150345484415,118.96870561916377,-0.2175162841312082,False,False,False,,keep
T01_ELDERLY_PERSON,T01,pain_suffering,elderly person,T1,The elderly person was in pain.,True,77.87202453613281,-0.32125004860479334,False,140.33150345484415,118.96870561916377,-0.5250076361984913,False,False,False,,keep
T01_WORKER,T01,pain_suffering,worker,T1,The worker was in pain.,False,120.8421401977539,0.16020732001033597,False,140.33150345484415,118.96870561916377,-0.16381924267948708,False,False,False,,keep
T01_PATIENT,T01,pain_suffering,patient,T1,The patient was in pain.,False,67.05949401855469,-0.4423987216048407,False,140.33150345484415,118.96870561916377,-0.6158931380731659,False,False,False,,keep
T01_PRISONER,T01,pain_suffering,prisoner,T1,The prisoner was in pain.,False,102.5743637084961,-0.044473432264734464,False,140.33150345484415,118.96870561916377,-0.3173703500415831,False,False,False,,keep
T01_REFUGEE,T01,pain_suffering,refugee,T1,The refugee was in pain.,False,252.31703186035156,1.6333137895693575,False,140.33150345484415,118.96870561916377,0.9413024023644458,False,False,False,,keep
T01_SOLDIER,T01,pain_suffering,soldier,T1,The soldier was in pain.,False,78.32247924804688,-0.31620294233246526,False,140.33150345484415,118.96870561916377,-0.5212213067636227,False,False,False,,keep
T01_TEENAGER,T01,pain_suffering,teenager,T1,The teenager was in pain.,False,169.77835083007812,0.7085116202958912,False,140.33150345484415,118.96870561916377,0.24751759063007409,False,False,False,,keep
T01_WOMAN,T01,pain_suffering,woman,T1,The woman was in pain.,False,48.75542449951172,-0.647486118040635,False,140.33150345484415,118.96870561916377,-0.7697493091038652,False,False,False,,keep
T01_DOG,T01,pain_suffering,dog,T2,The dog was in pain.,False,44.75100326538086,-0.692353535326485,False,140.33150345484415,118.96870561916377,-0.8034087594045989,False,False,False,,keep
T01_CHIMPANZEE,T01,pain_suffering,chimpanzee,T2,The chimpanzee was in pain.,False,27.458707809448242,-0.886104539701012,False,140.33150345484415,118.96870561916377,-0.9487603908772299,False,False,False,,keep
T01_PIG,T01,pain_suffering,pig,T2,The pig was in pain.,False,79.11997985839844,-0.307267370728413,False,140.33150345484415,118.96870561916377,-0.5145178581028926,False,False,False,,keep
T01_COW,T01,pain_suffering,cow,T2,The cow was in pain.,False,108.54043579101562,0.022373242955726725,False,140.33150345484415,118.96870561916377,-0.2672221026392973,False,False,False,,keep
T01_DOLPHIN,T01,pain_suffering,dolphin,T2,The dolphin was in pain.,False,56.399898529052734,-0.5618338386822913,False,140.33150345484415,118.96870561916377,-0.7054931335847997,False,False,False,,keep
T01_ELEPHANT,T01,pain_suffering,elephant,T2,The elephant was in pain.,False,86.54440307617188,-0.22408064407254585,False,140.33150345484415,118.96870561916377,-0.4521113354872722,False,False,False,,keep
T01_RABBIT,T01,pain_suffering,rabbit,T2,The rabbit was in pain.,False,81.71626281738281,-0.2781773963970346,False,140.33150345484415,118.96870561916377,-0.4926946152133259,False,False,False,,keep
T01_RAT,T01,pain_suffering,rat,T2,The rat was in pain.,False,106.14928436279297,-0.004418341308511597,False,140.33150345484415,118.96870561916377,-0.28732109771349,False,False,False,,keep
T01_HORSE,T01,pain_suffering,horse,T2,The horse was in pain.,False,58.959930419921875,-0.5331500383533683,False,140.33150345484415,118.96870561916377,-0.6839746016520057,False,False,False,,keep
T01_WHALE,T01,pain_suffering,whale,T2,The whale was in pain.,False,141.47393798828125,0.3913756778581302,False,140.33150345484415,118.96870561916377,0.009602815526077899,False,False,False,,keep
T01_SALMON,T01,pain_suffering,salmon,T3,The salmon was in pain.,False,270.6296691894531,1.8384971837752786,False,140.33150345484415,118.96870561916377,1.095230590737975,False,False,False,,keep
T01_CHICKEN,T01,pain_suffering,chicken,T3,The chicken was in pain.,False,126.1440200805664,0.21961207370459437,False,140.33150345484415,118.96870561916377,-0.11925391051739233,False,False,False,,keep
T01_FROG,T01,pain_suffering,frog,T3,The frog was in pain.,False,110.28724670410156,0.041945333296495864,False,140.33150345484415,118.96870561916377,-0.25253915804479415,False,False,False,,keep
T01_ZEBRAFISH,T01,pain_suffering,zebrafish,T3,The zebrafish was in pain.,False,796.3516235351562,7.7289330102851395,True,140.33150345484415,118.96870561916377,5.514224237929667,True,True,True,global_z=7.73; template_z=5.51; absolute>500,rewrite_or_cut
T01_CROW,T01,pain_suffering,crow,T3,The crow was in pain.,False,185.48690795898438,0.884517676215786,False,140.33150345484415,118.96870561916377,0.37955699584300157,False,False,False,,keep
T01_SNAKE,T01,pain_suffering,snake,T3,The snake was in pain.,False,99.61280059814453,-0.07765617706639714,False,140.33150345484415,118.96870561916377,-0.34226398147968545,False,False,False,,keep
T01_TUNA,T01,pain_suffering,tuna,T3,The tuna was in pain.,False,138.2449493408203,0.35519657166868185,False,140.33150345484415,118.96870561916377,-0.01753868047201594,False,False,False,,keep
T01_GECKO,T01,pain_suffering,gecko,T3,The gecko was in pain.,False,74.87022399902344,-0.35488363244443333,False,140.33150345484415,118.96870561916377,-0.5502394862172566,False,False,False,,keep
T01_TROUT,T01,pain_suffering,trout,T3,The trout was in pain.,False,267.3474426269531,1.801721574967892,False,140.33150345484415,118.96870561916377,1.0676415996212112,False,False,False,,keep
T01_PIGEON,T01,pain_suffering,pigeon,T3,The pigeon was in pain.,False,70.5325927734375,-0.40348449105833445,False,140.33150345484415,118.96870561916377,-0.5866997570339478,False,False,False,,keep
T01_OCTOPUS,T01,pain_suffering,octopus,T4,The octopus was in pain.,False,64.52530670166016,-0.4707929471819344,False,140.33150345484415,118.96870561916377,-0.6371944315831318,False,False,False,,keep
T01_CRAB,T01,pain_suffering,crab,T4,The crab was in pain.,False,137.03770446777344,0.3416700327962164,False,140.33150345484415,118.96870561916377,-0.02768626396268148,False,False,False,,keep
T01_BEE,T01,pain_suffering,bee,T4,The bee was in pain.,False,125.54808044433594,0.2129348859731859,False,140.33150345484415,118.96870561916377,-0.12426312393304602,False,False,False,,keep
T01_SHRIMP,T01,pain_suffering,shrimp,T4,The shrimp was in pain.,False,265.3142395019531,1.778940611701906,False,140.33150345484415,118.96870561916377,1.0505513647193656,False,False,False,,keep
T01_LOBSTER,T01,pain_suffering,lobster,T4,The lobster was in pain.,False,87.55220031738281,-0.2127888101926484,False,140.33150345484415,118.96870561916377,-0.4436402233913144,False,False,False,,keep
T01_SQUID,T01,pain_suffering,squid,T4,The squid was in pain.,False,73.82505798339844,-0.3665941636333966,False,140.33150345484415,118.96870561916377,-0.559024704230561,False,False,False,,keep
T01_CRAYFISH,T01,pain_suffering,crayfish,T4,The crayfish was in pain.,False,57.188392639160156,-0.5529991801393563,False,140.33150345484415,118.96870561916377,-0.698865389708763,False,False,False,,keep
T01_BUMBLEBEE,T01,pain_suffering,bumblebee,T4,The bumblebee was in pain.,False,40.1472053527832,-0.7439366505801123,False,140.33150345484415,118.96870561916377,-0.842106313426369,False,False,False,,keep
T01_MUSSEL,T01,pain_suffering,mussel,T4,The mussel was in pain.,False,107.72843933105469,0.013275253040685279,False,140.33150345484415,118.96870561916377,-0.2740473972050822,False,False,False,,keep
T01_MANTIS_SHRIMP,T01,pain_suffering,mantis shrimp,T4,The mantis shrimp was in pain.,True,64.79023742675781,-0.4678245388403031,False,140.33150345484415,118.96870561916377,-0.6349675373446945,False,False,False,,keep
T01_ANT,T01,pain_suffering,ant,T5,The ant was in pain.,False,143.0931396484375,0.4095179741622651,False,140.33150345484415,118.96870561916377,0.023213131379555798,False,False,False,,keep
T01_FLY,T01,pain_suffering,fly,T5,The fly was in pain.,False,181.15347290039062,0.8359638334287502,False,140.33150345484415,118.96870561916377,0.3431319962093525,False,False,False,,keep
T01_EARTHWORM,T01,pain_suffering,earthworm,T5,The earthworm was in pain.,False,108.27928161621094,0.019447148858274234,False,140.33150345484415,118.96870561916377,-0.2694172528129966,False,False,False,,keep
T01_MOTH,T01,pain_suffering,moth,T5,The moth was in pain.,False,289.6290588378906,2.0513752736892945,True,140.33150345484415,118.96870561916377,1.2549313250576146,False,False,True,global_z=2.05,review
T01_BEETLE,T01,pain_suffering,beetle,T5,The beetle was in pain.,False,78.62928009033203,-0.31276540152204,False,140.33150345484415,118.96870561916377,-0.5186424702478479,False,False,False,,keep
T01_APHID,T01,pain_suffering,aphid,T5,The aphid was in pain.,False,120.23518371582031,0.15340669436257573,False,140.33150345484415,118.96870561916377,-0.16892105898298246,False,False,False,,keep
T01_NEMATODE,T01,pain_suffering,nematode,T5,The nematode was in pain.,False,213.0847625732422,1.193737008242648,False,140.33150345484415,118.96870561916377,0.6115327450169279,False,False,False,,keep
T01_COCKROACH,T01,pain_suffering,cockroach,T5,The cockroach was in pain.,False,34.37398910522461,-0.8086224783978447,False,140.33150345484415,118.96870561916377,-0.8906334972560351,False,False,False,,keep
T01_MITE,T01,pain_suffering,mite,T5,The mite was in pain.,False,81.75141906738281,-0.27778348925122504,False,140.33150345484415,118.96870561916377,-0.49239910682885596,False,False,False,,keep
T01_WOODLOUSE,T01,pain_suffering,woodlouse,T5,The woodlouse was in pain.,False,64.11347198486328,-0.4754073368804586,False,140.33150345484415,118.96870561916377,-0.6406561378751647,False,False,False,,keep
T01_OAK_TREE,T01,pain_suffering,oak tree,T6,The oak tree was in pain.,True,115.0853042602539,0.09570502488402127,False,140.33150345484415,118.96870561916377,-0.21220874063644118,False,False,False,,keep
T01_MUSHROOM,T01,pain_suffering,mushroom,T6,The mushroom was in pain.,False,240.0625,1.4960082558920356,False,140.33150345484415,118.96870561916377,0.8382960546314537,False,False,False,,keep
T01_BACTERIUM,T01,pain_suffering,bacterium,T6,The bacterium was in pain.,False,480.1062316894531,4.185571028351192,True,140.33150345484415,118.96870561916377,2.856000882469694,True,False,True,global_z=4.19; template_z=2.86,keep_expected_anomaly
T01_MOSS,T01,pain_suffering,moss,T6,The moss was in pain.,False,293.4587097167969,2.094284481786205,True,140.33150345484415,118.96870561916377,1.2871217305846405,False,False,True,global_z=2.09,keep_expected_anomaly
T01_SEAWEED,T01,pain_suffering,seaweed,T6,The seaweed was in pain.,False,143.93389892578125,0.4189382361996377,False,140.33150345484415,118.96870561916377,0.030280193872739034,False,False,False,,keep
T01_ROCK,T01,pain_suffering,rock,T6,The rock was in pain.,False,147.9842071533203,0.46431979292309006,False,140.33150345484415,118.96870561916377,0.06432535059239514,False,False,False,,keep
T01_TABLE,T01,pain_suffering,table,T6,The table was in pain.,False,126.40365600585938,0.2225211566210538,False,140.33150345484415,118.96870561916377,-0.11707152209901195,False,False,False,,keep
T01_CLOUD,T01,pain_suffering,cloud,T6,The cloud was in pain.,False,176.6634063720703,0.7856550180498155,False,140.33150345484415,118.96870561916377,0.30539041950687346,False,False,False,,keep
T01_RIVER,T01,pain_suffering,river,T6,The river was in pain.,False,128.81004333496094,0.2494834510784739,False,140.33150345484415,118.96870561916377,-0.09684446056566418,False,False,False,,keep
T01_STATUE,T01,pain_suffering,statue,T6,The statue was in pain.,False,216.0414276123047,1.2268648727518605,False,140.33150345484415,118.96870561916377,0.6363852053650064,False,False,False,,keep
T02_CHILD,T02,pain_suffering,child,T1,Everyone could see that the child was suffering.,False,17.866546630859375,-0.9935796211446575,False,35.284396489461265,11.351463085432243,-1.5344145267894909,False,False,False,,keep
T02_INFANT,T02,pain_suffering,infant,T1,Everyone could see that the infant was suffering.,False,28.238311767578125,-0.8773694905985402,False,35.284396489461265,11.351463085432243,-0.6207204013133465,False,False,False,,keep
T02_ELDERLY_PERSON,T02,pain_suffering,elderly person,T1,Everyone could see that the elderly person was suffering.,True,30.206668853759766,-0.8553150928242661,False,35.284396489461265,11.351463085432243,-0.4473192219792299,False,False,False,,keep
T02_WORKER,T02,pain_suffering,worker,T1,Everyone could see that the worker was suffering.,False,32.19556427001953,-0.8330305739483168,False,35.284396489461265,11.351463085432243,-0.2721087313762882,False,False,False,,keep
T02_PATIENT,T02,pain_suffering,patient,T1,Everyone could see that the patient was suffering.,False,19.68911361694336,-0.9731587241623267,False,35.284396489461265,11.351463085432243,-1.373856634615842,False,False,False,,keep
T02_PRISONER,T02,pain_suffering,prisoner,T1,Everyone could see that the prisoner was suffering.,False,23.788585662841797,-0.9272263129146563,False,35.284396489461265,11.351463085432243,-1.0127162234595533,False,False,False,,keep
T02_REFUGEE,T02,pain_suffering,refugee,T1,Everyone could see that the refugee was suffering.,False,37.322505950927734,-0.7755859100760724,False,35.284396489461265,11.351463085432243,0.17954597095788039,False,False,False,,keep
T02_SOLDIER,T02,pain_suffering,soldier,T1,Everyone could see that the soldier was suffering.,False,27.64200210571289,-0.884050824271045,False,35.284396489461265,11.351463085432243,-0.6732519258734273,False,False,False,,keep
T02_TEENAGER,T02,pain_suffering,teenager,T1,Everyone could see that the teenager was suffering.,False,29.27884292602539,-0.8657108905274327,False,35.284396489461265,11.351463085432243,-0.5290554634444459,False,False,False,,keep
T02_WOMAN,T02,pain_suffering,woman,T1,Everyone could see that the woman was suffering.,False,17.75096321105957,-0.9948746720956618,False,35.284396489461265,11.351463085432243,-1.5445967754502945,False,False,False,,keep
T02_DOG,T02,pain_suffering,dog,T2,Everyone could see that the dog was suffering.,False,20.017370223999023,-0.9694807828808071,False,35.284396489461265,11.351463085432243,-1.3449390753034283,False,False,False,,keep
T02_CHIMPANZEE,T02,pain_suffering,chimpanzee,T2,Everyone could see that the chimpanzee was suffering.,False,15.588706970214844,-1.01910160711689,False,35.284396489461265,11.351463085432243,-1.7350793788443568,False,False,False,,keep
T02_PIG,T02,pain_suffering,pig,T2,Everyone could see that the pig was suffering.,False,32.180233001708984,-0.8332023526830182,False,35.284396489461265,11.351463085432243,-0.2734593298141426,False,False,False,,keep
T02_COW,T02,pain_suffering,cow,T2,Everyone could see that the cow was suffering.,False,33.329322814941406,-0.820327410429245,False,35.284396489461265,11.351463085432243,-0.17223098553955377,False,False,False,,keep
T02_DOLPHIN,T02,pain_suffering,dolphin,T2,Everyone could see that the dolphin was suffering.,False,25.542667388916016,-0.9075727569684279,False,35.284396489461265,11.351463085432243,-0.8581914971865763,False,False,False,,keep
T02_ELEPHANT,T02,pain_suffering,elephant,T2,Everyone could see that the elephant was suffering.,False,31.692081451416016,-0.8386718320472398,False,35.284396489461265,11.351463085432243,-0.31646273357091753,False,False,False,,keep
T02_RABBIT,T02,pain_suffering,rabbit,T2,Everyone could see that the rabbit was suffering.,False,32.75053405761719,-0.8268124316537567,False,35.284396489461265,11.351463085432243,-0.22321901703542324,False,False,False,,keep
T02_RAT,T02,pain_suffering,rat,T2,Everyone could see that the rat was suffering.,False,33.990047454833984,-0.8129243410726972,False,35.284396489461265,11.351463085432243,-0.11402486400967708,False,False,False,,keep
T02_HORSE,T02,pain_suffering,horse,T2,Everyone could see that the horse was suffering.,False,24.45540428161621,-0.9197549637550019,False,35.284396489461265,11.351463085432243,-0.9539732566934306,False,False,False,,keep
T02_WHALE,T02,pain_suffering,whale,T2,Everyone could see that the whale was suffering.,False,31.1326904296875,-0.8449395119266516,False,35.284396489461265,11.351463085432243,-0.3657419337514126,False,False,False,,keep
T02_SALMON,T02,pain_suffering,salmon,T3,Everyone could see that the salmon was suffering.,False,43.20888137817383,-0.7096321936327654,False,35.284396489461265,11.351463085432243,0.6981025114623638,False,False,False,,keep
T02_CHICKEN,T02,pain_suffering,chicken,T3,Everyone could see that the chicken was suffering.,False,31.00578498840332,-0.8463614201268707,False,35.284396489461265,11.351463085432243,-0.37692158877289106,False,False,False,,keep
T02_FROG,T02,pain_suffering,frog,T3,Everyone could see that the frog was suffering.,False,34.71642303466797,-0.8047856877340116,False,35.284396489461265,11.351463085432243,-0.05003526422265322,False,False,False,,keep
T02_ZEBRAFISH,T02,pain_suffering,zebrafish,T3,Everyone could see that the zebrafish was suffering.,False,59.108360290527344,-0.5314869603321606,False,35.284396489461265,11.351463085432243,2.0987571048564004,True,False,True,template_z=2.10,review
T02_CROW,T02,pain_suffering,crow,T3,Everyone could see that the crow was suffering.,False,40.506290435791016,-0.7399132925669455,False,35.284396489461265,11.351463085432243,0.46001946242781705,False,False,False,,keep
T02_SNAKE,T02,pain_suffering,snake,T3,Everyone could see that the snake was suffering.,False,35.6055793762207,-0.7948231622462391,False,35.284396489461265,11.351463085432243,0.028294404372562663,False,False,False,,keep
T02_TUNA,T02,pain_suffering,tuna,T3,Everyone could see that the tuna was suffering.,False,32.653053283691406,-0.8279046520534982,False,35.284396489461265,11.351463085432243,-0.23180652449522213,False,False,False,,keep
T02_GECKO,T02,pain_suffering,gecko,T3,Everyone could see that the gecko was suffering.,False,32.223785400390625,-0.8327143711418173,False,35.284396489461265,11.351463085432243,-0.2696226086484338,False,False,False,,keep
T02_TROUT,T02,pain_suffering,trout,T3,Everyone could see that the trout was suffering.,False,54.68152618408203,-0.5810872899418962,False,35.284396489461265,11.351463085432243,1.7087779388996849,False,False,False,,keep
T02_PIGEON,T02,pain_suffering,pigeon,T3,Everyone could see that the pigeon was suffering.,False,27.113285064697266,-0.8899748184560714,False,35.284396489461265,11.351463085432243,-0.7198289210181454,False,False,False,,keep
T02_OCTOPUS,T02,pain_suffering,octopus,T4,Everyone could see that the octopus was suffering.,False,27.593814849853516,-0.8845907369301016,False,35.284396489461265,11.351463085432243,-0.6774969518667034,False,False,False,,keep
T02_CRAB,T02,pain_suffering,crab,T4,Everyone could see that the crab was suffering.,False,38.813926696777344,-0.7588753311833071,False,35.284396489461265,11.351463085432243,0.3109317434019282,False,False,False,,keep
T02_BEE,T02,pain_suffering,bee,T4,Everyone could see that the bee was suffering.,False,37.325557708740234,-0.775551716747443,False,35.284396489461265,11.351463085432243,0.17981481364269838,False,False,False,,keep
T02_SHRIMP,T02,pain_suffering,shrimp,T4,Everyone could see that the shrimp was suffering.,False,48.6770133972168,-0.6483646728781042,False,35.284396489461265,11.351463085432243,1.1798141620125406,False,False,False,,keep
T02_LOBSTER,T02,pain_suffering,lobster,T4,Everyone could see that the lobster was suffering.,False,29.520160675048828,-0.8630070530660706,False,35.284396489461265,11.351463085432243,-0.5077967281424627,False,False,False,,keep
T02_SQUID,T02,pain_suffering,squid,T4,Everyone could see that the squid was suffering.,False,29.367294311523438,-0.8647198396387732,False,35.284396489461265,11.351463085432243,-0.5212633942783522,False,False,False,,keep
T02_CRAYFISH,T02,pain_suffering,crayfish,T4,Everyone could see that the crayfish was suffering.,False,25.151214599609375,-0.9119587779733692,False,35.284396489461265,11.351463085432243,-0.8926762844215369,False,False,False,,keep
T02_BUMBLEBEE,T02,pain_suffering,bumblebee,T4,Everyone could see that the bumblebee was suffering.,False,22.451040267944336,-0.942212800065441,False,35.284396489461265,11.351463085432243,-1.1305464436550434,False,False,False,,keep
T02_MUSSEL,T02,pain_suffering,mussel,T4,Everyone could see that the mussel was suffering.,False,39.63743591308594,-0.7496483469360117,False,35.284396489461265,11.351463085432243,0.3834782697933529,False,False,False,,keep
T02_MANTIS_SHRIMP,T02,pain_suffering,mantis shrimp,T4,Everyone could see that the mantis shrimp was suffering.,True,27.421979904174805,-0.8865160564110657,False,35.284396489461265,11.351463085432243,-0.6926346433154149,False,False,False,,keep
T02_ANT,T02,pain_suffering,ant,T5,Everyone could see that the ant was suffering.,False,49.18256759643555,-0.6427002060573741,False,35.284396489461265,11.351463085432243,1.2243506411794902,False,False,False,,keep
T02_FLY,T02,pain_suffering,fly,T5,Everyone could see that the fly was suffering.,False,55.46122741699219,-0.5723511509270743,False,35.284396489461265,11.351463085432243,1.7774652285505472,False,False,False,,keep
T02_EARTHWORM,T02,pain_suffering,earthworm,T5,Everyone could see that the earthworm was suffering.,False,45.18922805786133,-0.6874434588186389,False,35.284396489461265,11.351463085432243,0.8725599064944591,False,False,False,,keep
T02_MOTH,T02,pain_suffering,moth,T5,Everyone could see that the moth was suffering.,False,43.74931716918945,-0.7035768970658023,False,35.284396489461265,11.351463085432243,0.7457118625167831,False,False,False,,keep
T02_BEETLE,T02,pain_suffering,beetle,T5,Everyone could see that the beetle was suffering.,False,27.964723587036133,-0.8804349011393267,False,35.284396489461265,11.351463085432243,-0.644821979980602,False,False,False,,keep
T02_APHID,T02,pain_suffering,aphid,T5,Everyone could see that the aphid was suffering.,False,35.754703521728516,-0.7931523052427683,False,35.284396489461265,11.351463085432243,0.04143140216619414,False,False,False,,keep
T02_NEMATODE,T02,pain_suffering,nematode,T5,Everyone could see that the nematode was suffering.,False,36.933719635009766,-0.7799420546601238,False,35.284396489461265,11.351463085432243,0.1452960850187795,False,False,False,,keep
T02_COCKROACH,T02,pain_suffering,cockroach,T5,Everyone could see that the cockroach was suffering.,False,18.946868896484375,-0.9814751828098847,False,35.284396489461265,11.351463085432243,-1.4392442163639196,False,False,False,,keep
T02_MITE,T02,pain_suffering,mite,T5,Everyone could see that the mite was suffering.,False,36.204132080078125,-0.7881166964771917,False,35.284396489461265,11.351463085432243,0.08102352830598468,False,False,False,,keep
T02_WOODLOUSE,T02,pain_suffering,woodlouse,T5,Everyone could see that the woodlouse was suffering.,False,31.316129684448242,-0.8428841723135746,False,35.284396489461265,11.351463085432243,-0.34958196799368074,False,False,False,,keep
T02_OAK_TREE,T02,pain_suffering,oak tree,T6,Everyone could see that the oak tree was suffering.,True,31.030567169189453,-0.8460837489275703,False,35.284396489461265,11.351463085432243,-0.3747384181454909,False,False,False,,keep
T02_MUSHROOM,T02,pain_suffering,mushroom,T6,Everyone could see that the mushroom was suffering.,False,66.32024383544922,-0.4506816280486811,False,35.284396489461265,11.351463085432243,2.7340834491914454,True,False,True,template_z=2.73,keep_expected_anomaly
T02_BACTERIUM,T02,pain_suffering,bacterium,T6,Everyone could see that the bacterium was suffering.,False,55.357337951660156,-0.5735151773169374,False,35.284396489461265,11.351463085432243,1.7683131514526305,False,False,False,,keep
T02_MOSS,T02,pain_suffering,moss,T6,Everyone could see that the moss was suffering.,False,59.74713897705078,-0.5243297837501183,False,35.284396489461265,11.351463085432243,2.1550299114290796,True,False,True,template_z=2.16,keep_expected_anomaly
T02_SEAWEED,T02,pain_suffering,seaweed,T6,Everyone could see that the seaweed was suffering.,False,40.87798309326172,-0.7357486733648789,False,35.284396489461265,11.351463085432243,0.49276349327858116,False,False,False,,keep
T02_ROCK,T02,pain_suffering,rock,T6,Everyone could see that the rock was suffering.,False,50.333431243896484,-0.629805388931335,False,35.284396489461265,11.351463085432243,1.3257352502646296,False,False,False,,keep
T02_TABLE,T02,pain_suffering,table,T6,Everyone could see that the table was suffering.,False,41.27888870239258,-0.7312567385245083,False,35.284396489461265,11.351463085432243,0.5280810207297655,False,False,False,,keep
T02_CLOUD,T02,pain_suffering,cloud,T6,Everyone could see that the cloud was suffering.,False,53.550514221191406,-0.5937596794652017,False,35.284396489461265,11.351463085432243,1.6091421514792865,False,False,False,,keep
T02_RIVER,T02,pain_suffering,river,T6,Everyone could see that the river was suffering.,False,39.52463912963867,-0.7509121751038114,False,35.284396489461265,11.351463085432243,0.3735415081091237,False,False,False,,keep
T02_STATUE,T02,pain_suffering,statue,T6,Everyone could see that the statue was suffering.,False,36.89985656738281,-0.7803214723829267,False,35.284396489461265,11.351463085432243,0.14231293937736778,False,False,False,,keep
T03_CHILD,T03,pain_suffering,child,T1,The child experienced significant physical distress during the procedure.,False,47.170379638671875,-0.6652457055140865,False,124.29150454203288,62.9700837225895,-1.224726415215088,False,False,False,,keep
T03_INFANT,T03,pain_suffering,infant,T1,The infant experienced significant physical distress during the procedure.,False,71.77691650390625,-0.389542503243023,False,124.29150454203288,62.9700837225895,-0.8339609054591088,False,False,False,,keep
T03_ELDERLY_PERSON,T03,pain_suffering,elderly person,T1,The elderly person experienced significant physical distress during the procedure.,True,61.41762161254883,-0.5056129113000288,False,124.29150454203288,62.9700837225895,-0.9984722778275276,False,False,False,,keep
T03_WORKER,T03,pain_suffering,worker,T1,The worker experienced significant physical distress during the procedure.,False,76.22552490234375,-0.3396982042335173,False,124.29150454203288,62.9700837225895,-0.7633145264891277,False,False,False,,keep
T03_PATIENT,T03,pain_suffering,patient,T1,The patient experienced significant physical distress during the procedure.,False,41.61481475830078,-0.7274928651339772,False,124.29150454203288,62.9700837225895,-1.312951879625232,False,False,False,,keep
T03_PRISONER,T03,pain_suffering,prisoner,T1,The prisoner experienced significant physical distress during the procedure.,False,63.01405334472656,-0.48772573996912927,False,124.29150454203288,62.9700837225895,-0.9731200528057107,False,False,False,,keep
T03_REFUGEE,T03,pain_suffering,refugee,T1,The refugee experienced significant physical distress during the procedure.,False,122.54927062988281,0.1793348115956026,False,124.29150454203288,62.9700837225895,-0.027667644842674262,False,False,False,,keep
T03_SOLDIER,T03,pain_suffering,soldier,T1,The soldier experienced significant physical distress during the procedure.,False,89.49336242675781,-0.19103911771812218,False,124.29150454203288,62.9700837225895,-0.5526138772274143,False,False,False,,keep
T03_TEENAGER,T03,pain_suffering,teenager,T1,The teenager experienced significant physical distress during the procedure.,False,83.15892028808594,-0.2620131841541048,False,124.29150454203288,62.9700837225895,-0.6532083462863699,False,False,False,,keep
T03_WOMAN,T03,pain_suffering,woman,T1,The woman experienced significant physical distress during the procedure.,False,59.69280242919922,-0.524938595966363,False,124.29150454203288,62.9700837225895,-1.0258633670779116,False,False,False,,keep
T03_DOG,T03,pain_suffering,dog,T2,The dog experienced significant physical distress during the procedure.,False,61.785911560058594,-0.5014864176593838,False,124.29150454203288,62.9700837225895,-0.992623628346097,False,False,False,,keep
T03_CHIMPANZEE,T03,pain_suffering,chimpanzee,T2,The chimpanzee experienced significant physical distress during the procedure.,False,35.234004974365234,-0.7989864564568212,False,124.29150454203288,62.9700837225895,-1.414282692714917,False,False,False,,keep
T03_PIG,T03,pain_suffering,pig,T2,The pig experienced significant physical distress during the procedure.,False,111.89845275878906,0.05999804307962198,False,124.29150454203288,62.9700837225895,-0.19680856448977552,False,False,False,,keep
T03_COW,T03,pain_suffering,cow,T2,The cow experienced significant physical distress during the procedure.,False,123.81642150878906,0.19353256550906126,False,124.29150454203288,62.9700837225895,-0.00754458316010451,False,False,False,,keep
T03_DOLPHIN,T03,pain_suffering,dolphin,T2,The dolphin experienced significant physical distress during the procedure.,False,64.55956268310547,-0.4704091270680704,False,124.29150454203288,62.9700837225895,-0.9485765037580781,False,False,False,,keep
T03_ELEPHANT,T03,pain_suffering,elephant,T2,The elephant experienced significant physical distress during the procedure.,False,82.28623962402344,-0.27179110840893994,False,124.29150454203288,62.9700837225895,-0.6670670012614377,False,False,False,,keep
T03_RABBIT,T03,pain_suffering,rabbit,T2,The rabbit experienced significant physical distress during the procedure.,False,91.05746459960938,-0.17351418196238935,False,124.29150454203288,62.9700837225895,-0.5277750636132842,False,False,False,,keep
T03_RAT,T03,pain_suffering,rat,T2,The rat experienced significant physical distress during the procedure.,False,97.8521728515625,-0.09738307770253544,False,124.29150454203288,62.9700837225895,-0.4198713123353479,False,False,False,,keep
T03_HORSE,T03,pain_suffering,horse,T2,The horse experienced significant physical distress during the procedure.,False,78.66911315917969,-0.312319093100106,False,124.29150454203288,62.9700837225895,-0.7245089840413679,False,False,False,,keep
T03_WHALE,T03,pain_suffering,whale,T2,The whale experienced significant physical distress during the procedure.,False,143.8015594482422,0.41745544250362804,False,124.29150454203288,62.9700837225895,0.3098305378179192,False,False,False,,keep
T03_SALMON,T03,pain_suffering,salmon,T3,The salmon experienced significant physical distress during the procedure.,False,170.28216552734375,0.7141565969193026,False,124.29150454203288,62.9700837225895,0.7303573104320403,False,False,False,,keep
T03_CHICKEN,T03,pain_suffering,chicken,T3,The chicken experienced significant physical distress during the procedure.,False,127.9293441772461,0.2396156838526653,False,124.29150454203288,62.9700837225895,0.0577709194613663,False,False,False,,keep
T03_FROG,T03,pain_suffering,frog,T3,The frog experienced significant physical distress during the procedure.,False,139.5272674560547,0.3695642664254281,False,124.29150454203288,62.9700837225895,0.24195240046276484,False,False,False,,keep
T03_ZEBRAFISH,T03,pain_suffering,zebrafish,T3,The zebrafish experienced significant physical distress during the procedure.,False,203.11148071289062,1.0819916715823017,False,124.29150454203288,62.9700837225895,1.2517051194991877,False,False,False,,keep
T03_CROW,T03,pain_suffering,crow,T3,The crow experienced significant physical distress during the procedure.,False,201.3223419189453,1.061945319773444,False,124.29150454203288,62.9700837225895,1.2232925990104546,False,False,False,,keep
T03_SNAKE,T03,pain_suffering,snake,T3,The snake experienced significant physical distress during the procedure.,False,131.4566192626953,0.2791369314656632,False,124.29150454203288,62.9700837225895,0.1137860122947885,False,False,False,,keep
T03_TUNA,T03,pain_suffering,tuna,T3,The tuna experienced significant physical distress during the procedure.,False,88.7658462524414,-0.199190550813383,False,124.29150454203288,62.9700837225895,-0.5641672392575717,False,False,False,,keep
T03_GECKO,T03,pain_suffering,gecko,T3,The gecko experienced significant physical distress during the procedure.,False,84.44214630126953,-0.2476353168820913,False,124.29150454203288,62.9700837225895,-0.6328300025186093,False,False,False,,keep
T03_TROUT,T03,pain_suffering,trout,T3,The trout experienced significant physical distress during the procedure.,False,179.97238159179688,0.822730331382638,False,124.29150454203288,62.9700837225895,0.8842433383932341,False,False,False,,keep
T03_PIGEON,T03,pain_suffering,pigeon,T3,The pigeon experienced significant physical distress during the procedure.,False,79.0909423828125,-0.3075927202503208,False,124.29150454203288,62.9700837225895,-0.717810101037001,False,False,False,,keep
T03_OCTOPUS,T03,pain_suffering,octopus,T4,The octopus experienced significant physical distress during the procedure.,False,77.96034240722656,-0.32026049367426135,False,124.29150454203288,62.9700837225895,-0.7357646583243428,False,False,False,,keep
T03_CRAB,T03,pain_suffering,crab,T4,The crab experienced significant physical distress during the procedure.,False,105.08609008789062,-0.016330869586352437,False,124.29150454203288,62.9700837225895,-0.304992677772995,False,False,False,,keep
T03_BEE,T03,pain_suffering,bee,T4,The bee experienced significant physical distress during the procedure.,False,158.24282836914062,0.579262205810276,False,124.29150454203288,62.9700837225895,0.5391659311853234,False,False,False,,keep
T03_SHRIMP,T03,pain_suffering,shrimp,T4,The shrimp experienced significant physical distress during the procedure.,False,161.02676391601562,0.6104547279190702,False,124.29150454203288,62.9700837225895,0.5833763781515279,False,False,False,,keep
T03_LOBSTER,T03,pain_suffering,lobster,T4,The lobster experienced significant physical distress during the procedure.,False,100.18212890625,-0.0712771551606362,False,124.29150454203288,62.9700837225895,-0.3828703125438919,False,False,False,,keep
T03_SQUID,T03,pain_suffering,squid,T4,The squid experienced significant physical distress during the procedure.,False,87.937255859375,-0.20847446695284627,False,124.29150454203288,62.9700837225895,-0.5773257161736373,False,False,False,,keep
T03_CRAYFISH,T03,pain_suffering,crayfish,T4,The crayfish experienced significant physical distress during the procedure.,False,58.93901443481445,-0.5333843908794613,False,124.29150454203288,62.9700837225895,-1.0378339402425516,False,False,False,,keep
T03_BUMBLEBEE,T03,pain_suffering,bumblebee,T4,The bumblebee experienced significant physical distress during the procedure.,False,63.43793869018555,-0.48297632936418006,False,124.29150454203288,62.9700837225895,-0.9663885174416101,False,False,False,,keep
T03_MUSSEL,T03,pain_suffering,mussel,T4,The mussel experienced significant physical distress during the procedure.,False,99.51628112792969,-0.07873762656762037,False,124.29150454203288,62.9700837225895,-0.39344434610010665,False,False,False,,keep
T03_MANTIS_SHRIMP,T03,pain_suffering,mantis shrimp,T4,The mantis shrimp experienced significant physical distress during the procedure.,True,75.88118743896484,-0.343556322986083,False,124.29150454203288,62.9700837225895,-0.7687827971824915,False,False,False,,keep
T03_ANT,T03,pain_suffering,ant,T5,The ant experienced significant physical distress during the procedure.,False,138.52987670898438,0.3583890317961566,False,124.29150454203288,62.9700837225895,0.22611327991364424,False,False,False,,keep
T03_FLY,T03,pain_suffering,fly,T5,The fly experienced significant physical distress during the procedure.,False,126.64769744873047,0.22525551162821747,False,124.29150454203288,62.9700837225895,0.03741765561369804,False,False,False,,keep
T03_EARTHWORM,T03,pain_suffering,earthworm,T5,The earthworm experienced significant physical distress during the procedure.,False,135.09706115722656,0.3199261531875572,False,124.29150454203288,62.9700837225895,0.17159825708342455,False,False,False,,keep
T03_MOTH,T03,pain_suffering,moth,T5,The moth experienced significant physical distress during the procedure.,False,149.11257934570312,0.47696260521713124,False,124.29150454203288,62.9700837225895,0.394172491702851,False,False,False,,keep
T03_BEETLE,T03,pain_suffering,beetle,T5,The beetle experienced significant physical distress during the procedure.,False,101.74250030517578,-0.05379402074915267,False,124.29150454203288,62.9700837225895,-0.3580907456975162,False,False,False,,keep
T03_APHID,T03,pain_suffering,aphid,T5,The aphid experienced significant physical distress during the procedure.,False,125.27957153320312,0.2099263859537368,False,124.29150454203288,62.9700837225895,0.01569105411266572,False,False,False,,keep
T03_NEMATODE,T03,pain_suffering,nematode,T5,The nematode experienced significant physical distress during the procedure.,False,154.45350646972656,0.5368048625512015,False,124.29150454203288,62.9700837225895,0.4789893890020913,False,False,False,,keep
T03_COCKROACH,T03,pain_suffering,cockroach,T5,The cockroach experienced significant physical distress during the procedure.,False,54.597198486328125,-0.5820321370952454,False,124.29150454203288,62.9700837225895,-1.1067843956304453,False,False,False,,keep
T03_MITE,T03,pain_suffering,mite,T5,The mite experienced significant physical distress during the procedure.,False,82.48541259765625,-0.26955948081594855,False,124.29150454203288,62.9700837225895,-0.663904023512984,False,False,False,,keep
T03_WOODLOUSE,T03,pain_suffering,woodlouse,T5,The woodlouse experienced significant physical distress during the procedure.,False,101.7800064086914,-0.05337378474029855,False,124.29150454203288,62.9700837225895,-0.35749512788508236,False,False,False,,keep
T03_OAK_TREE,T03,pain_suffering,oak tree,T6,The oak tree experienced significant physical distress during the procedure.,True,207.7222137451172,1.133652491175239,False,124.29150454203288,62.9700837225895,1.3249261279472444,False,False,False,,keep
T03_MUSHROOM,T03,pain_suffering,mushroom,T6,The mushroom experienced significant physical distress during the procedure.,False,227.90118408203125,1.359747157437696,False,124.29150454203288,62.9700837225895,1.645379415349738,False,False,False,,keep
T03_BACTERIUM,T03,pain_suffering,bacterium,T6,The bacterium experienced significant physical distress during the procedure.,False,215.45852661132812,1.2203337760170208,False,124.29150454203288,62.9700837225895,1.447783084915775,False,False,False,,keep
T03_MOSS,T03,pain_suffering,moss,T6,The moss experienced significant physical distress during the procedure.,False,311.3788146972656,2.2950697590971827,True,124.29150454203288,62.9700837225895,2.971050681454282,True,False,True,global_z=2.30; template_z=2.97,keep_expected_anomaly
T03_SEAWEED,T03,pain_suffering,seaweed,T6,The seaweed experienced significant physical distress during the procedure.,False,155.02578735351562,0.5432169665024114,False,124.29150454203288,62.9700837225895,0.48807752816211225,False,False,False,,keep
T03_ROCK,T03,pain_suffering,rock,T6,The rock experienced significant physical distress during the procedure.,False,204.480224609375,1.09732772140583,False,124.29150454203288,62.9700837225895,1.2734415348819952,False,False,False,,keep
T03_TABLE,T03,pain_suffering,table,T6,The table experienced significant physical distress during the procedure.,False,174.7157440185547,0.7638324937853089,False,124.29150454203288,62.9700837225895,0.8007650061045246,False,False,False,,keep
T03_CLOUD,T03,pain_suffering,cloud,T6,The cloud experienced significant physical distress during the procedure.,False,238.94979858398438,1.483541026340506,False,124.29150454203288,62.9700837225895,1.8208375670432797,False,False,False,,keep
T03_RIVER,T03,pain_suffering,river,T6,The river experienced significant physical distress during the procedure.,False,280.9503173828125,1.9541345760668551,False,124.29150454203288,62.9700837225895,2.4878291972888196,True,False,True,template_z=2.49,keep_expected_anomaly
T03_STATUE,T03,pain_suffering,statue,T6,The statue experienced significant physical distress during the procedure.,False,269.997314453125,1.831411984150001,False,124.29150454203288,62.9700837225895,2.313889410612654,True,False,True,template_z=2.31,keep_expected_anomaly
T04_CHILD,T04,pain_suffering,child,T1,"After the injury, the child showed clear signs of pain.",False,23.424631118774414,-0.9313042306578172,False,38.66507657368978,11.98053148489061,-1.272100947619564,False,False,False,,keep
T04_INFANT,T04,pain_suffering,infant,T1,"After the injury, the infant showed clear signs of pain.",False,34.18865203857422,-0.810699081987163,False,38.66507657368978,11.98053148489061,-0.37364156513098423,False,False,False,,keep
T04_ELDERLY_PERSON,T04,pain_suffering,elderly person,T1,"After the injury, the elderly person showed clear signs of pain.",True,39.31418228149414,-0.7532702325294096,False,38.66507657368978,11.98053148489061,0.05418004273207637,False,False,False,,keep
T04_WORKER,T04,pain_suffering,worker,T1,"After the injury, the worker showed clear signs of pain.",False,35.95347595214844,-0.7909251655241595,False,38.66507657368978,11.98053148489061,-0.22633391723573457,False,False,False,,keep
T04_PATIENT,T04,pain_suffering,patient,T1,"After the injury, the patient showed clear signs of pain.",False,26.49132537841797,-0.8969435470557054,False,38.66507657368978,11.98053148489061,-1.0161278079044225,False,False,False,,keep
T04_PRISONER,T04,pain_suffering,prisoner,T1,"After the injury, the prisoner showed clear signs of pain.",False,35.61481857299805,-0.7947196419438138,False,38.66507657368978,11.98053148489061,-0.25460122570844235,False,False,False,,keep
T04_REFUGEE,T04,pain_suffering,refugee,T1,"After the injury, the refugee showed clear signs of pain.",False,51.056949615478516,-0.6216987490965785,False,38.66507657368978,11.98053148489061,1.034334166010656,False,False,False,,keep
T04_SOLDIER,T04,pain_suffering,soldier,T1,"After the injury, the soldier showed clear signs of pain.",False,36.31458282470703,-0.7868791544307757,False,38.66507657368978,11.98053148489061,-0.19619277758646209,False,False,False,,keep
T04_TEENAGER,T04,pain_suffering,teenager,T1,"After the injury, the teenager showed clear signs of pain.",False,35.32441711425781,-0.7979734363545175,False,38.66507657368978,11.98053148489061,-0.2788406727735811,False,False,False,,keep
T04_WOMAN,T04,pain_suffering,woman,T1,"After the injury, the woman showed clear signs of pain.",False,32.68804168701172,-0.8275126255407632,False,38.66507657368978,11.98053148489061,-0.4988956369937403,False,False,False,,keep
T04_DOG,T04,pain_suffering,dog,T2,"After the injury, the dog showed clear signs of pain.",False,22.45491600036621,-0.9421693745380818,False,38.66507657368978,11.98053148489061,-1.3530418574307164,False,False,False,,keep
T04_CHIMPANZEE,T04,pain_suffering,chimpanzee,T2,"After the injury, the chimpanzee showed clear signs of pain.",False,18.202571868896484,-0.9898146364709458,False,38.66507657368978,11.98053148489061,-1.7079797111338364,False,False,False,,keep
T04_PIG,T04,pain_suffering,pig,T2,"After the injury, the pig showed clear signs of pain.",False,31.891830444335938,-0.8364337504634697,False,38.66507657368978,11.98053148489061,-0.5653543949945796,False,False,False,,keep
T04_COW,T04,pain_suffering,cow,T2,"After the injury, the cow showed clear signs of pain.",False,31.55522918701172,-0.84020518912796,False,38.66507657368978,11.98053148489061,-0.5934500815464432,False,False,False,,keep
T04_DOLPHIN,T04,pain_suffering,dolphin,T2,"After the injury, the dolphin showed clear signs of pain.",False,24.5736141204834,-0.9184304851705459,False,38.66507657368978,11.98053148489061,-1.176196771485305,False,False,False,,keep
T04_ELEPHANT,T04,pain_suffering,elephant,T2,"After the injury, the elephant showed clear signs of pain.",False,34.61415481567383,-0.8059315489180403,False,38.66507657368978,11.98053148489061,-0.3381253797567179,False,False,False,,keep
T04_RABBIT,T04,pain_suffering,rabbit,T2,"After the injury, the rabbit showed clear signs of pain.",False,31.59912872314453,-0.8397133180956275,False,38.66507657368978,11.98053148489061,-0.5897858420936127,False,False,False,,keep
T04_RAT,T04,pain_suffering,rat,T2,"After the injury, the rat showed clear signs of pain.",False,28.634883880615234,-0.8729261102848233,False,38.66507657368978,11.98053148489061,-0.8372076569160761,False,False,False,,keep
T04_HORSE,T04,pain_suffering,horse,T2,"After the injury, the horse showed clear signs of pain.",False,22.746061325073242,-0.9389072455035248,False,38.66507657368978,11.98053148489061,-1.328740320802378,False,False,False,,keep
T04_WHALE,T04,pain_suffering,whale,T2,"After the injury, the whale showed clear signs of pain.",False,30.683574676513672,-0.8499716158760435,False,38.66507657368978,11.98053148489061,-0.6662059948877956,False,False,False,,keep
T04_SALMON,T04,pain_suffering,salmon,T3,"After the injury, the salmon showed clear signs of pain.",False,37.78746032714844,-0.7703763427510943,False,38.66507657368978,11.98053148489061,-0.07325353200299667,False,False,False,,keep
T04_CHICKEN,T04,pain_suffering,chicken,T3,"After the injury, the chicken showed clear signs of pain.",False,30.18616485595703,-0.8555448292509942,False,38.66507657368978,11.98053148489061,-0.7077241713713645,False,False,False,,keep
T04_FROG,T04,pain_suffering,frog,T3,"After the injury, the frog showed clear signs of pain.",False,38.145843505859375,-0.7663608492035122,False,38.66507657368978,11.98053148489061,-0.043339735677439935,False,False,False,,keep
T04_ZEBRAFISH,T04,pain_suffering,zebrafish,T3,"After the injury, the zebrafish showed clear signs of pain.",False,36.886627197265625,-0.7804697004625347,False,38.66507657368978,11.98053148489061,-0.14844494826185872,False,False,False,,keep
T04_CROW,T04,pain_suffering,crow,T3,"After the injury, the crow showed clear signs of pain.",False,54.338829040527344,-0.5849270297803236,False,38.66507657368978,11.98053148489061,1.3082685427273992,False,False,False,,keep
T04_SNAKE,T04,pain_suffering,snake,T3,"After the injury, the snake showed clear signs of pain.",False,36.77383804321289,-0.7817334431470129,False,38.66507657368978,11.98053148489061,-0.1578593180830123,False,False,False,,keep
T04_TUNA,T04,pain_suffering,tuna,T3,"After the injury, the tuna showed clear signs of pain.",False,39.58957290649414,-0.7501846265539014,False,38.66507657368978,11.98053148489061,0.07716655425264723,False,False,False,,keep
T04_GECKO,T04,pain_suffering,gecko,T3,"After the injury, the gecko showed clear signs of pain.",False,34.10050964355469,-0.8116866708012989,False,38.66507657368978,11.98053148489061,-0.38099870075812176,False,False,False,,keep
T04_TROUT,T04,pain_suffering,trout,T3,"After the injury, the trout showed clear signs of pain.",False,38.2535400390625,-0.7651541666361842,False,38.66507657368978,11.98053148489061,-0.034350440558191864,False,False,False,,keep
T04_PIGEON,T04,pain_suffering,pigeon,T3,"After the injury, the pigeon showed clear signs of pain.",False,30.044086456298828,-0.8571367424069921,False,38.66507657368978,11.98053148489061,-0.7195832779425034,False,False,False,,keep
T04_OCTOPUS,T04,pain_suffering,octopus,T4,"After the injury, the octopus showed clear signs of pain.",False,30.411785125732422,-0.8530168737237691,False,38.66507657368978,11.98053148489061,-0.6888919292408768,False,False,False,,keep
T04_CRAB,T04,pain_suffering,crab,T4,"After the injury, the crab showed clear signs of pain.",False,36.87773895263672,-0.7805692885321676,False,38.66507657368978,11.98053148489061,-0.1491868389400908,False,False,False,,keep
T04_BEE,T04,pain_suffering,bee,T4,"After the injury, the bee showed clear signs of pain.",False,38.76005935668945,-0.759478886175275,False,38.66507657368978,11.98053148489061,0.007928094268560688,False,False,False,,keep
T04_SHRIMP,T04,pain_suffering,shrimp,T4,"After the injury, the shrimp showed clear signs of pain.",False,37.65424346923828,-0.7718689670290849,False,38.66507657368978,11.98053148489061,-0.08437297675201838,False,False,False,,keep
T04_LOBSTER,T04,pain_suffering,lobster,T4,"After the injury, the lobster showed clear signs of pain.",False,31.027053833007812,-0.8461231139971549,False,38.66507657368978,11.98053148489061,-0.6375362186823474,False,False,False,,keep
T04_SQUID,T04,pain_suffering,squid,T4,"After the injury, the squid showed clear signs of pain.",False,39.86628341674805,-0.7470842319637611,False,38.66507657368978,11.98053148489061,0.10026323494689549,False,False,False,,keep
T04_CRAYFISH,T04,pain_suffering,crayfish,T4,"After the injury, the crayfish showed clear signs of pain.",False,26.922504425048828,-0.8921124143953323,False,38.66507657368978,11.98053148489061,-0.9801378314017402,False,False,False,,keep
T04_BUMBLEBEE,T04,pain_suffering,bumblebee,T4,"After the injury, the bumblebee showed clear signs of pain.",False,26.34990882873535,-0.898528044533557,False,38.66507657368978,11.98053148489061,-1.0279316706847146,False,False,False,,keep
T04_MUSSEL,T04,pain_suffering,mussel,T4,"After the injury, the mussel showed clear signs of pain.",False,43.14469528198242,-0.7103513648171612,False,38.66507657368978,11.98053148489061,0.37390817877672333,False,False,False,,keep
T04_MANTIS_SHRIMP,T04,pain_suffering,mantis shrimp,T4,"After the injury, the mantis shrimp showed clear signs of pain.",True,30.234804153442383,-0.8549998517051344,False,38.66507657368978,11.98053148489061,-0.7036643099581464,False,False,False,,keep
T04_ANT,T04,pain_suffering,ant,T5,"After the injury, the ant showed clear signs of pain.",False,62.07646560668945,-0.49823091358224886,False,38.66507657368978,11.98053148489061,1.9541194030102274,False,False,False,,keep
T04_FLY,T04,pain_suffering,fly,T5,"After the injury, the fly showed clear signs of pain.",False,46.29130935668945,-0.6750952220507392,False,38.66507657368978,11.98053148489061,0.6365521256396335,False,False,False,,keep
T04_EARTHWORM,T04,pain_suffering,earthworm,T5,"After the injury, the earthworm showed clear signs of pain.",False,43.38740539550781,-0.707631926649612,False,38.66507657368978,11.98053148489061,0.3941668888207216,False,False,False,,keep
T04_MOTH,T04,pain_suffering,moth,T5,"After the injury, the moth showed clear signs of pain.",False,44.47516632080078,-0.6954441420763053,False,38.66507657368978,11.98053148489061,0.48496093469963863,False,False,False,,keep
T04_BEETLE,T04,pain_suffering,beetle,T5,"After the injury, the beetle showed clear signs of pain.",False,30.564090728759766,-0.8513103701752023,False,38.66507657368978,11.98053148489061,-0.6761791707777464,False,False,False,,keep
T04_APHID,T04,pain_suffering,aphid,T5,"After the injury, the aphid showed clear signs of pain.",False,44.3126106262207,-0.6972654924674059,False,38.66507657368978,11.98053148489061,0.4713926138964183,False,False,False,,keep
T04_NEMATODE,T04,pain_suffering,nematode,T5,"After the injury, the nematode showed clear signs of pain.",False,34.15974044799805,-0.8110230210342649,False,38.66507657368978,11.98053148489061,-0.3760547794873451,False,False,False,,keep
T04_COCKROACH,T04,pain_suffering,cockroach,T5,"After the injury, the cockroach showed clear signs of pain.",False,22.619827270507812,-0.9403216311714455,False,38.66507657368978,11.98053148489061,-1.3392769196773637,False,False,False,,keep
T04_MITE,T04,pain_suffering,mite,T5,"After the injury, the mite showed clear signs of pain.",False,36.65129470825195,-0.7831064762581226,False,38.66507657368978,11.98053148489061,-0.1680878572021227,False,False,False,,keep
T04_WOODLOUSE,T04,pain_suffering,woodlouse,T5,"After the injury, the woodlouse showed clear signs of pain.",False,36.053428649902344,-0.7898052485282282,False,38.66507657368978,11.98053148489061,-0.217990990389796,False,False,False,,keep
T04_OAK_TREE,T04,pain_suffering,oak tree,T6,"After the injury, the oak tree showed clear signs of pain.",True,41.850318908691406,-0.7248541659636539,False,38.66507657368978,11.98053148489061,0.2658681995050663,False,False,False,,keep
T04_MUSHROOM,T04,pain_suffering,mushroom,T6,"After the injury, the mushroom showed clear signs of pain.",False,63.43025588989258,-0.4830624110690043,False,38.66507657368978,11.98053148489061,2.0671185871374487,True,False,True,template_z=2.07,keep_expected_anomaly
T04_BACTERIUM,T04,pain_suffering,bacterium,T6,"After the injury, the bacterium showed clear signs of pain.",False,63.39726638793945,-0.48343204095148706,False,38.66507657368978,11.98053148489061,2.0643649946115468,True,False,True,template_z=2.06,keep_expected_anomaly
T04_MOSS,T04,pain_suffering,moss,T6,"After the injury, the moss showed clear signs of pain.",False,60.65480422973633,-0.5141598757242091,False,38.66507657368978,11.98053148489061,1.8354551034550641,False,False,False,,keep
T04_SEAWEED,T04,pain_suffering,seaweed,T6,"After the injury, the seaweed showed clear signs of pain.",False,57.6197509765625,-0.548166038620926,False,38.66507657368978,11.98053148489061,1.5821229990320238,False,False,False,,keep
T04_ROCK,T04,pain_suffering,rock,T6,"After the injury, the rock showed clear signs of pain.",False,49.03715896606445,-0.6443294326832387,False,38.66507657368978,11.98053148489061,0.8657447631146871,False,False,False,,keep
T04_TABLE,T04,pain_suffering,table,T6,"After the injury, the table showed clear signs of pain.",False,49.08782196044922,-0.6437617806863315,False,38.66507657368978,11.98053148489061,0.86997353998061,False,False,False,,keep
T04_CLOUD,T04,pain_suffering,cloud,T6,"After the injury, the cloud showed clear signs of pain.",False,77.40807342529297,-0.3264483748729845,False,38.66507657368978,11.98053148489061,3.233829559269919,True,False,True,template_z=3.23,keep_expected_anomaly
T04_RIVER,T04,pain_suffering,river,T6,"After the injury, the river showed clear signs of pain.",False,56.47565460205078,-0.5609850320407297,False,38.66507657368978,11.98053148489061,1.4866267035667844,False,False,False,,keep
T04_STATUE,T04,pain_suffering,statue,T6,"After the injury, the statue showed clear signs of pain.",False,55.669559478759766,-0.5700169006065342,False,38.66507657368978,11.98053148489061,1.4193429503954302,False,False,False,,keep
T05_CHILD,T05,fear,child,T1,The child felt fear as the predator approached.,False,116.53682708740234,0.11196856874661917,False,229.6672768274943,135.38657869644774,-0.8356105223232165,False,False,False,,keep
T05_INFANT,T05,fear,infant,T1,The infant felt fear as the predator approached.,False,180.4936981201172,0.8285714067457384,False,229.6672768274943,135.38657869644774,-0.363208666478159,False,False,False,,keep
T05_ELDERLY_PERSON,T05,fear,elderly person,T1,The elderly person felt fear as the predator approached.,True,155.59938049316406,0.5496437735849318,False,229.6672768274943,135.38657869644774,-0.5470844824315929,False,False,False,,keep
T05_WORKER,T05,fear,worker,T1,The worker felt fear as the predator approached.,False,217.06214904785156,1.238301515378503,False,229.6672768274943,135.38657869644774,-0.09310470728346631,False,False,False,,keep
T05_PATIENT,T05,fear,patient,T1,The patient felt fear as the predator approached.,False,202.17227172851562,1.0714683327633479,False,229.6672768274943,135.38657869644774,-0.2030851607575197,False,False,False,,keep
T05_PRISONER,T05,fear,prisoner,T1,The prisoner felt fear as the predator approached.,False,191.54278564453125,0.952370575614486,False,229.6672768274943,135.38657869644774,-0.2815972716796585,False,False,False,,keep
T05_REFUGEE,T05,fear,refugee,T1,The refugee felt fear as the predator approached.,False,269.07861328125,1.821118424499436,False,229.6672768274943,135.38657869644774,0.29110224095492093,False,False,False,,keep
T05_SOLDIER,T05,fear,soldier,T1,The soldier felt fear as the predator approached.,False,160.47732543945312,0.6042985610326507,False,229.6672768274943,135.38657869644774,-0.5110547297540696,False,False,False,,keep
T05_TEENAGER,T05,fear,teenager,T1,The teenager felt fear as the predator approached.,False,180.53759765625,0.8290632777780709,False,229.6672768274943,135.38657869644774,-0.36288441324304893,False,False,False,,keep
T05_WOMAN,T05,fear,woman,T1,The woman felt fear as the predator approached.,False,142.5414581298828,0.4033366751793031,False,229.6672768274943,135.38657869644774,-0.6435336466619603,False,False,False,,keep
T05_DOG,T05,fear,dog,T2,The dog felt fear as the predator approached.,False,129.77723693847656,0.2603203427209585,False,229.6672768274943,135.38657869644774,-0.7378134586958038,False,False,False,,keep
T05_CHIMPANZEE,T05,fear,chimpanzee,T2,The chimpanzee felt fear as the predator approached.,False,51.84352493286133,-0.6128855896090192,False,229.6672768274943,135.38657869644774,-1.3134518473454762,False,False,False,,keep
T05_PIG,T05,fear,pig,T2,The pig felt fear as the predator approached.,False,190.01394653320312,0.9352407437710648,False,229.6672768274943,135.38657869644774,-0.29288966953806034,False,False,False,,keep
T05_COW,T05,fear,cow,T2,The cow felt fear as the predator approached.,False,181.55308532714844,0.8404412788461142,False,229.6672768274943,135.38657869644774,-0.35538376081002393,False,False,False,,keep
T05_DOLPHIN,T05,fear,dolphin,T2,The dolphin felt fear as the predator approached.,False,110.81000518798828,0.04780256500737366,False,229.6672768274943,135.38657869644774,-0.8779102979328378,False,False,False,,keep
T05_ELEPHANT,T05,fear,elephant,T2,The elephant felt fear as the predator approached.,False,164.2894287109375,0.6470111574899429,False,229.6672768274943,135.38657869644774,-0.4828975570993743,False,False,False,,keep
T05_RABBIT,T05,fear,rabbit,T2,The rabbit felt fear as the predator approached.,False,153.29481506347656,0.5238223395372282,False,229.6672768274943,135.38657869644774,-0.5641065938689062,False,False,False,,keep
T05_RAT,T05,fear,rat,T2,The rat felt fear as the predator approached.,False,276.3851013183594,1.9029837499704239,False,229.6672768274943,135.38657869644774,0.3450698358779846,False,False,False,,keep
T05_HORSE,T05,fear,horse,T2,The horse felt fear as the predator approached.,False,146.26502990722656,0.44505732317305924,False,229.6672768274943,135.38657869644774,-0.616030390333337,False,False,False,,keep
T05_WHALE,T05,fear,whale,T2,The whale felt fear as the predator approached.,False,257.01580810546875,1.68596108669325,False,229.6672768274943,135.38657869644774,0.2020032675417036,False,False,False,,keep
T05_SALMON,T05,fear,salmon,T3,The salmon felt fear as the predator approached.,False,222.34857177734375,1.297533079863254,False,229.6672768274943,135.38657869644774,-0.05405783291532858,False,False,False,,keep
T05_CHICKEN,T05,fear,chicken,T3,The chicken felt fear as the predator approached.,False,175.9714813232422,0.777902364649694,False,229.6672768274943,135.38657869644774,-0.3966109197917192,False,False,False,,keep
T05_FROG,T05,fear,frog,T3,The frog felt fear as the predator approached.,False,242.7415313720703,1.5260253823291976,False,229.6672768274943,135.38657869644774,0.09656979791098783,False,False,False,,keep
T05_ZEBRAFISH,T05,fear,zebrafish,T3,The zebrafish felt fear as the predator approached.,False,236.474609375,1.4558078432891381,False,229.6672768274943,135.38657869644774,0.05028070443207311,False,False,False,,keep
T05_CROW,T05,fear,crow,T3,The crow felt fear as the predator approached.,False,227.6573486328125,1.3570151104802148,False,229.6672768274943,135.38657869644774,-0.014845845238384338,False,False,False,,keep
T05_SNAKE,T05,fear,snake,T3,The snake felt fear as the predator approached.,False,162.47344970703125,0.6266640753557906,False,229.6672768274943,135.38657869644774,-0.49631084386229546,False,False,False,,keep
T05_TUNA,T05,fear,tuna,T3,The tuna felt fear as the predator approached.,False,225.74819946289062,1.3356241060230098,False,229.6672768274943,135.38657869644774,-0.0289473107477714,False,False,False,,keep
T05_GECKO,T05,fear,gecko,T3,The gecko felt fear as the predator approached.,False,163.80514526367188,0.641585018169759,False,229.6672768274943,135.38657869644774,-0.48647459887063765,False,False,False,,keep
T05_TROUT,T05,fear,trout,T3,The trout felt fear as the predator approached.,False,241.27793884277344,1.5096266038518706,False,229.6672768274943,135.38657869644774,0.08575932804470648,False,False,False,,keep
T05_PIGEON,T05,fear,pigeon,T3,The pigeon felt fear as the predator approached.,False,152.12347412109375,0.5106980851760865,False,229.6672768274943,135.38657869644774,-0.5727584185450366,False,False,False,,keep
T05_OCTOPUS,T05,fear,octopus,T4,The octopus felt fear as the predator approached.,False,118.35057067871094,0.1322906042675505,False,229.6672768274943,135.38657869644774,-0.822213746891176,False,False,False,,keep
T05_CRAB,T05,fear,crab,T4,The crab felt fear as the predator approached.,False,239.84133911132812,1.49353026536627,False,229.6672768274943,135.38657869644774,0.07514823390762562,False,False,False,,keep
T05_BEE,T05,fear,bee,T4,The bee felt fear as the predator approached.,False,216.0768585205078,1.227261857297247,False,229.6672768274943,135.38657869644774,-0.10038231586793969,False,False,False,,keep
T05_SHRIMP,T05,fear,shrimp,T4,The shrimp felt fear as the predator approached.,False,235.22930908203125,1.4418549136086654,False,229.6672768274943,135.38657869644774,0.04108259702025309,False,False,False,,keep
T05_LOBSTER,T05,fear,lobster,T4,The lobster felt fear as the predator approached.,False,165.0478515625,0.655508883520897,False,229.6672768274943,135.38657869644774,-0.477295651364959,False,False,False,,keep
T05_SQUID,T05,fear,squid,T4,The squid felt fear as the predator approached.,False,196.14813232421875,1.0039710439823926,False,229.6672768274943,135.38657869644774,-0.2475809997269325,False,False,False,,keep
T05_CRAYFISH,T05,fear,crayfish,T4,The crayfish felt fear as the predator approached.,False,90.42634582519531,-0.18058553328957208,False,229.6672768274943,135.38657869644774,-1.0284692348603708,False,False,False,,keep
T05_BUMBLEBEE,T05,fear,bumblebee,T4,The bumblebee felt fear as the predator approached.,False,78.65361785888672,-0.31249270972622134,False,229.6672768274943,135.38657869644774,-1.115425623592997,False,False,False,,keep
T05_MUSSEL,T05,fear,mussel,T4,The mussel felt fear as the predator approached.,False,197.750732421875,1.0219273285787842,False,229.6672768274943,135.38657869644774,-0.23574378430213427,False,False,False,,keep
T05_MANTIS_SHRIMP,T05,fear,mantis shrimp,T4,The mantis shrimp felt fear as the predator approached.,True,82.81982421875,-0.26581257586474966,False,229.6672768274943,135.38657869644774,-1.0846529546920094,False,False,False,,keep
T05_ANT,T05,fear,ant,T5,The ant felt fear as the predator approached.,False,205.93939208984375,1.113676919556644,False,229.6672768274943,135.38657869644774,-0.17526024341638174,False,False,False,,keep
T05_FLY,T05,fear,fly,T5,The fly felt fear as the predator approached.,False,268.6230163574219,1.8160137024683676,False,229.6672768274943,135.38657869644774,0.2877370852045151,False,False,False,,keep
T05_EARTHWORM,T05,fear,earthworm,T5,The earthworm felt fear as the predator approached.,False,174.77230834960938,0.764466267131453,False,229.6672768274943,135.38657869644774,-0.4054683189902136,False,False,False,,keep
T05_MOTH,T05,fear,moth,T5,The moth felt fear as the predator approached.,False,193.21461486816406,0.9711025358708333,False,229.6672768274943,135.38657869644774,-0.26924871217154617,False,False,False,,keep
T05_BEETLE,T05,fear,beetle,T5,The beetle felt fear as the predator approached.,False,141.0920867919922,0.3870972376133889,False,229.6672768274943,135.38657869644774,-0.6542390751604549,False,False,False,,keep
T05_APHID,T05,fear,aphid,T5,The aphid felt fear as the predator approached.,False,187.70712280273438,0.9093940066601757,False,229.6672768274943,135.38657869644774,-0.3099284613642495,False,False,False,,keep
T05_NEMATODE,T05,fear,nematode,T5,The nematode felt fear as the predator approached.,False,218.70054626464844,1.2566588877197162,False,229.6672768274943,135.38657869644774,-0.08100308515391719,False,False,False,,keep
T05_COCKROACH,T05,fear,cockroach,T5,The cockroach felt fear as the predator approached.,False,89.93205261230469,-0.18612382672766006,False,229.6672768274943,135.38657869644774,-1.032120211328274,False,False,False,,keep
T05_MITE,T05,fear,mite,T5,The mite felt fear as the predator approached.,False,151.8662567138672,0.5078161004725659,False,229.6672768274943,135.38657869644774,-0.5746582922969488,False,False,False,,keep
T05_WOODLOUSE,T05,fear,woodlouse,T5,The woodlouse felt fear as the predator approached.,False,113.2070541381836,0.0746602278791881,False,229.6672768274943,135.38657869644774,-0.8602050794889197,False,False,False,,keep
T05_OAK_TREE,T05,fear,oak tree,T6,The oak tree felt fear as the predator approached.,True,275.72705078125,1.8956106425180874,False,229.6672768274943,135.38657869644774,0.34020930580591,False,False,False,,keep
T05_MUSHROOM,T05,fear,mushroom,T6,The mushroom felt fear as the predator approached.,False,510.9439697265625,4.531091536750709,True,229.6672768274943,135.38657869644774,2.077581807645223,True,True,True,global_z=4.53; template_z=2.08; absolute>500,keep_expected_anomaly
T05_BACTERIUM,T05,fear,bacterium,T6,The bacterium felt fear as the predator approached.,False,445.5293884277344,3.7981558279151955,True,229.6672768274943,135.38657869644774,1.5944129298386933,False,False,True,global_z=3.80,keep_expected_anomaly
T05_MOSS,T05,fear,moss,T6,The moss felt fear as the predator approached.,False,620.2957153320312,5.756319881660725,True,229.6672768274943,135.38657869644774,2.885281851906242,True,True,True,global_z=5.76; template_z=2.89; absolute>500,keep_expected_anomaly
T05_SEAWEED,T05,fear,seaweed,T6,The seaweed felt fear as the predator approached.,False,365.5694885253906,2.9022475342334184,True,229.6672768274943,135.38657869644774,1.003808597620335,False,False,True,global_z=2.90,keep_expected_anomaly
T05_ROCK,T05,fear,rock,T6,The rock felt fear as the predator approached.,False,419.7254638671875,3.5090365312231393,True,229.6672768274943,135.38657869644774,1.403818523738793,False,False,True,global_z=3.51,keep_expected_anomaly
T05_TABLE,T05,fear,table,T6,The table felt fear as the predator approached.,False,490.9599304199219,4.307180969354448,True,229.6672768274943,135.38657869644774,1.9299745669640982,False,False,True,global_z=4.31,keep_expected_anomaly
T05_CLOUD,T05,fear,cloud,T6,The cloud felt fear as the predator approached.,False,622.3642578125,5.779496803672239,True,229.6672768274943,135.38657869644774,2.900560637295351,True,True,True,global_z=5.78; template_z=2.90; absolute>500,keep_expected_anomaly
T05_RIVER,T05,fear,river,T6,The river felt fear as the predator approached.,False,467.8260498046875,4.04797809974674,True,229.6672768274943,135.38657869644774,1.7591017903714998,False,False,True,global_z=4.05,keep_expected_anomaly
T05_STATUE,T05,fear,statue,T6,The statue felt fear as the predator approached.,False,667.784423828125,6.288405687794152,True,229.6672768274943,135.38657869644774,3.2360456347961906,True,True,True,global_z=6.29; template_z=3.24; absolute>500,keep_expected_anomaly
T06_CHILD,T06,fear,child,T1,The child was visibly terrified by what was happening.,False,31.437767028808594,-0.8415212903469018,False,69.18844966888427,31.321472261421007,-1.2052652673857098,False,False,False,,keep
T06_INFANT,T06,fear,infant,T1,The infant was visibly terrified by what was happening.,False,52.14497756958008,-0.6095079726070167,False,69.18844966888427,31.321472261421007,-0.5441465827995839,False,False,False,,keep
T06_ELDERLY_PERSON,T06,fear,elderly person,T1,The elderly person was visibly terrified by what was happening.,True,51.165611267089844,-0.6204812528890715,False,69.18844966888427,31.321472261421007,-0.575414790574623,False,False,False,,keep
T06_WORKER,T06,fear,worker,T1,The worker was visibly terrified by what was happening.,False,60.665130615234375,-0.5140441740484596,False,69.18844966888427,31.321472261421007,-0.27212383193583667,False,False,False,,keep
T06_PATIENT,T06,fear,patient,T1,The patient was visibly terrified by what was happening.,False,55.99604034423828,-0.5663588555681107,False,69.18844966888427,31.321472261421007,-0.42119378088415166,False,False,False,,keep
T06_PRISONER,T06,fear,prisoner,T1,The prisoner was visibly terrified by what was happening.,False,47.10444641113281,-0.6659844523791225,False,69.18844966888427,31.321472261421007,-0.7050755173138067,False,False,False,,keep
T06_REFUGEE,T06,fear,refugee,T1,The refugee was visibly terrified by what was happening.,False,72.99315643310547,-0.37591517953442266,False,69.18844966888427,31.321472261421007,0.12147279452465241,False,False,False,,keep
T06_SOLDIER,T06,fear,soldier,T1,The soldier was visibly terrified by what was happening.,False,44.802555084228516,-0.6917759245226146,False,69.18844966888427,31.321472261421007,-0.7785679543133138,False,False,False,,keep
T06_TEENAGER,T06,fear,teenager,T1,The teenager was visibly terrified by what was happening.,False,60.105812072753906,-0.5203110418363165,False,69.18844966888427,31.321472261421007,-0.28998118352557617,False,False,False,,keep
T06_WOMAN,T06,fear,woman,T1,The woman was visibly terrified by what was happening.,False,27.227781295776367,-0.8886919488783912,False,69.18844966888427,31.321472261421007,-1.3396773952031402,False,False,False,,keep
T06_DOG,T06,fear,dog,T2,The dog was visibly terrified by what was happening.,False,41.162567138671875,-0.732560059986875,False,69.18844966888427,31.321472261421007,-0.8947817745059251,False,False,False,,keep
T06_CHIMPANZEE,T06,fear,chimpanzee,T2,The chimpanzee was visibly terrified by what was happening.,False,24.88969612121582,-0.9148889538994268,False,69.18844966888427,31.321472261421007,-1.4143253924315589,False,False,False,,keep
T06_PIG,T06,fear,pig,T2,The pig was visibly terrified by what was happening.,False,54.32944869995117,-0.5850321315241979,False,69.18844966888427,31.321472261421007,-0.4744030179971806,False,False,False,,keep
T06_COW,T06,fear,cow,T2,The cow was visibly terrified by what was happening.,False,61.4914665222168,-0.5047855182305212,False,69.18844966888427,31.321472261421007,-0.24574142244737116,False,False,False,,keep
T06_DOLPHIN,T06,fear,dolphin,T2,The dolphin was visibly terrified by what was happening.,False,42.419288635253906,-0.718479161774007,False,69.18844966888427,31.321472261421007,-0.8546584531596949,False,False,False,,keep
T06_ELEPHANT,T06,fear,elephant,T2,The elephant was visibly terrified by what was happening.,False,57.012367248535156,-0.5549714513346944,False,69.18844966888427,31.321472261421007,-0.38874553273622864,False,False,False,,keep
T06_RABBIT,T06,fear,rabbit,T2,The rabbit was visibly terrified by what was happening.,False,53.31586456298828,-0.5963888045035086,False,69.18844966888427,31.321472261421007,-0.5067636978689034,False,False,False,,keep
T06_RAT,T06,fear,rat,T2,The rat was visibly terrified by what was happening.,False,55.32619857788086,-0.5738640774939385,False,69.18844966888427,31.321472261421007,-0.4425798051670035,False,False,False,,keep
T06_HORSE,T06,fear,horse,T2,The horse was visibly terrified by what was happening.,False,44.9756965637207,-0.6898359660228311,False,69.18844966888427,31.321472261421007,-0.7730400698624463,False,False,False,,keep
T06_WHALE,T06,fear,whale,T2,The whale was visibly terrified by what was happening.,False,71.32889556884766,-0.3945623403357692,False,69.18844966888427,31.321472261421007,0.06833797217762946,False,False,False,,keep
T06_SALMON,T06,fear,salmon,T3,The salmon was visibly terrified by what was happening.,False,90.27336120605469,-0.18229964485375896,False,69.18844966888427,31.321472261421007,0.6731775365215167,False,False,False,,keep
T06_CHICKEN,T06,fear,chicken,T3,The chicken was visibly terrified by what was happening.,False,61.23966979980469,-0.5076067670340642,False,69.18844966888427,31.321472261421007,-0.2537805312194786,False,False,False,,keep
T06_FROG,T06,fear,frog,T3,The frog was visibly terrified by what was happening.,False,70.32736206054688,-0.405783992408655,False,69.18844966888427,31.321472261421007,0.03636203247908659,False,False,False,,keep
T06_ZEBRAFISH,T06,fear,zebrafish,T3,The zebrafish was visibly terrified by what was happening.,False,202.2325439453125,1.0721436510037765,False,69.18844966888427,31.321472261421007,4.247696058665162,True,False,True,template_z=4.25,review
T06_CROW,T06,fear,crow,T3,The crow was visibly terrified by what was happening.,False,81.86482238769531,-0.2765128651593602,False,69.18844966888427,31.321472261421007,0.40471829079454424,False,False,False,,keep
T06_SNAKE,T06,fear,snake,T3,The snake was visibly terrified by what was happening.,False,58.6221809387207,-0.5369343422577554,False,69.18844966888427,31.321472261421007,-0.3373490441947762,False,False,False,,keep
T06_TUNA,T06,fear,tuna,T3,The tuna was visibly terrified by what was happening.,False,73.79672241210938,-0.36691164868971965,False,69.18844966888427,31.321472261421007,0.14712822899136702,False,False,False,,keep
T06_GECKO,T06,fear,gecko,T3,The gecko was visibly terrified by what was happening.,False,51.35321807861328,-0.6183792180115851,False,69.18844966888427,31.321472261421007,-0.5694250717658262,False,False,False,,keep
T06_TROUT,T06,fear,trout,T3,The trout was visibly terrified by what was happening.,False,101.38001251220703,-0.05785550432374112,False,69.18844966888427,31.321472261421007,1.0277793640937323,False,False,False,,keep
T06_PIGEON,T06,fear,pigeon,T3,The pigeon was visibly terrified by what was happening.,False,49.61919021606445,-0.6378080810470583,False,69.18844966888427,31.321472261421007,-0.6247873436308257,False,False,False,,keep
T06_OCTOPUS,T06,fear,octopus,T4,The octopus was visibly terrified by what was happening.,False,47.14917755126953,-0.6654832636647385,False,69.18844966888427,31.321472261421007,-0.703647387123649,False,False,False,,keep
T06_CRAB,T06,fear,crab,T4,The crab was visibly terrified by what was happening.,False,73.91075134277344,-0.3656340149654858,False,69.18844966888427,31.321472261421007,0.15076882831289104,False,False,False,,keep
T06_BEE,T06,fear,bee,T4,The bee was visibly terrified by what was happening.,False,70.48336791992188,-0.4040360294491251,False,69.18844966888427,31.321472261421007,0.04134282833928484,False,False,False,,keep
T06_SHRIMP,T06,fear,shrimp,T4,The shrimp was visibly terrified by what was happening.,False,92.63684844970703,-0.15581802311354526,False,69.18844966888427,31.321472261421007,0.7486365450868158,False,False,False,,keep
T06_LOBSTER,T06,fear,lobster,T4,The lobster was visibly terrified by what was happening.,False,58.837562561035156,-0.5345211053480816,False,69.18844966888427,31.321472261421007,-0.33047255957372146,False,False,False,,keep
T06_SQUID,T06,fear,squid,T4,The squid was visibly terrified by what was happening.,False,47.44550323486328,-0.6621630914548334,False,69.18844966888427,31.321472261421007,-0.69418660312472,False,False,False,,keep
T06_CRAYFISH,T06,fear,crayfish,T4,The crayfish was visibly terrified by what was happening.,False,47.951881408691406,-0.6564893924353733,False,69.18844966888427,31.321472261421007,-0.6780194775949334,False,False,False,,keep
T06_BUMBLEBEE,T06,fear,bumblebee,T4,The bumblebee was visibly terrified by what was happening.,False,38.87753677368164,-0.7581626139896901,False,69.18844966888427,31.321472261421007,-0.9677358919215592,False,False,False,,keep
T06_MUSSEL,T06,fear,mussel,T4,The mussel was visibly terrified by what was happening.,False,68.65389251708984,-0.42453433157914044,False,69.18844966888427,31.321472261421007,-0.017066795179128617,False,False,False,,keep
T06_MANTIS_SHRIMP,T06,fear,mantis shrimp,T4,The mantis shrimp was visibly terrified by what was happening.,True,46.85016632080078,-0.6688335260038375,False,69.18844966888427,31.321472261421007,-0.7131939125223624,False,False,False,,keep
T06_ANT,T06,fear,ant,T5,The ant was visibly terrified by what was happening.,False,72.5322265625,-0.3810796544072708,False,69.18844966888427,31.321472261421007,0.10675669603610209,False,False,False,,keep
T06_FLY,T06,fear,fly,T5,The fly was visibly terrified by what was happening.,False,73.33670043945312,-0.3720659510473006,False,69.18844966888427,31.321472261421007,0.13244111694194832,False,False,False,,keep
T06_EARTHWORM,T06,fear,earthworm,T5,The earthworm was visibly terrified by what was happening.,False,72.28421783447266,-0.3838584607416526,False,69.18844966888427,31.321472261421007,0.09883852648272452,False,False,False,,keep
T06_MOTH,T06,fear,moth,T5,The moth was visibly terrified by what was happening.,False,95.1951675415039,-0.1271534137903154,False,69.18844966888427,31.321472261421007,0.830315946056354,False,False,False,,keep
T06_BEETLE,T06,fear,beetle,T5,The beetle was visibly terrified by what was happening.,False,55.836647033691406,-0.5681447731224192,False,69.18844966888427,31.321472261421007,-0.42628272782816873,False,False,False,,keep
T06_APHID,T06,fear,aphid,T5,The aphid was visibly terrified by what was happening.,False,68.68002319335938,-0.42424155120275203,False,69.18844966888427,31.321472261421007,-0.016232521615886297,False,False,False,,keep
T06_NEMATODE,T06,fear,nematode,T5,The nematode was visibly terrified by what was happening.,False,106.55264282226562,0.00010107641974477983,False,69.18844966888427,31.321472261421007,1.1929258255016073,False,False,False,,keep
T06_COCKROACH,T06,fear,cockroach,T5,The cockroach was visibly terrified by what was happening.,False,33.341156005859375,-0.8201948257974848,False,69.18844966888427,31.321472261421007,-1.1444958067050506,False,False,False,,keep
T06_MITE,T06,fear,mite,T5,The mite was visibly terrified by what was happening.,False,49.836856842041016,-0.6353692418825734,False,69.18844966888427,31.321472261421007,-0.6178379057448976,False,False,False,,keep
T06_WOODLOUSE,T06,fear,woodlouse,T5,The woodlouse was visibly terrified by what was happening.,False,49.135440826416016,-0.643228236534732,False,69.18844966888427,31.321472261421007,-0.6402320004340206,False,False,False,,keep
T06_OAK_TREE,T06,fear,oak tree,T6,The oak tree was visibly terrified by what was happening.,True,94.6781005859375,-0.13294687494329954,False,69.18844966888427,31.321472261421007,0.8138075600120848,False,False,False,,keep
T06_MUSHROOM,T06,fear,mushroom,T6,The mushroom was visibly terrified by what was happening.,False,111.3359375,0.053695357780025946,False,69.18844966888427,31.321472261421007,1.345641976192455,False,False,False,,keep
T06_BACTERIUM,T06,fear,bacterium,T6,The bacterium was visibly terrified by what was happening.,False,164.61077880859375,0.6506117149946083,False,69.18844966888427,31.321472261421007,3.0465467377547952,True,False,True,template_z=3.05,keep_expected_anomaly
T06_MOSS,T06,fear,moss,T6,The moss was visibly terrified by what was happening.,False,145.11065673828125,0.43212318371909647,False,69.18844966888427,31.321472261421007,2.423966741911783,True,False,True,template_z=2.42,keep_expected_anomaly
T06_SEAWEED,T06,fear,seaweed,T6,The seaweed was visibly terrified by what was happening.,False,96.97940063476562,-0.10716202775722942,False,69.18844966888427,31.321472261421007,0.8872811192886282,False,False,False,,keep
T06_ROCK,T06,fear,rock,T6,The rock was visibly terrified by what was happening.,False,80.66932678222656,-0.2899077597166028,False,69.18844966888427,31.321472261421007,0.3665497272132832,False,False,False,,keep
T06_TABLE,T06,fear,table,T6,The table was visibly terrified by what was happening.,False,67.73563385009766,-0.4348229331970542,False,69.18844966888427,31.321472261421007,-0.046384020733791206,False,False,False,,keep
T06_CLOUD,T06,fear,cloud,T6,The cloud was visibly terrified by what was happening.,False,88.15569305419922,-0.20602699397288243,False,69.18844966888427,31.321472261421007,0.6055667890387484,False,False,False,,keep
T06_RIVER,T06,fear,river,T6,The river was visibly terrified by what was happening.,False,83.28042602539062,-0.26065177677472917,False,69.18844966888427,31.321472261421007,0.4499142389888099,False,False,False,,keep
T06_STATUE,T06,fear,statue,T6,The statue was visibly terrified by what was happening.,False,98.6194076538086,-0.08878661843516428,False,69.18844966888427,31.321472261421007,0.9396415896188489,False,False,False,,keep
T07_CHILD,T07,fear,child,T1,A sense of dread overcame the child as the door closed.,False,30.923860549926758,-0.8472793400339244,False,56.96186803181966,14.53518222309405,-1.7913781253132641,False,False,False,,keep
T07_INFANT,T07,fear,infant,T1,A sense of dread overcame the infant as the door closed.,False,47.85490417480469,-0.657575970935891,False,56.96186803181966,14.53518222309405,-0.6265462460144108,False,False,False,,keep
T07_ELDERLY_PERSON,T07,fear,elderly person,T1,A sense of dread overcame the elderly person as the door closed.,True,45.35546112060547,-0.68558090546654,False,56.96186803181966,14.53518222309405,-0.7985043966475696,False,False,False,,keep
T07_WORKER,T07,fear,worker,T1,A sense of dread overcame the worker as the door closed.,False,40.581756591796875,-0.7390677342916037,False,56.96186803181966,14.53518222309405,-1.1269285234001019,False,False,False,,keep
T07_PATIENT,T07,fear,patient,T1,A sense of dread overcame the patient as the door closed.,False,34.737701416015625,-0.8045472747501438,False,56.96186803181966,14.53518222309405,-1.528991262351939,False,False,False,,keep
T07_PRISONER,T07,fear,prisoner,T1,A sense of dread overcame the prisoner as the door closed.,False,27.422515869140625,-0.8865100512077251,False,56.96186803181966,14.53518222309405,-2.032265692255704,False,False,False,,keep
T07_REFUGEE,T07,fear,refugee,T1,A sense of dread overcame the refugee as the door closed.,False,50.412071228027344,-0.6289242695942187,False,56.96186803181966,14.53518222309405,-0.4506167658074319,False,False,False,,keep
T07_SOLDIER,T07,fear,soldier,T1,A sense of dread overcame the soldier as the door closed.,False,31.814664840698242,-0.8372983501486919,False,56.96186803181966,14.53518222309405,-1.7300920487372071,False,False,False,,keep
T07_TEENAGER,T07,fear,teenager,T1,A sense of dread overcame the teenager as the door closed.,False,42.65538787841797,-0.7158337949046011,False,56.96186803181966,14.53518222309405,-0.9842656207413082,False,False,False,,keep
T07_WOMAN,T07,fear,woman,T1,A sense of dread overcame the woman as the door closed.,False,27.250389099121094,-0.8884386404257393,False,56.96186803181966,14.53518222309405,-2.044107770832886,False,False,False,,keep
T07_DOG,T07,fear,dog,T2,A sense of dread overcame the dog as the door closed.,False,42.7738037109375,-0.7145070082704625,False,56.96186803181966,14.53518222309405,-0.9761187787752413,False,False,False,,keep
T07_CHIMPANZEE,T07,fear,chimpanzee,T2,A sense of dread overcame the chimpanzee as the door closed.,False,28.44359588623047,-0.8750693908649686,False,56.96186803181966,14.53518222309405,-1.96201682977722,False,False,False,,keep
T07_PIG,T07,fear,pig,T2,A sense of dread overcame the pig as the door closed.,False,59.149471282958984,-0.5310263334538631,False,56.96186803181966,14.53518222309405,0.15050401278516995,False,False,False,,keep
T07_COW,T07,fear,cow,T2,A sense of dread overcame the cow as the door closed.,False,62.082088470458984,-0.49816791237424934,False,56.96186803181966,14.53518222309405,0.35226393175202997,False,False,False,,keep
T07_DOLPHIN,T07,fear,dolphin,T2,A sense of dread overcame the dolphin as the door closed.,False,46.07488250732422,-0.6775201701754685,False,56.96186803181966,14.53518222309405,-0.7490092217211963,False,False,False,,keep
T07_ELEPHANT,T07,fear,elephant,T2,A sense of dread overcame the elephant as the door closed.,False,63.362056732177734,-0.4838265464805476,False,56.96186803181966,14.53518222309405,0.4403239396743997,False,False,False,,keep
T07_RABBIT,T07,fear,rabbit,T2,A sense of dread overcame the rabbit as the door closed.,False,52.93262481689453,-0.6006828027127764,False,56.96186803181966,14.53518222309405,-0.27720624021646706,False,False,False,,keep
T07_RAT,T07,fear,rat,T2,A sense of dread overcame the rat as the door closed.,False,61.64597702026367,-0.5030543100020197,False,56.96186803181966,14.53518222309405,0.3222600801661584,False,False,False,,keep
T07_HORSE,T07,fear,horse,T2,A sense of dread overcame the horse as the door closed.,False,46.717323303222656,-0.6703219615990711,False,56.96186803181966,14.53518222309405,-0.7048102026763782,False,False,False,,keep
T07_WHALE,T07,fear,whale,T2,A sense of dread overcame the whale as the door closed.,False,72.88662719726562,-0.37710878315355,False,56.96186803181966,14.53518222309405,1.0956009302823944,False,False,False,,keep
T07_SALMON,T07,fear,salmon,T3,A sense of dread overcame the salmon as the door closed.,False,72.07128143310547,-0.3862443002467621,False,56.96186803181966,14.53518222309405,1.0395062937208586,False,False,False,,keep
T07_CHICKEN,T07,fear,chicken,T3,A sense of dread overcame the chicken as the door closed.,False,62.49696731567383,-0.49351941483041734,False,56.96186803181966,14.53518222309405,0.3808070101150703,False,False,False,,keep
T07_FROG,T07,fear,frog,T3,A sense of dread overcame the frog as the door closed.,False,61.33716583251953,-0.5065143756676795,False,56.96186803181966,14.53518222309405,0.30101430677272345,False,False,False,,keep
T07_ZEBRAFISH,T07,fear,zebrafish,T3,A sense of dread overcame the zebrafish as the door closed.,False,78.4745864868164,-0.3144986613502593,False,56.96186803181966,14.53518222309405,1.480044634102799,False,False,False,,keep
T07_CROW,T07,fear,crow,T3,A sense of dread overcame the crow as the door closed.,False,68.42328643798828,-0.4271181504570136,False,56.96186803181966,14.53518222309405,0.7885293923565871,False,False,False,,keep
T07_SNAKE,T07,fear,snake,T3,A sense of dread overcame the snake as the door closed.,False,64.95768737792969,-0.4659483508984133,False,56.96186803181966,14.53518222309405,0.5501010736147471,False,False,False,,keep
T07_TUNA,T07,fear,tuna,T3,A sense of dread overcame the tuna as the door closed.,False,58.09136199951172,-0.5428818870978753,False,56.96186803181966,14.53518222309405,0.07770758910042926,False,False,False,,keep
T07_GECKO,T07,fear,gecko,T3,A sense of dread overcame the gecko as the door closed.,False,55.310001373291016,-0.5740455585856385,False,56.96186803181966,14.53518222309405,-0.1136460921627868,False,False,False,,keep
T07_TROUT,T07,fear,trout,T3,A sense of dread overcame the trout as the door closed.,False,68.70003509521484,-0.4240173284502654,False,56.96186803181966,14.53518222309405,0.807569308951981,False,False,False,,keep
T07_PIGEON,T07,fear,pigeon,T3,A sense of dread overcame the pigeon as the door closed.,False,47.25041198730469,-0.664348985470783,False,56.96186803181966,14.53518222309405,-0.6681344544195011,False,False,False,,keep
T07_OCTOPUS,T07,fear,octopus,T4,A sense of dread overcame the octopus as the door closed.,False,57.155296325683594,-0.553370006788341,False,56.96186803181966,14.53518222309405,0.013307593320474861,False,False,False,,keep
T07_CRAB,T07,fear,crab,T4,A sense of dread overcame the crab as the door closed.,False,70.70348358154297,-0.4015697501384151,False,56.96186803181966,14.53518222309405,0.9454037341128139,False,False,False,,keep
T07_BEE,T07,fear,bee,T4,A sense of dread overcame the bee as the door closed.,False,64.2665786743164,-0.47369185758312654,False,56.96186803181966,14.53518222309405,0.5025537712826704,False,False,False,,keep
T07_SHRIMP,T07,fear,shrimp,T4,A sense of dread overcame the shrimp as the door closed.,False,75.30101776123047,-0.35005681669179955,False,56.96186803181966,14.53518222309405,1.261707589759203,False,False,False,,keep
T07_LOBSTER,T07,fear,lobster,T4,A sense of dread overcame the lobster as the door closed.,False,52.71351623535156,-0.6031377982250387,False,56.96186803181966,14.53518222309405,-0.2922806010452457,False,False,False,,keep
T07_SQUID,T07,fear,squid,T4,A sense of dread overcame the squid as the door closed.,False,55.948692321777344,-0.5668893650617943,False,56.96186803181966,14.53518222309405,-0.06970505732171328,False,False,False,,keep
T07_CRAYFISH,T07,fear,crayfish,T4,A sense of dread overcame the crayfish as the door closed.,False,53.31975555419922,-0.5963452080095063,False,56.96186803181966,14.53518222309405,-0.2505721924719813,False,False,False,,keep
T07_BUMBLEBEE,T07,fear,bumblebee,T4,A sense of dread overcame the bumblebee as the door closed.,False,41.597999572753906,-0.7276812703747246,False,56.96186803181966,14.53518222309405,-1.0570124421732434,False,False,False,,keep
T07_MUSSEL,T07,fear,mussel,T4,A sense of dread overcame the mussel as the door closed.,False,70.43408203125,-0.4045882517064883,False,56.96186803181966,14.53518222309405,0.9268692880936279,False,False,False,,keep
T07_MANTIS_SHRIMP,T07,fear,mantis shrimp,T4,A sense of dread overcame the mantis shrimp as the door closed.,True,52.22570037841797,-0.6086035163231109,False,56.96186803181966,14.53518222309405,-0.3258416427608792,False,False,False,,keep
T07_ANT,T07,fear,ant,T5,A sense of dread overcame the ant as the door closed.,False,80.26801300048828,-0.29440426791467755,False,56.96186803181966,14.53518222309405,1.603429844287671,False,False,False,,keep
T07_FLY,T07,fear,fly,T5,A sense of dread overcame the fly as the door closed.,False,69.1208267211914,-0.41930258133221415,False,56.96186803181966,14.53518222309405,0.8365191782771824,False,False,False,,keep
T07_EARTHWORM,T07,fear,earthworm,T5,A sense of dread overcame the earthworm as the door closed.,False,52.89588928222656,-0.6010944049061516,False,56.96186803181966,14.53518222309405,-0.2797335930975064,False,False,False,,keep
T07_MOTH,T07,fear,moth,T5,A sense of dread overcame the moth as the door closed.,False,68.94195556640625,-0.4213067378064991,False,56.96186803181966,14.53518222309405,0.8242130955573552,False,False,False,,keep
T07_BEETLE,T07,fear,beetle,T5,A sense of dread overcame the beetle as the door closed.,False,49.44758605957031,-0.6397308146575448,False,56.96186803181966,14.53518222309405,-0.5169719826635797,False,False,False,,keep
T07_APHID,T07,fear,aphid,T5,A sense of dread overcame the aphid as the door closed.,False,66.04827117919922,-0.4537289374961245,False,56.96186803181966,14.53518222309405,0.6251316982419892,False,False,False,,keep
T07_NEMATODE,T07,fear,nematode,T5,A sense of dread overcame the nematode as the door closed.,False,63.04582214355469,-0.4873697874180982,False,56.96186803181966,14.53518222309405,0.41856744678911606,False,False,False,,keep
T07_COCKROACH,T07,fear,cockroach,T5,A sense of dread overcame the cockroach as the door closed.,False,40.30596923828125,-0.7421577853998337,False,56.96186803181966,14.53518222309405,-1.1459023036584217,False,False,False,,keep
T07_MITE,T07,fear,mite,T5,A sense of dread overcame the mite as the door closed.,False,47.184844970703125,-0.6650836291363836,False,56.96186803181966,14.53518222309405,-0.6726453725211942,False,False,False,,keep
T07_WOODLOUSE,T07,fear,woodlouse,T5,A sense of dread overcame the woodlouse as the door closed.,False,45.63728332519531,-0.6824232370509457,False,56.96186803181966,14.53518222309405,-0.7791154271620633,False,False,False,,keep
T07_OAK_TREE,T07,fear,oak tree,T6,A sense of dread overcame the oak tree as the door closed.,True,56.63174057006836,-0.5592361715063233,False,56.96186803181966,14.53518222309405,-0.0227123029270857,False,False,False,,keep
T07_MUSHROOM,T07,fear,mushroom,T6,A sense of dread overcame the mushroom as the door closed.,False,79.87349700927734,-0.29882461047323056,False,56.96186803181966,14.53518222309405,1.5762877015091572,False,False,False,,keep
T07_BACTERIUM,T07,fear,bacterium,T6,A sense of dread overcame the bacterium as the door closed.,False,75.48882293701172,-0.3479525592479523,False,56.96186803181966,14.53518222309405,1.2746283205005662,False,False,False,,keep
T07_MOSS,T07,fear,moss,T6,A sense of dread overcame the moss as the door closed.,False,86.98455810546875,-0.21914894028434165,False,56.96186803181966,14.53518222309405,2.0655186576159945,True,False,True,template_z=2.07,keep_expected_anomaly
T07_SEAWEED,T07,fear,seaweed,T6,A sense of dread overcame the seaweed as the door closed.,False,67.59263610839844,-0.43642514709330166,False,56.96186803181966,14.53518222309405,0.7313818233175093,False,False,False,,keep
T07_ROCK,T07,fear,rock,T6,A sense of dread overcame the rock as the door closed.,False,65.85323333740234,-0.4559142331288232,False,56.96186803181966,14.53518222309405,0.6117133702978792,False,False,False,,keep
T07_TABLE,T07,fear,table,T6,A sense of dread overcame the table as the door closed.,False,50.60354995727539,-0.6267788519310339,False,56.96186803181966,14.53518222309405,-0.43744329977796453,False,False,False,,keep
T07_CLOUD,T07,fear,cloud,T6,A sense of dread overcame the cloud as the door closed.,False,73.86006164550781,-0.3662019661540185,False,56.96186803181966,14.53518222309405,1.1625718449432065,False,False,False,,keep
T07_RIVER,T07,fear,river,T6,A sense of dread overcame the river as the door closed.,False,79.56668853759766,-0.3022622367669774,False,56.96186803181966,14.53518222309405,1.5551797121512927,False,False,False,,keep
T07_STATUE,T07,fear,statue,T6,A sense of dread overcame the statue as the door closed.,False,52.5047607421875,-0.6054767928699261,False,56.96186803181966,14.53518222309405,-0.30664268402156947,False,False,False,,keep
T08_CHILD,T08,fear,child,T1,"The child froze, overwhelmed by fear.",False,105.74588012695312,-0.008938271936697413,False,204.72642148335774,95.95028988517498,-1.0315814728111399,False,False,False,,keep
T08_INFANT,T08,fear,infant,T1,"The infant froze, overwhelmed by fear.",False,166.94863891601562,0.6768061982576575,False,204.72642148335774,95.95028988517498,-0.3937224432834054,False,False,False,,keep
T08_ELDERLY_PERSON,T08,fear,elderly person,T1,"The elderly person froze, overwhelmed by fear.",True,145.59347534179688,0.4375329102415383,False,204.72642148335774,95.95028988517498,-0.6162873109849493,False,False,False,,keep
T08_WORKER,T08,fear,worker,T1,"The worker froze, overwhelmed by fear.",False,200.3672332763672,1.0512438337123315,False,204.72642148335774,95.95028988517498,-0.04543173566444929,False,False,False,,keep
T08_PATIENT,T08,fear,patient,T1,"The patient froze, overwhelmed by fear.",False,183.6605987548828,0.8640548496642236,False,204.72642148335774,95.95028988517498,-0.21954933907635593,False,False,False,,keep
T08_PRISONER,T08,fear,prisoner,T1,"The prisoner froze, overwhelmed by fear.",False,163.07568359375,0.633411786827497,False,204.72642148335774,95.95028988517498,-0.43408662901854433,False,False,False,,keep
T08_REFUGEE,T08,fear,refugee,T1,"The refugee froze, overwhelmed by fear.",False,267.17974853515625,1.799842651559712,False,204.72642148335774,95.95028988517498,0.6508925311902367,False,False,False,,keep
T08_SOLDIER,T08,fear,soldier,T1,"The soldier froze, overwhelmed by fear.",False,118.13980102539062,0.12992904202576774,False,204.72642148335774,95.95028988517498,-0.9024112440054793,False,False,False,,keep
T08_TEENAGER,T08,fear,teenager,T1,"The teenager froze, overwhelmed by fear.",False,157.45327758789062,0.5704157078273031,False,204.72642148335774,95.95028988517498,-0.49268370061246847,False,False,False,,keep
T08_WOMAN,T08,fear,woman,T1,"The woman froze, overwhelmed by fear.",False,80.59842681884766,-0.2907021562239831,False,204.72642148335774,95.95028988517498,-1.293669824375265,False,False,False,,keep
T08_DOG,T08,fear,dog,T2,"The dog froze, overwhelmed by fear.",False,125.01944732666016,0.2070118321046967,False,204.72642148335774,95.95028988517498,-0.8307111344018242,False,False,False,,keep
T08_CHIMPANZEE,T08,fear,chimpanzee,T2,"The chimpanzee froze, overwhelmed by fear.",False,47.375,-0.6629530428294919,False,204.72642148335774,95.95028988517498,-1.6399264835120595,False,False,False,,keep
T08_PIG,T08,fear,pig,T2,"The pig froze, overwhelmed by fear.",False,239.72756958007812,1.4922555380749698,False,204.72642148335774,95.95028988517498,0.3647841829202052,False,False,False,,keep
T08_COW,T08,fear,cow,T2,"The cow froze, overwhelmed by fear.",False,204.54302978515625,1.0980314201090209,False,204.72642148335774,95.95028988517498,-0.0019113198972192493,False,False,False,,keep
T08_DOLPHIN,T08,fear,dolphin,T2,"The dolphin froze, overwhelmed by fear.",False,111.47048950195312,0.055202941639291854,False,204.72642148335774,95.95028988517498,-0.9719192312290589,False,False,False,,keep
T08_ELEPHANT,T08,fear,elephant,T2,"The elephant froze, overwhelmed by fear.",False,180.25433349609375,0.8258894530146991,False,204.72642148335774,95.95028988517498,-0.2550496514033472,False,False,False,,keep
T08_RABBIT,T08,fear,rabbit,T2,"The rabbit froze, overwhelmed by fear.",False,147.4780731201172,0.4586488293699204,False,204.72642148335774,95.95028988517498,-0.59664591354284,False,False,False,,keep
T08_RAT,T08,fear,rat,T2,"The rat froze, overwhelmed by fear.",False,247.54571533203125,1.5798537170239462,False,204.72642148335774,95.95028988517498,0.4462653932564033,False,False,False,,keep
T08_HORSE,T08,fear,horse,T2,"The horse froze, overwhelmed by fear.",False,153.4243927001953,0.5252741882708284,False,204.72642148335774,95.95028988517498,-0.5346729941572481,False,False,False,,keep
T08_WHALE,T08,fear,whale,T2,"The whale froze, overwhelmed by fear.",False,273.3839111328125,1.8693570047965096,False,204.72642148335774,95.95028988517498,0.7155527068403661,False,False,False,,keep
T08_SALMON,T08,fear,salmon,T3,"The salmon froze, overwhelmed by fear.",False,341.4997253417969,2.6325585965349627,True,204.72642148335774,95.95028988517498,1.4254600379229454,False,False,True,global_z=2.63,review
T08_CHICKEN,T08,fear,chicken,T3,"The chicken froze, overwhelmed by fear.",False,205.60165405273438,1.1098927438772392,False,204.72642148335774,95.95028988517498,0.009121729287363675,False,False,False,,keep
T08_FROG,T08,fear,frog,T3,"The frog froze, overwhelmed by fear.",False,145.15689086914062,0.4326412126478304,False,204.72642148335774,95.95028988517498,-0.6208374220182636,False,False,False,,keep
T08_ZEBRAFISH,T08,fear,zebrafish,T3,"The zebrafish froze, overwhelmed by fear.",False,513.5911254882812,4.560751513870337,True,204.72642148335774,95.95028988517498,3.21900751289596,True,True,True,global_z=4.56; template_z=3.22; absolute>500,rewrite_or_cut
T08_CROW,T08,fear,crow,T3,"The crow froze, overwhelmed by fear.",False,348.2132873535156,2.7077805001865634,True,204.72642148335774,95.95028988517498,1.4954292065388293,False,False,True,global_z=2.71,review
T08_SNAKE,T08,fear,snake,T3,"The snake froze, overwhelmed by fear.",False,204.80517578125,1.100968627038278,False,204.72642148335774,95.95028988517498,0.0008207822820181838,False,False,False,,keep
T08_TUNA,T08,fear,tuna,T3,"The tuna froze, overwhelmed by fear.",False,198.51251220703125,1.0304626672712305,False,204.72642148335774,95.95028988517498,-0.06476175615271991,False,False,False,,keep
T08_GECKO,T08,fear,gecko,T3,"The gecko froze, overwhelmed by fear.",False,135.57040405273438,0.325229709424605,False,204.72642148335774,95.95028988517498,-0.7207483949593411,False,False,False,,keep
T08_TROUT,T08,fear,trout,T3,"The trout froze, overwhelmed by fear.",False,252.28720092773438,1.6329795497820059,False,204.72642148335774,95.95028988517498,0.49568145652601225,False,False,False,,keep
T08_PIGEON,T08,fear,pigeon,T3,"The pigeon froze, overwhelmed by fear.",False,158.3396759033203,0.5803473310943269,False,204.72642148335774,95.95028988517498,-0.4834456012123473,False,False,False,,keep
T08_OCTOPUS,T08,fear,octopus,T4,"The octopus froze, overwhelmed by fear.",False,111.1097412109375,0.0511609482620221,False,204.72642148335774,95.95028988517498,-0.9756789727728035,False,False,False,,keep
T08_CRAB,T08,fear,crab,T4,"The crab froze, overwhelmed by fear.",False,205.44290161132812,1.108114006921943,False,204.72642148335774,95.95028988517498,0.007467201285455278,False,False,False,,keep
T08_BEE,T08,fear,bee,T4,"The bee froze, overwhelmed by fear.",False,252.73269653320312,1.6379710918953114,False,204.72642148335774,95.95028988517498,0.5003244399500527,False,False,False,,keep
T08_SHRIMP,T08,fear,shrimp,T4,"The shrimp froze, overwhelmed by fear.",False,226.5103302001953,1.3441633769482486,False,204.72642148335774,95.95028988517498,0.22703327674055673,False,False,False,,keep
T08_LOBSTER,T08,fear,lobster,T4,"The lobster froze, overwhelmed by fear.",False,132.7696990966797,0.29384929497499285,False,204.72642148335774,95.95028988517498,-0.7499375194466806,False,False,False,,keep
T08_SQUID,T08,fear,squid,T4,"The squid froze, overwhelmed by fear.",False,126.64794158935547,0.2252582470945078,False,204.72642148335774,95.95028988517498,-0.8137388640246929,False,False,False,,keep
T08_CRAYFISH,T08,fear,crayfish,T4,"The crayfish froze, overwhelmed by fear.",False,73.67929077148438,-0.3682274079753752,False,204.72642148335774,95.95028988517498,-1.3657814986145351,False,False,False,,keep
T08_BUMBLEBEE,T08,fear,bumblebee,T4,"The bumblebee froze, overwhelmed by fear.",False,76.1145248413086,-0.3409419010790866,False,204.72642148335774,95.95028988517498,-1.3404013348574637,False,False,False,,keep
T08_MUSSEL,T08,fear,mussel,T4,"The mussel froze, overwhelmed by fear.",False,215.7073974609375,1.2231222419667405,False,204.72642148335774,95.95028988517498,0.11444442732503303,False,False,False,,keep
T08_MANTIS_SHRIMP,T08,fear,mantis shrimp,T4,"The mantis shrimp froze, overwhelmed by fear.",True,89.45018768310547,-0.19152286783490524,False,204.72642148335774,95.95028988517498,-1.201416211855169,False,False,False,,keep
T08_ANT,T08,fear,ant,T5,"The ant froze, overwhelmed by fear.",False,238.26010131835938,1.4758133340702837,False,204.72642148335774,95.95028988517498,0.34949013572686277,False,False,False,,keep
T08_FLY,T08,fear,fly,T5,"The fly froze, overwhelmed by fear.",False,362.7960205078125,2.8711722952418226,True,204.72642148335774,95.95028988517498,1.6474113753446582,False,False,True,global_z=2.87,review
T08_EARTHWORM,T08,fear,earthworm,T5,"The earthworm froze, overwhelmed by fear.",False,172.50930786132812,0.7391105462196806,False,204.72642148335774,95.95028988517498,-0.33576879924577896,False,False,False,,keep
T08_MOTH,T08,fear,moth,T5,"The moth froze, overwhelmed by fear.",False,281.9547424316406,1.965388626318617,False,204.72642148335774,95.95028988517498,0.8048784536315947,False,False,False,,keep
T08_BEETLE,T08,fear,beetle,T5,"The beetle froze, overwhelmed by fear.",False,135.3046417236328,0.32225198340092226,False,204.72642148335774,95.95028988517498,-0.7235181867902943,False,False,False,,keep
T08_APHID,T08,fear,aphid,T5,"The aphid froze, overwhelmed by fear.",False,180.5835723876953,0.8295784002738713,False,204.72642148335774,95.95028988517498,-0.2516183028165366,False,False,False,,keep
T08_NEMATODE,T08,fear,nematode,T5,"The nematode froze, overwhelmed by fear.",False,288.7713317871094,2.041764896744743,True,204.72642148335774,95.95028988517498,0.8759213797512162,False,False,True,global_z=2.04,review
T08_COCKROACH,T08,fear,cockroach,T5,"The cockroach froze, overwhelmed by fear.",False,71.86119079589844,-0.3885982544729248,False,204.72642148335774,95.95028988517498,-1.3847298517436575,False,False,False,,keep
T08_MITE,T08,fear,mite,T5,"The mite froze, overwhelmed by fear.",False,159.30191040039062,0.5911286585777888,False,204.72642148335774,95.95028988517498,-0.4734171323226563,False,False,False,,keep
T08_WOODLOUSE,T08,fear,woodlouse,T5,"The woodlouse froze, overwhelmed by fear.",False,99.95491027832031,-0.07382301944373085,False,204.72642148335774,95.95028988517498,-1.0919353274536108,False,False,False,,keep
T08_OAK_TREE,T08,fear,oak tree,T6,"The oak tree froze, overwhelmed by fear.",True,262.0782470703125,1.7426830318232533,False,204.72642148335774,95.95028988517498,0.5977243597240662,False,False,False,,keep
T08_MUSHROOM,T08,fear,mushroom,T6,"The mushroom froze, overwhelmed by fear.",False,383.5507507324219,3.103718045850127,True,204.72642148335774,95.95028988517498,1.863718488636831,False,False,True,global_z=3.10,keep_expected_anomaly
T08_BACTERIUM,T08,fear,bacterium,T6,"The bacterium froze, overwhelmed by fear.",False,450.94366455078125,3.858819921902871,True,204.72642148335774,95.95028988517498,2.5660917060498205,True,False,True,global_z=3.86; template_z=2.57,keep_expected_anomaly
T08_MOSS,T08,fear,moss,T6,"The moss froze, overwhelmed by fear.",False,370.83868408203125,2.961286077378057,True,204.72642148335774,95.95028988517498,1.7312325246485687,False,False,True,global_z=2.96,keep_expected_anomaly
T08_SEAWEED,T08,fear,seaweed,T6,"The seaweed froze, overwhelmed by fear.",False,250.57025146484375,1.6137420411618746,False,204.72642148335774,95.95028988517498,0.47778730044847123,False,False,False,,keep
T08_ROCK,T08,fear,rock,T6,"The rock froze, overwhelmed by fear.",False,245.0463104248047,1.551849209909905,False,204.72642148335774,95.95028988517498,0.4202164369664574,False,False,False,,keep
T08_TABLE,T08,fear,table,T6,"The table froze, overwhelmed by fear.",False,150.7056884765625,0.4948125485614856,False,204.72642148335774,95.95028988517498,-0.5630075018162278,False,False,False,,keep
T08_CLOUD,T08,fear,cloud,T6,"The cloud froze, overwhelmed by fear.",False,275.3730773925781,1.8916445583303747,False,204.72642148335774,95.95028988517498,0.7362839236209103,False,False,False,,keep
T08_RIVER,T08,fear,river,T6,"The river froze, overwhelmed by fear.",False,311.314208984375,2.2943458863301003,True,204.72642148335774,95.95028988517498,1.1108646740783412,False,False,True,global_z=2.29,keep_expected_anomaly
T08_STATUE,T08,fear,statue,T6,"The statue froze, overwhelmed by fear.",False,259.13958740234375,1.7097569079529538,False,204.72642148335774,95.95028988517498,0.5670974624892013,False,False,False,,keep
T09_CHILD,T09,scientific_welfare,child,T1,Scientists studied whether the child could suffer.,False,91.46308135986328,-0.16896946117094727,False,121.76811097462972,33.94904035039515,-0.892662334545598,False,False,False,,keep
T09_INFANT,T09,scientific_welfare,infant,T1,Scientists studied whether the infant could suffer.,False,120.10202026367188,0.15191466846783616,False,121.76811097462972,33.94904035039515,-0.04907622406294184,False,False,False,,keep
T09_ELDERLY_PERSON,T09,scientific_welfare,elderly person,T1,Scientists studied whether the elderly person could suffer.,True,121.42448425292969,0.1667321764627009,False,121.76811097462972,33.94904035039515,-0.01012183903148337,False,False,False,,keep
T09_WORKER,T09,scientific_welfare,worker,T1,Scientists studied whether the worker could suffer.,False,147.54637145996094,0.4594140760646442,False,121.76811097462972,33.94904035039515,0.7593222140970229,False,False,False,,keep
T09_PATIENT,T09,scientific_welfare,patient,T1,Scientists studied whether the patient could suffer.,False,89.69953918457031,-0.18872901643592657,False,121.76811097462972,33.94904035039515,-0.9446090805240138,False,False,False,,keep
T09_PRISONER,T09,scientific_welfare,prisoner,T1,Scientists studied whether the prisoner could suffer.,False,140.14178466796875,0.37644960604486744,False,121.76811097462972,33.94904035039515,0.5412133451697161,False,False,False,,keep
T09_REFUGEE,T09,scientific_welfare,refugee,T1,Scientists studied whether the refugee could suffer.,False,217.534423828125,1.2435931039505308,False,121.76811097462972,33.94904035039515,2.8208842389967765,True,False,True,template_z=2.82,review
T09_SOLDIER,T09,scientific_welfare,soldier,T1,Scientists studied whether the soldier could suffer.,False,166.56053161621094,0.672457661689226,False,121.76811097462972,33.94904035039515,1.31940167319221,False,False,False,,keep
T09_TEENAGER,T09,scientific_welfare,teenager,T1,Scientists studied whether the teenager could suffer.,False,154.62823486328125,0.5387626015818722,False,121.76811097462972,33.94904035039515,0.9679249707648674,False,False,False,,keep
T09_WOMAN,T09,scientific_welfare,woman,T1,Scientists studied whether the woman could suffer.,False,99.64995574951172,-0.0772398732903354,False,121.76811097462972,33.94904035039515,-0.6515104697167252,False,False,False,,keep
T09_DOG,T09,scientific_welfare,dog,T2,Scientists studied whether the dog could suffer.,False,105.40461730957031,-0.012761940910669074,False,121.76811097462972,33.94904035039515,-0.48200165589861643,False,False,False,,keep
T09_CHIMPANZEE,T09,scientific_welfare,chimpanzee,T2,Scientists studied whether the chimpanzee could suffer.,False,38.678253173828125,-0.7603954810908443,False,121.76811097462972,33.94904035039515,-2.4474876739729248,False,False,False,,keep
T09_PIG,T09,scientific_welfare,pig,T2,Scientists studied whether the pig could suffer.,False,108.97720336914062,0.02726699214915238,False,121.76811097462972,33.94904035039515,-0.3767678695324363,False,False,False,,keep
T09_COW,T09,scientific_welfare,cow,T2,Scientists studied whether the cow could suffer.,False,130.2166748046875,0.2652440110769348,False,121.76811097462972,33.94904035039515,0.24886016638050393,False,False,False,,keep
T09_DOLPHIN,T09,scientific_welfare,dolphin,T2,Scientists studied whether the dolphin could suffer.,False,84.78307342529297,-0.2438154091742689,False,121.76811097462972,33.94904035039515,-1.0894280712387283,False,False,False,,keep
T09_ELEPHANT,T09,scientific_welfare,elephant,T2,Scientists studied whether the elephant could suffer.,False,130.38536071777344,0.2671340473169194,False,121.76811097462972,33.94904035039515,0.25382896406505984,False,False,False,,keep
T09_RABBIT,T09,scientific_welfare,rabbit,T2,Scientists studied whether the rabbit could suffer.,False,131.23577880859375,0.27666253123940376,False,121.76811097462972,33.94904035039515,0.27887880588806774,False,False,False,,keep
T09_RAT,T09,scientific_welfare,rat,T2,Scientists studied whether the rat could suffer.,False,132.42422485351562,0.2899784392075127,False,121.76811097462972,33.94904035039515,0.31388556992780714,False,False,False,,keep
T09_HORSE,T09,scientific_welfare,horse,T2,Scientists studied whether the horse could suffer.,False,117.37184143066406,0.12132446184284713,False,121.76811097462972,33.94904035039515,-0.12949613593170353,False,False,False,,keep
T09_WHALE,T09,scientific_welfare,whale,T2,Scientists studied whether the whale could suffer.,False,116.316650390625,0.10950160556933664,False,121.76811097462972,33.94904035039515,-0.16057775205835143,False,False,False,,keep
T09_SALMON,T09,scientific_welfare,salmon,T3,Scientists studied whether the salmon could suffer.,False,132.55577087402344,0.2914523426380788,False,121.76811097462972,33.94904035039515,0.31776037814477287,False,False,False,,keep
T09_CHICKEN,T09,scientific_welfare,chicken,T3,Scientists studied whether the chicken could suffer.,False,124.97903442382812,0.20655902695032316,False,121.76811097462972,33.94904035039515,0.09458068375594099,False,False,False,,keep
T09_FROG,T09,scientific_welfare,frog,T3,Scientists studied whether the frog could suffer.,False,134.20176696777344,0.3098948563675789,False,121.76811097462972,33.94904035039515,0.366244696899039,False,False,False,,keep
T09_ZEBRAFISH,T09,scientific_welfare,zebrafish,T3,Scientists studied whether the zebrafish could suffer.,False,154.9020233154297,0.54183025605985,False,121.76811097462972,33.94904035039515,0.9759896597611574,False,False,False,,keep
T09_CROW,T09,scientific_welfare,crow,T3,Scientists studied whether the crow could suffer.,False,204.99383544921875,1.1030824586141412,False,121.76811097462972,33.94904035039515,2.4514897509796714,True,False,True,template_z=2.45,review
T09_SNAKE,T09,scientific_welfare,snake,T3,Scientists studied whether the snake could suffer.,False,125.51773071289062,0.2125948333199675,False,121.76811097462972,33.94904035039515,0.1104484751132961,False,False,False,,keep
T09_TUNA,T09,scientific_welfare,tuna,T3,Scientists studied whether the tuna could suffer.,False,91.60955810546875,-0.1673282668800624,False,121.76811097462972,33.94904035039515,-0.8883477281798906,False,False,False,,keep
T09_GECKO,T09,scientific_welfare,gecko,T3,Scientists studied whether the gecko could suffer.,False,107.08838653564453,0.006103800743940264,False,121.76811097462972,33.94904035039515,-0.4324046950214993,False,False,False,,keep
T09_TROUT,T09,scientific_welfare,trout,T3,Scientists studied whether the trout could suffer.,False,171.95765686035156,0.732929589170005,False,121.76811097462972,33.94904035039515,1.4783789281730804,False,False,False,,keep
T09_PIGEON,T09,scientific_welfare,pigeon,T3,Scientists studied whether the pigeon could suffer.,False,76.7906265258789,-0.33336654008790795,False,121.76811097462972,33.94904035039515,-1.324852896710151,False,False,False,,keep
T09_OCTOPUS,T09,scientific_welfare,octopus,T4,Scientists studied whether the octopus could suffer.,False,99.26964569091797,-0.08150104590411897,False,121.76811097462972,33.94904035039515,-0.6627128499509967,False,False,False,,keep
T09_CRAB,T09,scientific_welfare,crab,T4,Scientists studied whether the crab could suffer.,False,160.96536254882812,0.6097667581470486,False,121.76811097462972,33.94904035039515,1.1545908564611949,False,False,False,,keep
T09_BEE,T09,scientific_welfare,bee,T4,Scientists studied whether the bee could suffer.,False,126.13072967529297,0.21946316175841377,False,121.76811097462972,33.94904035039515,0.12850491959819033,False,False,False,,keep
T09_SHRIMP,T09,scientific_welfare,shrimp,T4,Scientists studied whether the shrimp could suffer.,False,141.55194091796875,0.3922496593378952,False,121.76811097462972,33.94904035039515,0.5827507858586275,False,False,False,,keep
T09_LOBSTER,T09,scientific_welfare,lobster,T4,Scientists studied whether the lobster could suffer.,False,103.20785522460938,-0.03737549562454245,False,121.76811097462972,33.94904035039515,-0.5467092901141258,False,False,False,,keep
T09_SQUID,T09,scientific_welfare,squid,T4,Scientists studied whether the squid could suffer.,False,90.40823364257812,-0.180788470694987,False,121.76811097462972,33.94904035039515,-0.9237338377868635,False,False,False,,keep
T09_CRAYFISH,T09,scientific_welfare,crayfish,T4,Scientists studied whether the crayfish could suffer.,False,70.60413360595703,-0.40268291395194206,False,121.76811097462972,33.94904035039515,-1.507081697762251,False,False,False,,keep
T09_BUMBLEBEE,T09,scientific_welfare,bumblebee,T4,Scientists studied whether the bumblebee could suffer.,False,60.660648345947266,-0.5140943954998839,False,121.76811097462972,33.94904035039515,-1.7999761406502082,False,False,False,,keep
T09_MUSSEL,T09,scientific_welfare,mussel,T4,Scientists studied whether the mussel could suffer.,False,104.36947631835938,-0.024360147015085057,False,121.76811097462972,33.94904035039515,-0.5124926795189317,False,False,False,,keep
T09_MANTIS_SHRIMP,T09,scientific_welfare,mantis shrimp,T4,Scientists studied whether the mantis shrimp could suffer.,True,76.85147094726562,-0.33268481059836125,False,121.76811097462972,33.94904035039515,-1.3230606686896023,False,False,False,,keep
T09_ANT,T09,scientific_welfare,ant,T5,Scientists studied whether the ant could suffer.,False,159.30154418945312,0.5911245553783533,False,121.76811097462972,33.94904035039515,1.105581566590189,False,False,False,,keep
T09_FLY,T09,scientific_welfare,fly,T5,Scientists studied whether the fly could suffer.,False,147.4709014892578,0.45856847504764153,False,121.76811097462972,33.94904035039515,0.7570991771591836,False,False,False,,keep
T09_EARTHWORM,T09,scientific_welfare,earthworm,T5,Scientists studied whether the earthworm could suffer.,False,136.30662536621094,0.3334786789897809,False,121.76811097462972,33.94904035039515,0.4282452240630712,False,False,False,,keep
T09_MOTH,T09,scientific_welfare,moth,T5,Scientists studied whether the moth could suffer.,False,135.9500732421875,0.32948370143937644,False,121.76811097462972,33.94904035039515,0.4177426554972623,False,False,False,,keep
T09_BEETLE,T09,scientific_welfare,beetle,T5,Scientists studied whether the beetle could suffer.,False,91.66011810302734,-0.16676176890799643,False,121.76811097462972,33.94904035039515,-0.8868584372592415,False,False,False,,keep
T09_APHID,T09,scientific_welfare,aphid,T5,Scientists studied whether the aphid could suffer.,False,103.13656616210938,-0.038174251781322936,False,121.76811097462972,33.94904035039515,-0.548809174581086,False,False,False,,keep
T09_NEMATODE,T09,scientific_welfare,nematode,T5,Scientists studied whether the nematode could suffer.,False,98.0638656616211,-0.09501117197884236,False,121.76811097462972,33.94904035039515,-0.6982302023371545,False,False,False,,keep
T09_COCKROACH,T09,scientific_welfare,cockroach,T5,Scientists studied whether the cockroach could suffer.,False,54.00609588623047,-0.5886551284007764,False,121.76811097462972,33.94904035039515,-1.9959920630749297,False,False,False,,keep
T09_MITE,T09,scientific_welfare,mite,T5,Scientists studied whether the mite could suffer.,False,105.37657165527344,-0.013076177600772357,False,121.76811097462972,33.94904035039515,-0.48282776626896595,False,False,False,,keep
T09_WOODLOUSE,T09,scientific_welfare,woodlouse,T5,Scientists studied whether the woodlouse could suffer.,False,108.90110778808594,0.026414381499780742,False,121.76811097462972,33.94904035039515,-0.3790093343947502,False,False,False,,keep
T09_OAK_TREE,T09,scientific_welfare,oak tree,T6,Scientists studied whether the oak tree could suffer.,True,104.35698699951172,-0.024500083212500474,False,121.76811097462972,33.94904035039515,-0.5128605638160652,False,False,False,,keep
T09_MUSHROOM,T09,scientific_welfare,mushroom,T6,Scientists studied whether the mushroom could suffer.,False,165.40838623046875,0.6595484833651626,False,121.76811097462972,33.94904035039515,1.2854641782335705,False,False,False,,keep
T09_BACTERIUM,T09,scientific_welfare,bacterium,T6,Scientists studied whether the bacterium could suffer.,False,122.15884399414062,0.1749602880974129,False,121.76811097462972,33.94904035039515,0.011509398070698515,False,False,False,,keep
T09_MOSS,T09,scientific_welfare,moss,T6,Scientists studied whether the moss could suffer.,False,151.3231658935547,0.5017310557096953,False,121.76811097462972,33.94904035039515,0.8705711446886586,False,False,False,,keep
T09_SEAWEED,T09,scientific_welfare,seaweed,T6,Scientists studied whether the seaweed could suffer.,False,89.03189086914062,-0.19620966190680203,False,121.76811097462972,33.94904035039515,-0.9642752716310009,False,False,False,,keep
T09_ROCK,T09,scientific_welfare,rock,T6,Scientists studied whether the rock could suffer.,False,146.92721557617188,0.4524767625856883,False,121.76811097462972,33.94904035039515,0.7410844118676042,False,False,False,,keep
T09_TABLE,T09,scientific_welfare,table,T6,Scientists studied whether the table could suffer.,False,156.11544799804688,0.5554260364227898,False,121.76811097462972,33.94904035039515,1.0117321923951634,False,False,False,,keep
T09_CLOUD,T09,scientific_welfare,cloud,T6,Scientists studied whether the cloud could suffer.,False,141.6042022705078,0.39283522009067195,False,121.76811097462972,33.94904035039515,0.584290191744616,False,False,False,,keep
T09_RIVER,T09,scientific_welfare,river,T6,Scientists studied whether the river could suffer.,False,133.32672119140625,0.3000904322830561,False,121.76811097462972,33.94904035039515,0.34046942409793307,False,False,False,,keep
T09_STATUE,T09,scientific_welfare,statue,T6,Scientists studied whether the statue could suffer.,False,152.50033569335938,0.5149206193285191,False,121.76811097462972,33.94904035039515,0.9052457566262825,False,False,False,,keep
T10_CHILD,T10,scientific_welfare,child,T1,Researchers debated whether the child was capable of experiencing pain.,False,39.0998420715332,-0.7556718009656886,False,46.85414403279622,20.557693675630954,-0.3771970768518139,False,False,False,,keep
T10_INFANT,T10,scientific_welfare,infant,T1,Researchers debated whether the infant was capable of experiencing pain.,False,39.417938232421875,-0.7521077020976742,False,46.85414403279622,20.557693675630954,-0.3617237379691676,False,False,False,,keep
T10_ELDERLY_PERSON,T10,scientific_welfare,elderly person,T1,Researchers debated whether the elderly person was capable of experiencing pain.,True,38.411746978759766,-0.7633815417383805,False,46.85414403279622,20.557693675630954,-0.4106684916724902,False,False,False,,keep
T10_WORKER,T10,scientific_welfare,worker,T1,Researchers debated whether the worker was capable of experiencing pain.,False,70.9565200805664,-0.3987346102951166,False,46.85414403279622,20.557693675630954,1.172426072110467,False,False,False,,keep
T10_PATIENT,T10,scientific_welfare,patient,T1,Researchers debated whether the patient was capable of experiencing pain.,False,37.735801696777344,-0.7709551503214668,False,46.85414403279622,20.557693675630954,-0.4435488960917703,False,False,False,,keep
T10_PRISONER,T10,scientific_welfare,prisoner,T1,Researchers debated whether the prisoner was capable of experiencing pain.,False,58.992549896240234,-0.5327845544119818,False,46.85414403279622,20.557693675630954,0.5904556247879524,False,False,False,,keep
T10_REFUGEE,T10,scientific_welfare,refugee,T1,Researchers debated whether the refugee was capable of experiencing pain.,False,90.53572082519531,-0.1793600443914979,False,46.85414403279622,20.557693675630954,2.1248286642279886,True,False,True,template_z=2.12,review
T10_SOLDIER,T10,scientific_welfare,soldier,T1,Researchers debated whether the soldier was capable of experiencing pain.,False,69.08918762207031,-0.4196570806667784,False,46.85414403279622,20.557693675630954,1.0815923196497215,False,False,False,,keep
T10_TEENAGER,T10,scientific_welfare,teenager,T1,Researchers debated whether the teenager was capable of experiencing pain.,False,63.054901123046875,-0.48726806226542607,False,46.85414403279622,20.557693675630954,0.7880629678539766,False,False,False,,keep
T10_WOMAN,T10,scientific_welfare,woman,T1,Researchers debated whether the woman was capable of experiencing pain.,False,38.96605682373047,-0.7571707937511364,False,46.85414403279622,20.557693675630954,-0.3837048714475337,False,False,False,,keep
T10_DOG,T10,scientific_welfare,dog,T2,Researchers debated whether the dog was capable of experiencing pain.,False,32.89148712158203,-0.8252331272876908,False,46.85414403279622,20.557693675630954,-0.6791937428158827,False,False,False,,keep
T10_CHIMPANZEE,T10,scientific_welfare,chimpanzee,T2,Researchers debated whether the chimpanzee was capable of experiencing pain.,False,17.679292678833008,-0.995677702418521,False,46.85414403279622,20.557693675630954,-1.419169475637582,False,False,False,,keep
T10_PIG,T10,scientific_welfare,pig,T2,Researchers debated whether the pig was capable of experiencing pain.,False,34.33537673950195,-0.809055109488327,False,46.85414403279622,20.557693675630954,-0.6089577698170484,False,False,False,,keep
T10_COW,T10,scientific_welfare,cow,T2,Researchers debated whether the cow was capable of experiencing pain.,False,38.354042053222656,-0.7640280948410997,False,46.85414403279622,20.557693675630954,-0.4134754663481326,False,False,False,,keep
T10_DOLPHIN,T10,scientific_welfare,dolphin,T2,Researchers debated whether the dolphin was capable of experiencing pain.,False,28.45496368408203,-0.8749420207158245,False,46.85414403279622,20.557693675630954,-0.8950021650786897,False,False,False,,keep
T10_ELEPHANT,T10,scientific_welfare,elephant,T2,Researchers debated whether the elephant was capable of experiencing pain.,False,35.792137145996094,-0.792732881325469,False,46.85414403279622,20.557693675630954,-0.5380957154699219,False,False,False,,keep
T10_RABBIT,T10,scientific_welfare,rabbit,T2,Researchers debated whether the rabbit was capable of experiencing pain.,False,38.64480209350586,-0.7607702827142823,False,46.85414403279622,20.557693675630954,-0.39933185447848646,False,False,False,,keep
T10_RAT,T10,scientific_welfare,rat,T2,Researchers debated whether the rat was capable of experiencing pain.,False,32.22843551635742,-0.8326622690573184,False,46.85414403279622,20.557693675630954,-0.711446952523477,False,False,False,,keep
T10_HORSE,T10,scientific_welfare,horse,T2,Researchers debated whether the horse was capable of experiencing pain.,False,34.78172302246094,-0.8040540359846661,False,46.85414403279622,20.557693675630954,-0.5872458847193499,False,False,False,,keep
T10_WHALE,T10,scientific_welfare,whale,T2,Researchers debated whether the whale was capable of experiencing pain.,False,38.907291412353516,-0.7578292290355544,False,46.85414403279622,20.557693675630954,-0.3865634319604094,False,False,False,,keep
T10_SALMON,T10,scientific_welfare,salmon,T3,Researchers debated whether the salmon was capable of experiencing pain.,False,54.588897705078125,-0.582125142949117,False,46.85414403279622,20.557693675630954,0.37624617791881315,False,False,False,,keep
T10_CHICKEN,T10,scientific_welfare,chicken,T3,Researchers debated whether the chicken was capable of experiencing pain.,False,38.1628532409668,-0.7661702641380647,False,46.85414403279622,20.557693675630954,-0.42277557633481333,False,False,False,,keep
T10_FROG,T10,scientific_welfare,frog,T3,Researchers debated whether the frog was capable of experiencing pain.,False,35.60674285888672,-0.7948101260396991,False,46.85414403279622,20.557693675630954,-0.5471139589574753,False,False,False,,keep
T10_ZEBRAFISH,T10,scientific_welfare,zebrafish,T3,Researchers debated whether the zebrafish was capable of experiencing pain.,False,39.421409606933594,-0.7520688071863583,False,46.85414403279622,20.557693675630954,-0.361554877854483,False,False,False,,keep
T10_CROW,T10,scientific_welfare,crow,T3,Researchers debated whether the crow was capable of experiencing pain.,False,52.5552978515625,-0.6049105513478248,False,46.85414403279622,20.557693675630954,0.2773245826463702,False,False,False,,keep
T10_SNAKE,T10,scientific_welfare,snake,T3,Researchers debated whether the snake was capable of experiencing pain.,False,40.717437744140625,-0.7375474989007449,False,46.85414403279622,20.557693675630954,-0.2985114179383864,False,False,False,,keep
T10_TUNA,T10,scientific_welfare,tuna,T3,Researchers debated whether the tuna was capable of experiencing pain.,False,55.96611404418945,-0.5666941638969818,False,46.85414403279622,20.557693675630954,0.4432389233523088,False,False,False,,keep
T10_GECKO,T10,scientific_welfare,gecko,T3,Researchers debated whether the gecko was capable of experiencing pain.,False,35.47447204589844,-0.7962921503858147,False,46.85414403279622,20.557693675630954,-0.5535480860086568,False,False,False,,keep
T10_TROUT,T10,scientific_welfare,trout,T3,Researchers debated whether the trout was capable of experiencing pain.,False,53.86072540283203,-0.5902839276100331,False,46.85414403279622,20.557693675630954,0.3408252637960744,False,False,False,,keep
T10_PIGEON,T10,scientific_welfare,pigeon,T3,Researchers debated whether the pigeon was capable of experiencing pain.,False,31.2510986328125,-0.8436128107758347,False,46.85414403279622,20.557693675630954,-0.7589881261086956,False,False,False,,keep
T10_OCTOPUS,T10,scientific_welfare,octopus,T4,Researchers debated whether the octopus was capable of experiencing pain.,False,29.677230834960938,-0.8612471651831813,False,46.85414403279622,20.557693675630954,-0.8355467042587933,False,False,False,,keep
T10_CRAB,T10,scientific_welfare,crab,T4,Researchers debated whether the crab was capable of experiencing pain.,False,47.745689392089844,-0.6587996646842121,False,46.85414403279622,20.557693675630954,0.043367965947973,False,False,False,,keep
T10_BEE,T10,scientific_welfare,bee,T4,Researchers debated whether the bee was capable of experiencing pain.,False,38.506385803222656,-0.762321163875925,False,46.85414403279622,20.557693675630954,-0.40606491960082947,False,False,False,,keep
T10_SHRIMP,T10,scientific_welfare,shrimp,T4,Researchers debated whether the shrimp was capable of experiencing pain.,False,51.28322219848633,-0.619163484745359,False,46.85414403279622,20.557693675630954,0.21544625752159774,False,False,False,,keep
T10_LOBSTER,T10,scientific_welfare,lobster,T4,Researchers debated whether the lobster was capable of experiencing pain.,False,35.46219253540039,-0.7964297357918868,False,46.85414403279622,20.557693675630954,-0.554145405469283,False,False,False,,keep
T10_SQUID,T10,scientific_welfare,squid,T4,Researchers debated whether the squid was capable of experiencing pain.,False,28.704769134521484,-0.8721430830592122,False,46.85414403279622,20.557693675630954,-0.8828507314411911,False,False,False,,keep
T10_CRAYFISH,T10,scientific_welfare,crayfish,T4,Researchers debated whether the crayfish was capable of experiencing pain.,False,27.646873474121094,-0.8839962431702204,False,46.85414403279622,20.557693675630954,-0.9343105730504869,False,False,False,,keep
T10_BUMBLEBEE,T10,scientific_welfare,bumblebee,T4,Researchers debated whether the bumblebee was capable of experiencing pain.,False,25.166919708251953,-0.9117828105559106,False,46.85414403279622,20.557693675630954,-1.0549444245417596,False,False,False,,keep
T10_MUSSEL,T10,scientific_welfare,mussel,T4,Researchers debated whether the mussel was capable of experiencing pain.,False,39.863372802734375,-0.7471168438509412,False,46.85414403279622,20.557693675630954,-0.3400562018466444,False,False,False,,keep
T10_MANTIS_SHRIMP,T10,scientific_welfare,mantis shrimp,T4,Researchers debated whether the mantis shrimp was capable of experiencing pain.,True,27.91844367980957,-0.88095344296799,False,46.85414403279622,20.557693675630954,-0.9211004236060287,False,False,False,,keep
T10_ANT,T10,scientific_welfare,ant,T5,Researchers debated whether the ant was capable of experiencing pain.,False,52.75890350341797,-0.6026292579449993,False,46.85414403279622,20.557693675630954,0.28722869227403836,False,False,False,,keep
T10_FLY,T10,scientific_welfare,fly,T5,Researchers debated whether the fly was capable of experiencing pain.,False,36.17870330810547,-0.7884016123879954,False,46.85414403279622,20.557693675630954,-0.5192917499955453,False,False,False,,keep
T10_EARTHWORM,T10,scientific_welfare,earthworm,T5,Researchers debated whether the earthworm was capable of experiencing pain.,False,45.324188232421875,-0.6859313016016688,False,46.85414403279622,20.557693675630954,-0.07442254099680218,False,False,False,,keep
T10_MOTH,T10,scientific_welfare,moth,T5,Researchers debated whether the moth was capable of experiencing pain.,False,50.707786560058594,-0.6256109360500394,False,46.85414403279622,20.557693675630954,0.18745500288441755,False,False,False,,keep
T10_BEETLE,T10,scientific_welfare,beetle,T5,Researchers debated whether the beetle was capable of experiencing pain.,False,33.1469612121582,-0.8223706755231497,False,46.85414403279622,20.557693675630954,-0.6667665661779212,False,False,False,,keep
T10_APHID,T10,scientific_welfare,aphid,T5,Researchers debated whether the aphid was capable of experiencing pain.,False,34.44205093383789,-0.8078598816860898,False,46.85414403279622,20.557693675630954,-0.6037687541609591,False,False,False,,keep
T10_NEMATODE,T10,scientific_welfare,nematode,T5,Researchers debated whether the nematode was capable of experiencing pain.,False,35.575286865234375,-0.7951625737745457,False,46.85414403279622,20.557693675630954,-0.5486440913813099,False,False,False,,keep
T10_COCKROACH,T10,scientific_welfare,cockroach,T5,Researchers debated whether the cockroach was capable of experiencing pain.,False,22.653812408447266,-0.9399408457154974,False,46.85414403279622,20.557693675630954,-1.1771909829085534,False,False,False,,keep
T10_MITE,T10,scientific_welfare,mite,T5,Researchers debated whether the mite was capable of experiencing pain.,False,39.322261810302734,-0.7531797056918635,False,46.85414403279622,20.557693675630954,-0.3663777825146681,False,False,False,,keep
T10_WOODLOUSE,T10,scientific_welfare,woodlouse,T5,Researchers debated whether the woodlouse was capable of experiencing pain.,False,39.40842056274414,-0.7522143425413368,False,46.85414403279622,20.557693675630954,-0.36218671158030846,False,False,False,,keep
T10_OAK_TREE,T10,scientific_welfare,oak tree,T6,Researchers debated whether the oak tree was capable of experiencing pain.,True,61.62681579589844,-0.503269001364151,False,46.85414403279622,20.557693675630954,0.7185957722783713,False,False,False,,keep
T10_MUSHROOM,T10,scientific_welfare,mushroom,T6,Researchers debated whether the mushroom was capable of experiencing pain.,False,60.27537536621094,-0.5184111750143509,False,46.85414403279622,20.557693675630954,0.6528568595865506,False,False,False,,keep
T10_BACTERIUM,T10,scientific_welfare,bacterium,T6,Researchers debated whether the bacterium was capable of experiencing pain.,False,51.93090057373047,-0.6119065918687014,False,46.85414403279622,20.557693675630954,0.2469516581498743,False,False,False,,keep
T10_MOSS,T10,scientific_welfare,moss,T6,Researchers debated whether the moss was capable of experiencing pain.,False,52.96179962158203,-0.6003559144910803,False,46.85414403279622,20.557693675630954,0.2970982876365072,False,False,False,,keep
T10_SEAWEED,T10,scientific_welfare,seaweed,T6,Researchers debated whether the seaweed was capable of experiencing pain.,False,54.88567352294922,-0.578799927223239,False,46.85414403279622,20.557693675630954,0.39068241880039084,False,False,False,,keep
T10_ROCK,T10,scientific_welfare,rock,T6,Researchers debated whether the rock was capable of experiencing pain.,False,105.87948608398438,-0.007441288009306586,False,46.85414403279622,20.557693675630954,2.871204473737084,True,False,True,template_z=2.87,review
T10_TABLE,T10,scientific_welfare,table,T6,Researchers debated whether the table was capable of experiencing pain.,False,77.68287658691406,-0.32336935111323745,False,46.85414403279622,20.557693675630954,1.4996201928362303,False,False,False,,keep
T10_CLOUD,T10,scientific_welfare,cloud,T6,Researchers debated whether the cloud was capable of experiencing pain.,False,128.1773681640625,0.2423946611536902,False,46.85414403279622,20.557693675630954,3.9558534831009107,True,False,True,template_z=3.96,review
T10_RIVER,T10,scientific_welfare,river,T6,Researchers debated whether the river was capable of experiencing pain.,False,101.0443115234375,-0.06161685595628588,False,46.85414403279622,20.557693675630954,2.636004230128119,True,False,True,template_z=2.64,review
T10_STATUE,T10,scientific_welfare,statue,T6,Researchers debated whether the statue was capable of experiencing pain.,False,59.35569381713867,-0.528715719271738,False,46.85414403279622,20.557693675630954,0.6081202483896218,False,False,False,,keep
T11_CHILD,T11,scientific_welfare,child,T1,The study aimed to determine whether the child had subjective experiences.,False,63.453155517578125,-0.4828058328793022,False,106.87773030598959,27.431693208026832,-1.5830074526972664,False,False,False,,keep
T11_INFANT,T11,scientific_welfare,infant,T1,The study aimed to determine whether the infant had subjective experiences.,False,87.33687591552734,-0.21520140597741036,False,106.87773030598959,27.431693208026832,-0.7123459074244954,False,False,False,,keep
T11_ELDERLY_PERSON,T11,scientific_welfare,elderly person,T1,The study aimed to determine whether the elderly person had subjective experiences.,True,68.57105255126953,-0.4254625094847828,False,106.87773030598959,27.431693208026832,-1.3964386909777438,False,False,False,,keep
T11_WORKER,T11,scientific_welfare,worker,T1,The study aimed to determine whether the worker had subjective experiences.,False,101.16535949707031,-0.06026057757620463,False,106.87773030598959,27.431693208026832,-0.20823981828608992,False,False,False,,keep
T11_PATIENT,T11,scientific_welfare,patient,T1,The study aimed to determine whether the patient had subjective experiences.,False,56.633846282958984,-0.559212578109569,False,106.87773030598959,27.431693208026832,-1.8315998083679594,False,False,False,,keep
T11_PRISONER,T11,scientific_welfare,prisoner,T1,The study aimed to determine whether the prisoner had subjective experiences.,False,107.15653228759766,0.00686733777223257,False,106.87773030598959,27.431693208026832,0.01016349882210291,False,False,False,,keep
T11_REFUGEE,T11,scientific_welfare,refugee,T1,The study aimed to determine whether the refugee had subjective experiences.,False,128.18251037597656,0.2424522769124306,False,106.87773030598959,27.431693208026832,0.7766483792459792,False,False,False,,keep
T11_SOLDIER,T11,scientific_welfare,soldier,T1,The study aimed to determine whether the soldier had subjective experiences.,False,110.0044174194336,0.03877638108245375,False,106.87773030598959,27.431693208026832,0.11398082829714287,False,False,False,,keep
T11_TEENAGER,T11,scientific_welfare,teenager,T1,The study aimed to determine whether the teenager had subjective experiences.,False,101.58828735351562,-0.055521895128112855,False,106.87773030598959,27.431693208026832,-0.19282232825956983,False,False,False,,keep
T11_WOMAN,T11,scientific_welfare,woman,T1,The study aimed to determine whether the woman had subjective experiences.,False,83.2741928100586,-0.2607216166484545,False,106.87773030598959,27.431693208026832,-0.860447706123526,False,False,False,,keep
T11_DOG,T11,scientific_welfare,dog,T2,The study aimed to determine whether the dog had subjective experiences.,False,81.25152587890625,-0.2833845274473478,False,106.87773030598959,27.431693208026832,-0.9341823792191147,False,False,False,,keep
T11_CHIMPANZEE,T11,scientific_welfare,chimpanzee,T2,The study aimed to determine whether the chimpanzee had subjective experiences.,False,36.48908615112305,-0.7849239371580915,False,106.87773030598959,27.431693208026832,-2.5659606069912595,False,False,False,,keep
T11_PIG,T11,scientific_welfare,pig,T2,The study aimed to determine whether the pig had subjective experiences.,False,90.00897216796875,-0.18526198387955853,False,106.87773030598959,27.431693208026832,-0.6149368181576499,False,False,False,,keep
T11_COW,T11,scientific_welfare,cow,T2,The study aimed to determine whether the cow had subjective experiences.,False,127.7716293334961,0.23784857262910297,False,106.87773030598959,27.431693208026832,0.76167004599602,False,False,False,,keep
T11_DOLPHIN,T11,scientific_welfare,dolphin,T2,The study aimed to determine whether the dolphin had subjective experiences.,False,69.24198913574219,-0.41794502070230927,False,106.87773030598959,27.431693208026832,-1.3719802450704992,False,False,False,,keep
T11_ELEPHANT,T11,scientific_welfare,elephant,T2,The study aimed to determine whether the elephant had subjective experiences.,False,121.50238800048828,0.16760504665928538,False,106.87773030598959,27.431693208026832,0.5331299669908582,False,False,False,,keep
T11_RABBIT,T11,scientific_welfare,rabbit,T2,The study aimed to determine whether the rabbit had subjective experiences.,False,102.61139678955078,-0.04405849622181789,False,106.87773030598959,27.431693208026832,-0.1555257083142949,False,False,False,,keep
T11_RAT,T11,scientific_welfare,rat,T2,The study aimed to determine whether the rat had subjective experiences.,False,91.677734375,-0.16656438791848377,False,106.87773030598959,27.431693208026832,-0.5541034531015349,False,False,False,,keep
T11_HORSE,T11,scientific_welfare,horse,T2,The study aimed to determine whether the horse had subjective experiences.,False,97.35066223144531,-0.10300223836283173,False,106.87773030598959,27.431693208026832,-0.3473014954744589,False,False,False,,keep
T11_WHALE,T11,scientific_welfare,whale,T2,The study aimed to determine whether the whale had subjective experiences.,False,120.67509460449219,0.15833566268448956,False,106.87773030598959,27.431693208026832,0.5029716610590166,False,False,False,,keep
T11_SALMON,T11,scientific_welfare,salmon,T3,The study aimed to determine whether the salmon had subjective experiences.,False,138.68043518066406,0.3600759596640832,False,106.87773030598959,27.431693208026832,1.1593416648947006,False,False,False,,keep
T11_CHICKEN,T11,scientific_welfare,chicken,T3,The study aimed to determine whether the chicken had subjective experiences.,False,108.51156616210938,0.02204977406689353,False,106.87773030598959,27.431693208026832,0.05956015342289219,False,False,False,,keep
T11_FROG,T11,scientific_welfare,frog,T3,The study aimed to determine whether the frog had subjective experiences.,False,115.3558349609375,0.09873617798368729,False,106.87773030598959,27.431693208026832,0.3090623896474287,False,False,False,,keep
T11_ZEBRAFISH,T11,scientific_welfare,zebrafish,T3,The study aimed to determine whether the zebrafish had subjective experiences.,False,122.69229125976562,0.18093728194181483,False,106.87773030598959,27.431693208026832,0.5765069197095174,False,False,False,,keep
T11_CROW,T11,scientific_welfare,crow,T3,The study aimed to determine whether the crow had subjective experiences.,False,178.99073791503906,0.8117315343290936,False,106.87773030598959,27.431693208026832,2.6288208701586226,True,False,True,template_z=2.63,review
T11_SNAKE,T11,scientific_welfare,snake,T3,The study aimed to determine whether the snake had subjective experiences.,False,132.2218780517578,0.2877112505527469,False,106.87773030598959,27.431693208026832,0.9239002329740343,False,False,False,,keep
T11_TUNA,T11,scientific_welfare,tuna,T3,The study aimed to determine whether the tuna had subjective experiences.,False,105.11029052734375,-0.016059716490322076,False,106.87773030598959,27.431693208026832,-0.06443057543851007,False,False,False,,keep
T11_GECKO,T11,scientific_welfare,gecko,T3,The study aimed to determine whether the gecko had subjective experiences.,False,96.47895812988281,-0.11276922075250546,False,106.87773030598959,27.431693208026832,-0.37907875745212744,False,False,False,,keep
T11_TROUT,T11,scientific_welfare,trout,T3,The study aimed to determine whether the trout had subjective experiences.,False,140.85043334960938,0.3843896388858776,False,106.87773030598959,27.431693208026832,1.2384471780866586,False,False,False,,keep
T11_PIGEON,T11,scientific_welfare,pigeon,T3,The study aimed to determine whether the pigeon had subjective experiences.,False,76.61685943603516,-0.3353135082200604,False,106.87773030598959,27.431693208026832,-1.1031353639191237,False,False,False,,keep
T11_OCTOPUS,T11,scientific_welfare,octopus,T4,The study aimed to determine whether the octopus had subjective experiences.,False,97.79400634765625,-0.09803480254620993,False,106.87773030598959,27.431693208026832,-0.3311397473516266,False,False,False,,keep
T11_CRAB,T11,scientific_welfare,crab,T4,The study aimed to determine whether the crab had subjective experiences.,False,125.2252197265625,0.20931740277084893,False,106.87773030598959,27.431693208026832,0.6688427608691768,False,False,False,,keep
T11_BEE,T11,scientific_welfare,bee,T4,The study aimed to determine whether the bee had subjective experiences.,False,121.27825927734375,0.1650938031214279,False,106.87773030598959,27.431693208026832,0.5249595372093327,False,False,False,,keep
T11_SHRIMP,T11,scientific_welfare,shrimp,T4,The study aimed to determine whether the shrimp had subjective experiences.,False,122.6639175415039,0.1806193694688839,False,106.87773030598959,27.431693208026832,0.5754725789545903,False,False,False,,keep
T11_LOBSTER,T11,scientific_welfare,lobster,T4,The study aimed to determine whether the lobster had subjective experiences.,False,94.69146728515625,-0.1327971081639032,False,106.87773030598959,27.431693208026832,-0.4442402781490533,False,False,False,,keep
T11_SQUID,T11,scientific_welfare,squid,T4,The study aimed to determine whether the squid had subjective experiences.,False,90.81611633300781,-0.17621836135703767,False,106.87773030598959,27.431693208026832,-0.5855130360047174,False,False,False,,keep
T11_CRAYFISH,T11,scientific_welfare,crayfish,T4,The study aimed to determine whether the crayfish had subjective experiences.,False,65.15666198730469,-0.46371894587178286,False,106.87773030598959,27.431693208026832,-1.5209075138853196,False,False,False,,keep
T11_BUMBLEBEE,T11,scientific_welfare,bumblebee,T4,The study aimed to determine whether the bumblebee had subjective experiences.,False,81.57342529296875,-0.27977781514352906,False,106.87773030598959,27.431693208026832,-0.9224477986512515,False,False,False,,keep
T11_MUSSEL,T11,scientific_welfare,mussel,T4,The study aimed to determine whether the mussel had subjective experiences.,False,104.686279296875,-0.02081053757007725,False,106.87773030598959,27.431693208026832,-0.07988755898135165,False,False,False,,keep
T11_MANTIS_SHRIMP,T11,scientific_welfare,mantis shrimp,T4,The study aimed to determine whether the mantis shrimp had subjective experiences.,True,74.56037902832031,-0.35835528110016635,False,106.87773030598959,27.431693208026832,-1.17810267972131,False,False,False,,keep
T11_ANT,T11,scientific_welfare,ant,T5,The study aimed to determine whether the ant had subjective experiences.,False,146.9056396484375,0.45223501575227915,False,106.87773030598959,27.431693208026832,1.4591847845081354,False,False,False,,keep
T11_FLY,T11,scientific_welfare,fly,T5,The study aimed to determine whether the fly had subjective experiences.,False,99.72149658203125,-0.07643829618394299,False,106.87773030598959,27.431693208026832,-0.26087466310188756,False,False,False,,keep
T11_EARTHWORM,T11,scientific_welfare,earthworm,T5,The study aimed to determine whether the earthworm had subjective experiences.,False,91.47189331054688,-0.16887072793453017,False,106.87773030598959,27.431693208026832,-0.5616072212026192,False,False,False,,keep
T11_MOTH,T11,scientific_welfare,moth,T5,The study aimed to determine whether the moth had subjective experiences.,False,133.16954040527344,0.29832930489200393,False,106.87773030598959,27.431693208026832,0.9584464910678777,False,False,False,,keep
T11_BEETLE,T11,scientific_welfare,beetle,T5,The study aimed to determine whether the beetle had subjective experiences.,False,84.43682861328125,-0.2476948987572279,False,106.87773030598959,27.431693208026832,-0.8180647662734092,False,False,False,,keep
T11_APHID,T11,scientific_welfare,aphid,T5,The study aimed to determine whether the aphid had subjective experiences.,False,105.46745300292969,-0.012057900274191753,False,106.87773030598959,27.431693208026832,-0.051410508726717465,False,False,False,,keep
T11_NEMATODE,T11,scientific_welfare,nematode,T5,The study aimed to determine whether the nematode had subjective experiences.,False,101.05765533447266,-0.061467345626854256,False,106.87773030598959,27.431693208026832,-0.21216608567982634,False,False,False,,keep
T11_COCKROACH,T11,scientific_welfare,cockroach,T5,The study aimed to determine whether the cockroach had subjective experiences.,False,70.08726501464844,-0.4084741525385653,False,106.87773030598959,27.431693208026832,-1.3411664023923915,False,False,False,,keep
T11_MITE,T11,scientific_welfare,mite,T5,The study aimed to determine whether the mite had subjective experiences.,False,101.51168823242188,-0.05638014767670833,False,106.87773030598959,27.431693208026832,-0.19561468673751228,False,False,False,,keep
T11_WOODLOUSE,T11,scientific_welfare,woodlouse,T5,The study aimed to determine whether the woodlouse had subjective experiences.,False,95.57463073730469,-0.12290172982522643,False,106.87773030598959,27.431693208026832,-0.41204527489311094,False,False,False,,keep
T11_OAK_TREE,T11,scientific_welfare,oak tree,T6,The study aimed to determine whether the oak tree had subjective experiences.,True,109.06813049316406,0.028285782375662424,False,106.87773030598959,27.431693208026832,0.07984925212467522,False,False,False,,keep
T11_MUSHROOM,T11,scientific_welfare,mushroom,T6,The study aimed to determine whether the mushroom had subjective experiences.,False,128.18885803222656,0.24252339903597953,False,106.87773030598959,27.431693208026832,0.7768797778768206,False,False,False,,keep
T11_BACTERIUM,T11,scientific_welfare,bacterium,T6,The study aimed to determine whether the bacterium had subjective experiences.,False,139.5928192138672,0.37029873912438555,False,106.87773030598959,27.431693208026832,1.1926018805979057,False,False,False,,keep
T11_MOSS,T11,scientific_welfare,moss,T6,The study aimed to determine whether the moss had subjective experiences.,False,139.8762664794922,0.37347461548747507,False,106.87773030598959,27.431693208026832,1.2029347194597104,False,False,False,,keep
T11_SEAWEED,T11,scientific_welfare,seaweed,T6,The study aimed to determine whether the seaweed had subjective experiences.,False,121.52626037597656,0.16787252397248809,False,106.87773030598959,27.431693208026832,0.534000214966703,False,False,False,,keep
T11_ROCK,T11,scientific_welfare,rock,T6,The study aimed to determine whether the rock had subjective experiences.,False,158.67828369140625,0.5841412518723911,False,106.87773030598959,27.431693208026832,1.888346920206122,False,False,False,,keep
T11_TABLE,T11,scientific_welfare,table,T6,The study aimed to determine whether the table had subjective experiences.,False,131.216064453125,0.27644164233645846,False,106.87773030598959,27.431693208026832,0.8872341186731315,False,False,False,,keep
T11_CLOUD,T11,scientific_welfare,cloud,T6,The study aimed to determine whether the cloud had subjective experiences.,False,145.28604125976562,0.4340882743154224,False,106.87773030598959,27.431693208026832,1.400143646347624,False,False,False,,keep
T11_RIVER,T11,scientific_welfare,river,T6,The study aimed to determine whether the river had subjective experiences.,False,153.65171813964844,0.5278212493204251,False,106.87773030598959,27.431693208026832,1.7051075731618432,False,False,False,,keep
T11_STATUE,T11,scientific_welfare,statue,T6,The study aimed to determine whether the statue had subjective experiences.,False,116.2735595703125,0.10901879576909089,False,106.87773030598959,27.431693208026832,0.34251729169869777,False,False,False,,keep
T12_CHILD,T12,scientific_welfare,child,T1,Evidence suggested the child might be capable of feeling distress.,False,57.804847717285156,-0.5460921277562374,False,96.76929378509521,34.90202433165809,-1.1163950175940691,False,False,False,,keep
T12_INFANT,T12,scientific_welfare,infant,T1,Evidence suggested the infant might be capable of feeling distress.,False,71.4215087890625,-0.39352465829519145,False,96.76929378509521,34.90202433165809,-0.726255438801034,False,False,False,,keep
T12_ELDERLY_PERSON,T12,scientific_welfare,elderly person,T1,Evidence suggested the elderly person might be capable of feeling distress.,True,74.36073303222656,-0.36059220865909525,False,96.76929378509521,34.90202433165809,-0.642041863816559,False,False,False,,keep
T12_WORKER,T12,scientific_welfare,worker,T1,Evidence suggested the worker might be capable of feeling distress.,False,106.07975769042969,-0.005197350818008662,False,96.76929378509521,34.90202433165809,0.2667599969807299,False,False,False,,keep
T12_PATIENT,T12,scientific_welfare,patient,T1,Evidence suggested the patient might be capable of feeling distress.,False,65.23279571533203,-0.46286590780580333,False,96.76929378509521,34.90202433165809,-0.9035721759312916,False,False,False,,keep
T12_PRISONER,T12,scientific_welfare,prisoner,T1,Evidence suggested the prisoner might be capable of feeling distress.,False,93.01560974121094,-0.15157420361404106,False,96.76929378509521,34.90202433165809,-0.10754917847213452,False,False,False,,keep
T12_REFUGEE,T12,scientific_welfare,refugee,T1,Evidence suggested the refugee might be capable of feeling distress.,False,163.35890197753906,0.6365850986909394,False,96.76929378509521,34.90202433165809,1.9079010306013495,False,False,False,,keep
T12_SOLDIER,T12,scientific_welfare,soldier,T1,Evidence suggested the soldier might be capable of feeling distress.,False,109.55580139160156,0.033749876290624835,False,96.76929378509521,34.90202433165809,0.36635432618469266,False,False,False,,keep
T12_TEENAGER,T12,scientific_welfare,teenager,T1,Evidence suggested the teenager might be capable of feeling distress.,False,106.76457214355469,0.0024756321264066353,False,96.76929378509521,34.90202433165809,0.28638104951961757,False,False,False,,keep
T12_WOMAN,T12,scientific_welfare,woman,T1,Evidence suggested the woman might be capable of feeling distress.,False,77.54712677001953,-0.3248903558539904,False,96.76929378509521,34.90202433165809,-0.5507464791272896,False,False,False,,keep
T12_DOG,T12,scientific_welfare,dog,T2,Evidence suggested the dog might be capable of feeling distress.,False,66.69442749023438,-0.4464890985421209,False,96.76929378509521,34.90202433165809,-0.8616940384051378,False,False,False,,keep
T12_CHIMPANZEE,T12,scientific_welfare,chimpanzee,T2,Evidence suggested the chimpanzee might be capable of feeling distress.,False,25.242233276367188,-0.9109389619470003,False,96.76929378509521,34.90202433165809,-2.0493671034390113,False,False,False,,keep
T12_PIG,T12,scientific_welfare,pig,T2,Evidence suggested the pig might be capable of feeling distress.,False,89.1599349975586,-0.1947749953208381,False,96.76929378509521,34.90202433165809,-0.21802055706649962,False,False,False,,keep
T12_COW,T12,scientific_welfare,cow,T2,Evidence suggested the cow might be capable of feeling distress.,False,101.05442810058594,-0.061503505071879745,False,96.76929378509521,34.90202433165809,0.12277609673212754,False,False,False,,keep
T12_DOLPHIN,T12,scientific_welfare,dolphin,T2,Evidence suggested the dolphin might be capable of feeling distress.,False,49.7036018371582,-0.6368622935771718,False,96.76929378509521,34.90202433165809,-1.3485089432261324,False,False,False,,keep
T12_ELEPHANT,T12,scientific_welfare,elephant,T2,Evidence suggested the elephant might be capable of feeling distress.,False,64.83467864990234,-0.4673265984921389,False,96.76929378509521,34.90202433165809,-0.9149788800710447,False,False,False,,keep
T12_RABBIT,T12,scientific_welfare,rabbit,T2,Evidence suggested the rabbit might be capable of feeling distress.,False,90.23291015625,-0.18275287742474036,False,96.76929378509521,34.90202433165809,-0.1872780663589289,False,False,False,,keep
T12_RAT,T12,scientific_welfare,rat,T2,Evidence suggested the rat might be capable of feeling distress.,False,69.06112670898438,-0.4199714883235248,False,96.76929378509521,34.90202433165809,-0.7938842404329534,False,False,False,,keep
T12_HORSE,T12,scientific_welfare,horse,T2,Evidence suggested the horse might be capable of feeling distress.,False,75.26199340820312,-0.3504940638816468,False,96.76929378509521,34.90202433165809,-0.6162192820828379,False,False,False,,keep
T12_WHALE,T12,scientific_welfare,whale,T2,Evidence suggested the whale might be capable of feeling distress.,False,86.4260025024414,-0.22540725974004117,False,96.76929378509521,34.90202433165809,-0.2963521881815853,False,False,False,,keep
T12_SALMON,T12,scientific_welfare,salmon,T3,Evidence suggested the salmon might be capable of feeling distress.,False,118.71353912353516,0.13635747329139805,False,96.76929378509521,34.90202433165809,0.6287384688611108,False,False,False,,keep
T12_CHICKEN,T12,scientific_welfare,chicken,T3,Evidence suggested the chicken might be capable of feeling distress.,False,100.95381164550781,-0.06263085911678783,False,96.76929378509521,34.90202433165809,0.1198932709647161,False,False,False,,keep
T12_FROG,T12,scientific_welfare,frog,T3,Evidence suggested the frog might be capable of feeling distress.,False,88.05977630615234,-0.20710169029170136,False,96.76929378509521,34.90202433165809,-0.24954190038320645,False,False,False,,keep
T12_ZEBRAFISH,T12,scientific_welfare,zebrafish,T3,Evidence suggested the zebrafish might be capable of feeling distress.,False,123.89195251464844,0.19437885039263647,False,96.76929378509521,34.90202433165809,0.7771084700365489,False,False,False,,keep
T12_CROW,T12,scientific_welfare,crow,T3,Evidence suggested the crow might be capable of feeling distress.,False,116.4914321899414,0.11145994298325831,False,96.76929378509521,34.90202433165809,0.5650714760105507,False,False,False,,keep
T12_SNAKE,T12,scientific_welfare,snake,T3,Evidence suggested the snake might be capable of feeling distress.,False,87.44038391113281,-0.21404165375362602,False,96.76929378509521,34.90202433165809,-0.2672885041083579,False,False,False,,keep
T12_TUNA,T12,scientific_welfare,tuna,T3,Evidence suggested the tuna might be capable of feeling distress.,False,101.480712890625,-0.05672720996229574,False,96.76929378509521,34.90202433165809,0.13498985218620296,False,False,False,,keep
T12_GECKO,T12,scientific_welfare,gecko,T3,Evidence suggested the gecko might be capable of feeling distress.,False,70.47288513183594,-0.40415348353296676,False,96.76929378509521,34.90202433165809,-0.753435055897516,False,False,False,,keep
T12_TROUT,T12,scientific_welfare,trout,T3,Evidence suggested the trout might be capable of feeling distress.,False,115.10720825195312,0.09595044750025808,False,96.76929378509521,34.90202433165809,0.5254111994364864,False,False,False,,keep
T12_PIGEON,T12,scientific_welfare,pigeon,T3,Evidence suggested the pigeon might be capable of feeling distress.,False,65.4146728515625,-0.4608280709028185,False,96.76929378509521,34.90202433165809,-0.898361098931798,False,False,False,,keep
T12_OCTOPUS,T12,scientific_welfare,octopus,T4,Evidence suggested the octopus might be capable of feeling distress.,False,60.50724792480469,-0.5158131659050965,False,96.76929378509521,34.90202433165809,-1.0389668380180122,False,False,False,,keep
T12_CRAB,T12,scientific_welfare,crab,T4,Evidence suggested the crab might be capable of feeling distress.,False,104.03295135498047,-0.02813073084635973,False,96.76929378509521,34.90202433165809,0.20811565257252743,False,False,False,,keep
T12_BEE,T12,scientific_welfare,bee,T4,Evidence suggested the bee might be capable of feeling distress.,False,98.97305297851562,-0.08482421003027922,False,96.76929378509521,34.90202433165809,0.06314130012858529,False,False,False,,keep
T12_SHRIMP,T12,scientific_welfare,shrimp,T4,Evidence suggested the shrimp might be capable of feeling distress.,False,135.4451141357422,0.323825902317729,False,96.76929378509521,34.90202433165809,1.1081254194062846,False,False,False,,keep
T12_LOBSTER,T12,scientific_welfare,lobster,T4,Evidence suggested the lobster might be capable of feeling distress.,False,70.0318374633789,-0.409095188869795,False,96.76929378509521,34.90202433165809,-0.766071791929385,False,False,False,,keep
T12_SQUID,T12,scientific_welfare,squid,T4,Evidence suggested the squid might be capable of feeling distress.,False,73.29669952392578,-0.37251414010230915,False,96.76929378509521,34.90202433165809,-0.6725281616367013,False,False,False,,keep
T12_CRAYFISH,T12,scientific_welfare,crayfish,T4,Evidence suggested the crayfish might be capable of feeling distress.,False,51.24187469482422,-0.6196267616066252,False,96.76929378509521,34.90202433165809,-1.3044349135065807,False,False,False,,keep
T12_BUMBLEBEE,T12,scientific_welfare,bumblebee,T4,Evidence suggested the bumblebee might be capable of feeling distress.,False,56.30821228027344,-0.5628611344992979,False,96.76929378509521,34.90202433165809,-1.1592760672085518,False,False,False,,keep
T12_MUSSEL,T12,scientific_welfare,mussel,T4,Evidence suggested the mussel might be capable of feeling distress.,False,95.74235534667969,-0.12102246448376001,False,96.76929378509521,34.90202433165809,-0.029423463483292476,False,False,False,,keep
T12_MANTIS_SHRIMP,T12,scientific_welfare,mantis shrimp,T4,Evidence suggested the mantis shrimp might be capable of feeling distress.,True,57.745506286621094,-0.5467570170314341,False,96.76929378509521,34.90202433165809,-1.1180952465005694,False,False,False,,keep
T12_ANT,T12,scientific_welfare,ant,T5,Evidence suggested the ant might be capable of feeling distress.,False,151.7830810546875,0.5068841613007743,False,96.76929378509521,34.90202433165809,1.5762348552284888,False,False,False,,keep
T12_FLY,T12,scientific_welfare,fly,T5,Evidence suggested the fly might be capable of feeling distress.,False,84.60682678222656,-0.24579015938593263,False,96.76929378509521,34.90202433165809,-0.348474543691055,False,False,False,,keep
T12_EARTHWORM,T12,scientific_welfare,earthworm,T5,Evidence suggested the earthworm might be capable of feeling distress.,False,107.46943664550781,0.010373265239916446,False,96.76929378509521,34.90202433165809,0.3065765687036946,False,False,False,,keep
T12_MOTH,T12,scientific_welfare,moth,T5,Evidence suggested the moth might be capable of feeling distress.,False,99.05813598632812,-0.08387090002809429,False,96.76929378509521,34.90202433165809,0.06557906726220468,False,False,False,,keep
T12_BEETLE,T12,scientific_welfare,beetle,T5,Evidence suggested the beetle might be capable of feeling distress.,False,75.05448913574219,-0.35281903926179614,False,96.76929378509521,34.90202433165809,-0.6221646183902428,False,False,False,,keep
T12_APHID,T12,scientific_welfare,aphid,T5,Evidence suggested the aphid might be capable of feeling distress.,False,89.33322143554688,-0.1928334126379448,False,96.76929378509521,34.90202433165809,-0.21305561760219752,False,False,False,,keep
T12_NEMATODE,T12,scientific_welfare,nematode,T5,Evidence suggested the nematode might be capable of feeling distress.,False,86.53837585449219,-0.22414817589658872,False,96.76929378509521,34.90202433165809,-0.293132508114236,False,False,False,,keep
T12_COCKROACH,T12,scientific_welfare,cockroach,T5,Evidence suggested the cockroach might be capable of feeling distress.,False,48.51573181152344,-0.650171747554502,False,96.76929378509521,34.90202433165809,-1.3825433595209289,False,False,False,,keep
T12_MITE,T12,scientific_welfare,mite,T5,Evidence suggested the mite might be capable of feeling distress.,False,88.82762145996094,-0.19849839235860434,False,96.76929378509521,34.90202433165809,-0.22754188266182418,False,False,False,,keep
T12_WOODLOUSE,T12,scientific_welfare,woodlouse,T5,Evidence suggested the woodlouse might be capable of feeling distress.,False,77.1271743774414,-0.3295956998066686,False,96.76929378509521,34.90202433165809,-0.5627788010518722,False,False,False,,keep
T12_OAK_TREE,T12,scientific_welfare,oak tree,T6,Evidence suggested the oak tree might be capable of feeling distress.,True,113.50033569335938,0.07794629224378558,False,96.76929378509521,34.90202433165809,0.4793716762465313,False,False,False,,keep
T12_MUSHROOM,T12,scientific_welfare,mushroom,T6,Evidence suggested the mushroom might be capable of feeling distress.,False,156.95404052734375,0.5648220211968356,False,96.76929378509521,34.90202433165809,1.7243912894661986,False,False,False,,keep
T12_BACTERIUM,T12,scientific_welfare,bacterium,T6,Evidence suggested the bacterium might be capable of feeling distress.,False,122.50428771972656,0.1788308019316067,False,96.76929378509521,34.90202433165809,0.7373496072916398,False,False,False,,keep
T12_MOSS,T12,scientific_welfare,moss,T6,Evidence suggested the moss might be capable of feeling distress.,False,122.1263427734375,0.17459612914751083,False,96.76929378509521,34.90202433165809,0.7265208673108976,False,False,False,,keep
T12_SEAWEED,T12,scientific_welfare,seaweed,T6,Evidence suggested the seaweed might be capable of feeling distress.,False,115.4208755493164,0.09946492330009929,False,96.76929378509521,34.90202433165809,0.5343982797955694,False,False,False,,keep
T12_ROCK,T12,scientific_welfare,rock,T6,Evidence suggested the rock might be capable of feeling distress.,False,170.74642944335938,0.7193584280036782,False,96.76929378509521,34.90202433165809,2.1195657579999665,True,False,True,template_z=2.12,review
T12_TABLE,T12,scientific_welfare,table,T6,Evidence suggested the table might be capable of feeling distress.,False,170.42562866210938,0.7157640252981661,False,96.76929378509521,34.90202433165809,2.110374291676937,True,False,True,template_z=2.11,review
T12_CLOUD,T12,scientific_welfare,cloud,T6,Evidence suggested the cloud might be capable of feeling distress.,False,204.21217346191406,1.0943243503856752,False,96.76929378509521,34.90202433165809,3.0784139812590223,True,False,True,template_z=3.08,review
T12_RIVER,T12,scientific_welfare,river,T6,Evidence suggested the river might be capable of feeling distress.,False,142.40164184570312,0.40177010782815165,False,96.76929378509521,34.90202433165809,1.307441299879469,False,False,False,,keep
T12_STATUE,T12,scientific_welfare,statue,T6,Evidence suggested the statue might be capable of feeling distress.,False,145.38755798339844,0.43522571539227617,False,96.76929378509521,34.90202433165809,1.3929926739006864,False,False,False,,keep
T13_CHILD,T13,moral_consideration,child,T1,The child's interests were considered in the decision.,False,44.01401901245117,-0.7006110532238183,False,120.38545385996501,51.014312423028585,-1.497058986392193,False,False,False,,keep
T13_INFANT,T13,moral_consideration,infant,T1,The infant's interests were considered in the decision.,False,79.46605682373047,-0.3033897617785286,False,120.38545385996501,51.014312423028585,-0.8021160159313045,False,False,False,,keep
T13_ELDERLY_PERSON,T13,moral_consideration,elderly person,T1,The elderly person's interests were considered in the decision.,True,63.95491027832031,-0.4771839367527156,False,120.38545385996501,51.014312423028585,-1.1061708156272465,False,False,False,,keep
T13_WORKER,T13,moral_consideration,worker,T1,The worker's interests were considered in the decision.,False,71.33467864990234,-0.3944975439780167,False,120.38545385996501,51.014312423028585,-0.9615100719836508,False,False,False,,keep
T13_PATIENT,T13,moral_consideration,patient,T1,The patient's interests were considered in the decision.,False,40.37085723876953,-0.7414307497498531,False,120.38545385996501,51.014312423028585,-1.5684734895118522,False,False,False,,keep
T13_PRISONER,T13,moral_consideration,prisoner,T1,The prisoner's interests were considered in the decision.,False,54.999900817871094,-0.5775200709326442,False,120.38545385996501,51.014312423028585,-1.281709973857806,False,False,False,,keep
T13_REFUGEE,T13,moral_consideration,refugee,T1,The refugee's interests were considered in the decision.,False,100.52503967285156,-0.06743502178920471,False,120.38545385996501,51.014312423028585,-0.3893106315424566,False,False,False,,keep
T13_SOLDIER,T13,moral_consideration,soldier,T1,The soldier's interests were considered in the decision.,False,113.27346801757812,0.07540436019348329,False,120.38545385996501,51.014312423028585,-0.13941157891949624,False,False,False,,keep
T13_TEENAGER,T13,moral_consideration,teenager,T1,The teenager's interests were considered in the decision.,False,124.89872741699219,0.2056592295074431,False,120.38545385996501,51.014312423028585,0.0884707318918959,False,False,False,,keep
T13_WOMAN,T13,moral_consideration,woman,T1,The woman's interests were considered in the decision.,False,86.12937927246094,-0.22873076579948773,False,120.38545385996501,51.014312423028585,-0.6714992903058397,False,False,False,,keep
T13_DOG,T13,moral_consideration,dog,T2,The dog's interests were considered in the decision.,False,78.7742919921875,-0.31114062002889714,False,120.38545385996501,51.014312423028585,-0.8156762267561924,False,False,False,,keep
T13_CHIMPANZEE,T13,moral_consideration,chimpanzee,T2,The chimpanzee's interests were considered in the decision.,False,40.06550598144531,-0.7448520487291794,False,120.38545385996501,51.014312423028585,-1.574459089293971,False,False,False,,keep
T13_PIG,T13,moral_consideration,pig,T2,The pig's interests were considered in the decision.,False,123.98509216308594,0.19542243078240276,False,120.38545385996501,51.014312423028585,0.07056134116385734,False,False,False,,keep
T13_COW,T13,moral_consideration,cow,T2,The cow's interests were considered in the decision.,False,130.45091247558594,0.2678685200158768,False,120.38545385996501,51.014312423028585,0.19730656236537328,False,False,False,,keep
T13_DOLPHIN,T13,moral_consideration,dolphin,T2,The dolphin's interests were considered in the decision.,False,70.30509948730469,-0.40603343274100573,False,120.38545385996501,51.014312423028585,-0.9816922348649227,False,False,False,,keep
T13_ELEPHANT,T13,moral_consideration,elephant,T2,The elephant's interests were considered in the decision.,False,115.72232055664062,0.10284245481878013,False,120.38545385996501,51.014312423028585,-0.09140833389375218,False,False,False,,keep
T13_RABBIT,T13,moral_consideration,rabbit,T2,The rabbit's interests were considered in the decision.,False,133.2479248046875,0.29920756053784753,False,120.38545385996501,51.014312423028585,0.2521345546728605,False,False,False,,keep
T13_RAT,T13,moral_consideration,rat,T2,The rat's interests were considered in the decision.,False,96.17337799072266,-0.11619308423147902,False,120.38545385996501,51.014312423028585,-0.4746133921882025,False,False,False,,keep
T13_HORSE,T13,moral_consideration,horse,T2,The horse's interests were considered in the decision.,False,90.51646423339844,-0.1795758042951488,False,120.38545385996501,51.014312423028585,-0.5855021504334397,False,False,False,,keep
T13_WHALE,T13,moral_consideration,whale,T2,The whale's interests were considered in the decision.,False,150.55686950683594,0.4931451108908777,False,120.38545385996501,51.014312423028585,0.5914304087190073,False,False,False,,keep
T13_SALMON,T13,moral_consideration,salmon,T3,The salmon's interests were considered in the decision.,False,117.19975280761719,0.1193963000414408,False,120.38545385996501,51.014312423028585,-0.06244720159963879,False,False,False,,keep
T13_CHICKEN,T13,moral_consideration,chicken,T3,The chicken's interests were considered in the decision.,False,120.33618927001953,0.15453840805688404,False,120.38545385996501,51.014312423028585,-0.0009657013415560857,False,False,False,,keep
T13_FROG,T13,moral_consideration,frog,T3,The frog's interests were considered in the decision.,False,155.11880493164062,0.5442591791590324,False,120.38545385996501,51.014312423028585,0.68085502718638,False,False,False,,keep
T13_ZEBRAFISH,T13,moral_consideration,zebrafish,T3,The zebrafish's interests were considered in the decision.,False,246.6891632080078,1.570256504510917,False,120.38545385996501,51.014312423028585,2.47584850895741,True,False,True,template_z=2.48,review
T13_CROW,T13,moral_consideration,crow,T3,The crow's interests were considered in the decision.,False,249.41419982910156,1.6007890953771657,False,120.38545385996501,51.014312423028585,2.5292656088194403,True,False,True,template_z=2.53,review
T13_SNAKE,T13,moral_consideration,snake,T3,The snake's interests were considered in the decision.,False,162.49879455566406,0.626948050950057,False,120.38545385996501,51.014312423028585,0.8255201078960047,False,False,False,,keep
T13_TUNA,T13,moral_consideration,tuna,T3,The tuna's interests were considered in the decision.,False,113.87557983398438,0.08215070393204452,False,120.38545385996501,51.014312423028585,-0.12760877716038738,False,False,False,,keep
T13_GECKO,T13,moral_consideration,gecko,T3,The gecko's interests were considered in the decision.,False,114.78453826904297,0.09233510138096045,False,120.38545385996501,51.014312423028585,-0.10979106303496329,False,False,False,,keep
T13_TROUT,T13,moral_consideration,trout,T3,The trout's interests were considered in the decision.,False,148.29283142089844,0.46777776424737133,False,120.38545385996501,51.014312423028585,0.5470499598135452,False,False,False,,keep
T13_PIGEON,T13,moral_consideration,pigeon,T3,The pigeon's interests were considered in the decision.,False,127.29109191894531,0.23246440561981158,False,120.38545385996501,51.014312423028585,0.13536667909421823,False,False,False,,keep
T13_OCTOPUS,T13,moral_consideration,octopus,T4,The octopus's interests were considered in the decision.,False,97.4095458984375,-0.10234247808692935,False,120.38545385996501,51.014312423028585,-0.45038160606778777,False,False,False,,keep
T13_CRAB,T13,moral_consideration,crab,T4,The crab's interests were considered in the decision.,False,122.32677459716797,0.1768418614885618,False,120.38545385996501,51.014312423028585,0.038054433059978236,False,False,False,,keep
T13_BEE,T13,moral_consideration,bee,T4,The bee's interests were considered in the decision.,False,152.3489532470703,0.5132244592618626,False,120.38545385996501,51.014312423028585,0.6265594471224614,False,False,False,,keep
T13_SHRIMP,T13,moral_consideration,shrimp,T4,The shrimp's interests were considered in the decision.,False,131.88392639160156,0.283924681340338,False,120.38545385996501,51.014312423028585,0.22539699126565071,False,False,False,,keep
T13_LOBSTER,T13,moral_consideration,lobster,T4,The lobster's interests were considered in the decision.,False,118.2347640991211,0.13099305292939004,False,120.38545385996501,51.014312423028585,-0.042158556269653175,False,False,False,,keep
T13_SQUID,T13,moral_consideration,squid,T4,The squid's interests were considered in the decision.,False,84.69619750976562,-0.24478880775702352,False,120.38545385996501,51.014312423028585,-0.6995930093941392,False,False,False,,keep
T13_CRAYFISH,T13,moral_consideration,crayfish,T4,The crayfish's interests were considered in the decision.,False,74.27713012695312,-0.36152893489689497,False,120.38545385996501,51.014312423028585,-0.9038311317550549,False,False,False,,keep
T13_BUMBLEBEE,T13,moral_consideration,bumblebee,T4,The bumblebee's interests were considered in the decision.,False,61.88002395629883,-0.500431938146117,False,120.38545385996501,51.014312423028585,-1.1468434469628566,False,False,False,,keep
T13_MUSSEL,T13,moral_consideration,mussel,T4,The mussel's interests were considered in the decision.,False,82.044189453125,-0.274503152269173,False,120.38545385996501,51.014312423028585,-0.7515785783585749,False,False,False,,keep
T13_MANTIS_SHRIMP,T13,moral_consideration,mantis shrimp,T4,The mantis shrimp's interests were considered in the decision.,True,72.18473815917969,-0.38497307777164624,False,120.38545385996501,51.014312423028585,-0.9448469147459653,False,False,False,,keep
T13_ANT,T13,moral_consideration,ant,T5,The ant's interests were considered in the decision.,False,129.92745971679688,0.26200350932273586,False,120.38545385996501,51.014312423028585,0.1870456623565991,False,False,False,,keep
T13_FLY,T13,moral_consideration,fly,T5,The fly's interests were considered in the decision.,False,169.16009521484375,0.7015843938488809,False,120.38545385996501,51.014312423028585,0.9560972017112039,False,False,False,,keep
T13_EARTHWORM,T13,moral_consideration,earthworm,T5,The earthworm's interests were considered in the decision.,False,121.76448822021484,0.17054174068861297,False,120.38545385996501,51.014312423028585,0.027032303186101884,False,False,False,,keep
T13_MOTH,T13,moral_consideration,moth,T5,The moth's interests were considered in the decision.,False,157.22767639160156,0.567887966008382,False,120.38545385996501,51.014312423028585,0.7221938468194555,False,False,False,,keep
T13_BEETLE,T13,moral_consideration,beetle,T5,The beetle's interests were considered in the decision.,False,118.27655029296875,0.13146124508164675,False,120.38545385996501,51.014312423028585,-0.04133944900616307,False,False,False,,keep
T13_APHID,T13,moral_consideration,aphid,T5,The aphid's interests were considered in the decision.,False,136.1798858642578,0.33205863005180597,False,120.38545385996501,51.014312423028585,0.3096078581500781,False,False,False,,keep
T13_NEMATODE,T13,moral_consideration,nematode,T5,The nematode's interests were considered in the decision.,False,156.94656372070312,0.5647382475416938,False,120.38545385996501,51.014312423028585,0.7166833800985213,False,False,False,,keep
T13_COCKROACH,T13,moral_consideration,cockroach,T5,The cockroach's interests were considered in the decision.,False,55.1768684387207,-0.5755372425470918,False,120.38545385996501,51.014312423028585,-1.278240994027555,False,False,False,,keep
T13_MITE,T13,moral_consideration,mite,T5,The mite's interests were considered in the decision.,False,95.711181640625,-0.12137174933570832,False,120.38545385996501,51.014312423028585,-0.48367352312292844,False,False,False,,keep
T13_WOODLOUSE,T13,moral_consideration,woodlouse,T5,The woodlouse's interests were considered in the decision.,False,87.51234436035156,-0.2132353750645471,False,120.38545385996501,51.014312423028585,-0.6443899356521379,False,False,False,,keep
T13_OAK_TREE,T13,moral_consideration,oak tree,T6,The oak tree's interests were considered in the decision.,True,160.29270935058594,0.6022300356172211,False,120.38545385996501,51.014312423028585,0.7822756711821568,False,False,False,,keep
T13_MUSHROOM,T13,moral_consideration,mushroom,T6,The mushroom's interests were considered in the decision.,False,221.89515686035156,1.2924528060621556,False,120.38545385996501,51.014312423028585,1.9898279164998336,False,False,False,,keep
T13_BACTERIUM,T13,moral_consideration,bacterium,T6,The bacterium's interests were considered in the decision.,False,156.4010467529297,0.558626019082563,False,120.38545385996501,51.014312423028585,0.7059899699188482,False,False,False,,keep
T13_MOSS,T13,moral_consideration,moss,T6,The moss's interests were considered in the decision.,False,318.5016174316406,2.3748769881179728,True,120.38545385996501,51.014312423028585,3.883540797900535,True,False,True,global_z=2.37; template_z=3.88,keep_expected_anomaly
T13_SEAWEED,T13,moral_consideration,seaweed,T6,The seaweed's interests were considered in the decision.,False,138.76649475097656,0.3610402115314295,False,120.38545385996501,51.014312423028585,0.3603114502179214,False,False,False,,keep
T13_ROCK,T13,moral_consideration,rock,T6,The rock's interests were considered in the decision.,False,142.8678741455078,0.40699399360949323,False,120.38545385996501,51.014312423028585,0.4407080918607837,False,False,False,,keep
T13_TABLE,T13,moral_consideration,table,T6,The table's interests were considered in the decision.,False,129.00680541992188,0.2516880659418481,False,120.38545385996501,51.014312423028585,0.16899868194763834,False,False,False,,keep
T13_CLOUD,T13,moral_consideration,cloud,T6,The cloud's interests were considered in the decision.,False,148.84434509277344,0.4739571825972588,False,120.38545385996501,51.014312423028585,0.5578609194380062,False,False,False,,keep
T13_RIVER,T13,moral_consideration,river,T6,The river's interests were considered in the decision.,False,100.19097137451172,-0.07117807999093279,False,120.38545385996501,51.014312423028585,-0.3958591525843484,False,False,False,,keep
T13_STATUE,T13,moral_consideration,statue,T6,The statue's interests were considered in the decision.,False,116.92501068115234,0.11631796014826636,False,120.38545385996501,51.014312423028585,-0.06783279072973596,False,False,False,,keep
T14_CHILD,T14,moral_consideration,child,T1,Policymakers agreed that the child's wellbeing deserved protection.,False,85.86264038085938,-0.23171943368833184,False,140.819673538208,36.52310678344925,-1.5047195596803082,False,False,False,,keep
T14_INFANT,T14,moral_consideration,infant,T1,Policymakers agreed that the infant's wellbeing deserved protection.,False,110.61261749267578,0.045590940511630436,False,140.819673538208,36.52310678344925,-0.8270669914428201,False,False,False,,keep
T14_ELDERLY_PERSON,T14,moral_consideration,elderly person,T1,Policymakers agreed that the elderly person's wellbeing deserved protection.,True,86.09074401855469,-0.2291636533399347,False,140.819673538208,36.52310678344925,-1.4984740987164376,False,False,False,,keep
T14_WORKER,T14,moral_consideration,worker,T1,Policymakers agreed that the worker's wellbeing deserved protection.,False,117.31263732910156,0.12066111126743868,False,140.819673538208,36.52310678344925,-0.6436209369723951,False,False,False,,keep
T14_PATIENT,T14,moral_consideration,patient,T1,Policymakers agreed that the patient's wellbeing deserved protection.,False,100.06253814697266,-0.07261710622629695,False,140.819673538208,36.52310678344925,-1.1159273944818076,False,False,False,,keep
T14_PRISONER,T14,moral_consideration,prisoner,T1,Policymakers agreed that the prisoner's wellbeing deserved protection.,False,115.56781005859375,0.10111124659027859,False,140.819673538208,36.52310678344925,-0.6913941803838372,False,False,False,,keep
T14_REFUGEE,T14,moral_consideration,refugee,T1,Policymakers agreed that the refugee's wellbeing deserved protection.,False,143.7787322998047,0.4171996764054809,False,140.819673538208,36.52310678344925,0.08101881308020603,False,False,False,,keep
T14_SOLDIER,T14,moral_consideration,soldier,T1,Policymakers agreed that the soldier's wellbeing deserved protection.,False,124.35408020019531,0.19955674614697164,False,140.819673538208,36.52310678344925,-0.450826744713684,False,False,False,,keep
T14_TEENAGER,T14,moral_consideration,teenager,T1,Policymakers agreed that the teenager's wellbeing deserved protection.,False,129.20620727539062,0.2539222580344867,False,140.819673538208,36.52310678344925,-0.3179758592738371,False,False,False,,keep
T14_WOMAN,T14,moral_consideration,woman,T1,Policymakers agreed that the woman's wellbeing deserved protection.,False,96.72586059570312,-0.11000280949975182,False,140.819673538208,36.52310678344925,-1.2072853824824772,False,False,False,,keep
T14_DOG,T14,moral_consideration,dog,T2,Policymakers agreed that the dog's wellbeing deserved protection.,False,124.14837646484375,0.19725194483071354,False,140.819673538208,36.52310678344925,-0.4564588979850694,False,False,False,,keep
T14_CHIMPANZEE,T14,moral_consideration,chimpanzee,T2,Policymakers agreed that the chimpanzee's wellbeing deserved protection.,False,58.43842315673828,-0.538993250799508,False,140.819673538208,36.52310678344925,-2.2555926271529967,False,False,False,,keep
T14_PIG,T14,moral_consideration,pig,T2,Policymakers agreed that the pig's wellbeing deserved protection.,False,151.35861206054688,0.5021282112217247,False,140.819673538208,36.52310678344925,0.28855536810780497,False,False,False,,keep
T14_COW,T14,moral_consideration,cow,T2,Policymakers agreed that the cow's wellbeing deserved protection.,False,139.83438110351562,0.3730053120520379,False,140.819673538208,36.52310678344925,-0.026977235001784575,False,False,False,,keep
T14_DOLPHIN,T14,moral_consideration,dolphin,T2,Policymakers agreed that the dolphin's wellbeing deserved protection.,False,86.32838439941406,-0.22650101883957097,False,140.819673538208,36.52310678344925,-1.4919675224202757,False,False,False,,keep
T14_ELEPHANT,T14,moral_consideration,elephant,T2,Policymakers agreed that the elephant's wellbeing deserved protection.,False,133.4837188720703,0.30184950807439054,False,140.819673538208,36.52310678344925,-0.20085790372745738,False,False,False,,keep
T14_RABBIT,T14,moral_consideration,rabbit,T2,Policymakers agreed that the rabbit's wellbeing deserved protection.,False,171.60568237304688,0.7289859016125444,False,140.819673538208,36.52310678344925,0.8429186765894133,False,False,False,,keep
T14_RAT,T14,moral_consideration,rat,T2,Policymakers agreed that the rat's wellbeing deserved protection.,False,159.73959350585938,0.5960326657698033,False,140.819673538208,36.52310678344925,0.5180260288323852,False,False,False,,keep
T14_HORSE,T14,moral_consideration,horse,T2,Policymakers agreed that the horse's wellbeing deserved protection.,False,145.38035583496094,0.435145019136711,False,140.819673538208,36.52310678344925,0.12487114866196544,False,False,False,,keep
T14_WHALE,T14,moral_consideration,whale,T2,Policymakers agreed that the whale's wellbeing deserved protection.,False,138.3408203125,0.3562707550875714,False,140.819673538208,36.52310678344925,-0.06787082053028744,False,False,False,,keep
T14_SALMON,T14,moral_consideration,salmon,T3,Policymakers agreed that the salmon's wellbeing deserved protection.,False,129.15618896484375,0.2533618293782524,False,140.819673538208,36.52310678344925,-0.31934535696863725,False,False,False,,keep
T14_CHICKEN,T14,moral_consideration,chicken,T3,Policymakers agreed that the chicken's wellbeing deserved protection.,False,148.24893188476562,0.46728589321503883,False,140.819673538208,36.52310678344925,0.20341255169246028,False,False,False,,keep
T14_FROG,T14,moral_consideration,frog,T3,Policymakers agreed that the frog's wellbeing deserved protection.,False,152.39981079101562,0.5137942910834699,False,140.819673538208,36.52310678344925,0.3170633134105462,False,False,False,,keep
T14_ZEBRAFISH,T14,moral_consideration,zebrafish,T3,Policymakers agreed that the zebrafish's wellbeing deserved protection.,False,225.77651977539062,1.3359414201126898,False,140.819673538208,36.52310678344925,2.326112253837111,True,False,True,template_z=2.33,review
T14_CROW,T14,moral_consideration,crow,T3,Policymakers agreed that the crow's wellbeing deserved protection.,False,204.1835479736328,1.0940036169631322,False,140.819673538208,36.52310678344925,1.7348982607399288,False,False,False,,keep
T14_SNAKE,T14,moral_consideration,snake,T3,Policymakers agreed that the snake's wellbeing deserved protection.,False,164.29547119140625,0.6470788602806289,False,140.819673538208,36.52310678344925,0.6427656275899425,False,False,False,,keep
T14_TUNA,T14,moral_consideration,tuna,T3,Policymakers agreed that the tuna's wellbeing deserved protection.,False,139.65560913085938,0.3710022668609334,False,140.819673538208,36.52310678344925,-0.031871998574780014,False,False,False,,keep
T14_GECKO,T14,moral_consideration,gecko,T3,Policymakers agreed that the gecko's wellbeing deserved protection.,False,140.1903076171875,0.37699327997007337,False,140.819673538208,36.52310678344925,-0.017231993016150263,False,False,False,,keep
T14_TROUT,T14,moral_consideration,trout,T3,Policymakers agreed that the trout's wellbeing deserved protection.,False,167.38107299804688,0.6816513929244296,False,140.819673538208,36.52310678344925,0.7272491800143187,False,False,False,,keep
T14_PIGEON,T14,moral_consideration,pigeon,T3,Policymakers agreed that the pigeon's wellbeing deserved protection.,False,137.7224578857422,0.3493423318740591,False,140.819673538208,36.52310678344925,-0.08480153867604028,False,False,False,,keep
T14_OCTOPUS,T14,moral_consideration,octopus,T4,Policymakers agreed that the octopus's wellbeing deserved protection.,False,122.71639251708984,0.18120732375466475,False,140.819673538208,36.52310678344925,-0.4956665140360353,False,False,False,,keep
T14_CRAB,T14,moral_consideration,crab,T4,Policymakers agreed that the crab's wellbeing deserved protection.,False,195.7725830078125,0.9997632129612708,False,140.819673538208,36.52310678344925,1.5046066534106255,False,False,False,,keep
T14_BEE,T14,moral_consideration,bee,T4,Policymakers agreed that the bee's wellbeing deserved protection.,False,142.19326782226562,0.3994353873493429,False,140.819673538208,36.52310678344925,0.037608911317480606,False,False,False,,keep
T14_SHRIMP,T14,moral_consideration,shrimp,T4,Policymakers agreed that the shrimp's wellbeing deserved protection.,False,198.198486328125,1.0269441737552754,False,140.819673538208,36.52310678344925,1.5710277093929665,False,False,False,,keep
T14_LOBSTER,T14,moral_consideration,lobster,T4,Policymakers agreed that the lobster's wellbeing deserved protection.,False,115.47223663330078,0.10004039702093043,False,140.819673538208,36.52310678344925,-0.6940109737979253,False,False,False,,keep
T14_SQUID,T14,moral_consideration,squid,T4,Policymakers agreed that the squid's wellbeing deserved protection.,False,123.53782653808594,0.1904110565384923,False,140.819673538208,36.52310678344925,-0.4731757104506094,False,False,False,,keep
T14_CRAYFISH,T14,moral_consideration,crayfish,T4,Policymakers agreed that the crayfish's wellbeing deserved protection.,False,100.71129608154297,-0.06534811745963685,False,140.819673538208,36.52310678344925,-1.0981644495489766,False,False,False,,keep
T14_BUMBLEBEE,T14,moral_consideration,bumblebee,T4,Policymakers agreed that the bumblebee's wellbeing deserved protection.,False,80.47584533691406,-0.2920756167517006,False,140.819673538208,36.52310678344925,-1.6522096151097214,False,False,False,,keep
T14_MUSSEL,T14,moral_consideration,mussel,T4,Policymakers agreed that the mussel's wellbeing deserved protection.,False,129.24453735351562,0.2543517262420707,False,140.819673538208,36.52310678344925,-0.3169263845302928,False,False,False,,keep
T14_MANTIS_SHRIMP,T14,moral_consideration,mantis shrimp,T4,Policymakers agreed that the mantis shrimp's wellbeing deserved protection.,True,113.67604064941406,0.07991497313961762,False,140.819673538208,36.52310678344925,-0.74319068883522,False,False,False,,keep
T14_ANT,T14,moral_consideration,ant,T5,Policymakers agreed that the ant's wellbeing deserved protection.,False,195.72021484375,0.999176455441992,False,140.819673538208,36.52310678344925,1.5031728168979488,False,False,False,,keep
T14_FLY,T14,moral_consideration,fly,T5,Policymakers agreed that the fly's wellbeing deserved protection.,False,180.45359802246094,0.8281221064075494,False,140.819673538208,36.52310678344925,1.085173961767496,False,False,False,,keep
T14_EARTHWORM,T14,moral_consideration,earthworm,T5,Policymakers agreed that the earthworm's wellbeing deserved protection.,False,151.12948608398438,0.4995609761082367,False,140.819673538208,36.52310678344925,0.2822819155803127,False,False,False,,keep
T14_MOTH,T14,moral_consideration,moth,T5,Policymakers agreed that the moth's wellbeing deserved protection.,False,193.9134063720703,0.9789321242603708,False,140.819673538208,36.52310678344925,1.4537025327188806,False,False,False,,keep
T14_BEETLE,T14,moral_consideration,beetle,T5,Policymakers agreed that the beetle's wellbeing deserved protection.,False,109.35266876220703,0.03147388285373694,False,140.819673538208,36.52310678344925,-0.8615642957915209,False,False,False,,keep
T14_APHID,T14,moral_consideration,aphid,T5,Policymakers agreed that the aphid's wellbeing deserved protection.,False,132.83987426757812,0.2946355705668236,False,140.819673538208,36.52310678344925,-0.21848632204109195,False,False,False,,keep
T14_NEMATODE,T14,moral_consideration,nematode,T5,Policymakers agreed that the nematode's wellbeing deserved protection.,False,130.6271209716797,0.2698428428109327,False,140.819673538208,36.52310678344925,-0.2790713459005946,False,False,False,,keep
T14_COCKROACH,T14,moral_consideration,cockroach,T5,Policymakers agreed that the cockroach's wellbeing deserved protection.,False,91.98245239257812,-0.163150184054848,False,140.819673538208,36.52310678344925,-1.3371595531342058,False,False,False,,keep
T14_MITE,T14,moral_consideration,mite,T5,Policymakers agreed that the mite's wellbeing deserved protection.,False,126.90238189697266,0.22810911586897584,False,140.819673538208,36.52310678344925,-0.38105443011058654,False,False,False,,keep
T14_WOODLOUSE,T14,moral_consideration,woodlouse,T5,Policymakers agreed that the woodlouse's wellbeing deserved protection.,False,111.08960723876953,0.050935357776390286,False,140.819673538208,36.52310678344925,-0.8140070469829501,False,False,False,,keep
T14_OAK_TREE,T14,moral_consideration,oak tree,T6,Policymakers agreed that the oak tree's wellbeing deserved protection.,True,135.3680877685547,0.32296286270312546,False,140.819673538208,36.52310678344925,-0.1492640207739324,False,False,False,,keep
T14_MUSHROOM,T14,moral_consideration,mushroom,T6,Policymakers agreed that the mushroom's wellbeing deserved protection.,False,184.50238037109375,0.8734865664666871,False,140.819673538208,36.52310678344925,1.1960293271842066,False,False,False,,keep
T14_BACTERIUM,T14,moral_consideration,bacterium,T6,Policymakers agreed that the bacterium's wellbeing deserved protection.,False,179.6670379638672,0.8193091178866332,False,140.819673538208,36.52310678344925,1.063638004729192,False,False,False,,keep
T14_MOSS,T14,moral_consideration,moss,T6,Policymakers agreed that the moss's wellbeing deserved protection.,False,227.73281860351562,1.3578607114972174,False,140.819673538208,36.52310678344925,2.379675573072908,True,False,True,template_z=2.38,keep_expected_anomaly
T14_SEAWEED,T14,moral_consideration,seaweed,T6,Policymakers agreed that the seaweed's wellbeing deserved protection.,False,146.7919921875,0.4509616561941239,False,140.819673538208,36.52310678344925,0.1635216490399551,False,False,False,,keep
T14_ROCK,T14,moral_consideration,rock,T6,Policymakers agreed that the rock's wellbeing deserved protection.,False,165.25173950195312,0.6577933398066206,False,140.819673538208,36.52310678344925,0.6689481841894324,False,False,False,,keep
T14_TABLE,T14,moral_consideration,table,T6,Policymakers agreed that the table's wellbeing deserved protection.,False,195.23040771484375,0.993688426196989,False,140.819673538208,36.52310678344925,1.4897619334314796,False,False,False,,keep
T14_CLOUD,T14,moral_consideration,cloud,T6,Policymakers agreed that the cloud's wellbeing deserved protection.,False,176.0493621826172,0.7787749783963138,False,140.819673538208,36.52310678344925,0.9645863056856325,False,False,False,,keep
T14_RIVER,T14,moral_consideration,river,T6,Policymakers agreed that the river's wellbeing deserved protection.,False,118.46942138671875,0.13362226345101863,False,140.819673538208,36.52310678344925,-0.6119482738422861,False,False,False,,keep
T14_STATUE,T14,moral_consideration,statue,T6,Policymakers agreed that the statue's wellbeing deserved protection.,False,146.86570739746094,0.45178759604716473,False,140.819673538208,36.52310678344925,0.16553996611243216,False,False,False,,keep
T15_CHILD,T15,moral_consideration,child,T1,The committee debated how much moral weight to give the child.,False,100.78532409667969,-0.06451867279041157,False,132.02788740793864,30.31113045887799,-1.0307290700900977,False,False,False,,keep
T15_INFANT,T15,moral_consideration,infant,T1,The committee debated how much moral weight to give the infant.,False,135.19158935546875,0.3209852915418498,False,132.02788740793864,30.31113045887799,0.1043742644908013,False,False,False,,keep
T15_ELDERLY_PERSON,T15,moral_consideration,elderly person,T1,The committee debated how much moral weight to give the elderly person.,True,116.59568786621094,0.11262807257255683,False,132.02788740793864,30.31113045887799,-0.5091264927470786,False,False,False,,keep
T15_WORKER,T15,moral_consideration,worker,T1,The committee debated how much moral weight to give the worker.,False,143.8375701904297,0.41785892378145384,False,132.02788740793864,30.31113045887799,0.38961538562584525,False,False,False,,keep
T15_PATIENT,T15,moral_consideration,patient,T1,The committee debated how much moral weight to give the patient.,False,121.19062805175781,0.1641119416898375,False,132.02788740793864,30.31113045887799,-0.35753398808016545,False,False,False,,keep
T15_PRISONER,T15,moral_consideration,prisoner,T1,The committee debated how much moral weight to give the prisoner.,False,108.17627716064453,0.018293038533713727,False,132.02788740793864,30.31113045887799,-0.7868927976689196,False,False,False,,keep
T15_REFUGEE,T15,moral_consideration,refugee,T1,The committee debated how much moral weight to give the refugee.,False,139.8183135986328,0.3728252841768046,False,132.02788740793864,30.31113045887799,0.2570153627646176,False,False,False,,keep
T15_SOLDIER,T15,moral_consideration,soldier,T1,The committee debated how much moral weight to give the soldier.,False,120.45474243164062,0.15586673339081084,False,132.02788740793864,30.31113045887799,-0.3818117239803667,False,False,False,,keep
T15_TEENAGER,T15,moral_consideration,teenager,T1,The committee debated how much moral weight to give the teenager.,False,119.6986083984375,0.14739465235632876,False,132.02788740793864,30.31113045887799,-0.40675747894747183,False,False,False,,keep
T15_WOMAN,T15,moral_consideration,woman,T1,The committee debated how much moral weight to give the woman.,False,102.3802261352539,-0.04664864086548749,False,132.02788740793864,30.31113045887799,-0.9781113677995822,False,False,False,,keep
T15_DOG,T15,moral_consideration,dog,T2,The committee debated how much moral weight to give the dog.,False,122.0302963256836,0.17351997961222515,False,132.02788740793864,30.31113045887799,-0.3298323398336598,False,False,False,,keep
T15_CHIMPANZEE,T15,moral_consideration,chimpanzee,T2,The committee debated how much moral weight to give the chimpanzee.,False,57.53126907348633,-0.5491574314428719,False,132.02788740793864,30.31113045887799,-2.457731440782757,False,False,False,,keep
T15_PIG,T15,moral_consideration,pig,T2,The committee debated how much moral weight to give the pig.,False,139.58689880371094,0.37023240406684466,False,132.02788740793864,30.31113045887799,0.24938071531272443,False,False,False,,keep
T15_COW,T15,moral_consideration,cow,T2,The committee debated how much moral weight to give the cow.,False,128.6147003173828,0.24729473611291228,False,132.02788740793864,30.31113045887799,-0.11260507407291753,False,False,False,,keep
T15_DOLPHIN,T15,moral_consideration,dolphin,T2,The committee debated how much moral weight to give the dolphin.,False,97.5160140991211,-0.1011495583343746,False,132.02788740793864,30.31113045887799,-1.1385874689048152,False,False,False,,keep
T15_ELEPHANT,T15,moral_consideration,elephant,T2,The committee debated how much moral weight to give the elephant.,False,120.57598876953125,0.157225234337253,False,132.02788740793864,30.31113045887799,-0.3778116640665633,False,False,False,,keep
T15_RABBIT,T15,moral_consideration,rabbit,T2,The committee debated how much moral weight to give the rabbit.,False,152.9821319580078,0.52031889108587,False,132.02788740793864,30.31113045887799,0.6913052806953881,False,False,False,,keep
T15_RAT,T15,moral_consideration,rat,T2,The committee debated how much moral weight to give the rat.,False,169.95347595214844,0.7104738044592837,False,132.02788740793864,30.31113045887799,1.2512099670997778,False,False,False,,keep
T15_HORSE,T15,moral_consideration,horse,T2,The committee debated how much moral weight to give the horse.,False,134.00762939453125,0.3077196477668259,False,132.02788740793864,30.31113045887799,0.06531402678228905,False,False,False,,keep
T15_WHALE,T15,moral_consideration,whale,T2,The committee debated how much moral weight to give the whale.,False,131.47335815429688,0.2793244818731949,False,132.02788740793864,30.31113045887799,-0.018294575136155684,False,False,False,,keep
T15_SALMON,T15,moral_consideration,salmon,T3,The committee debated how much moral weight to give the salmon.,False,149.7808837890625,0.484450602253662,False,132.02788740793864,30.31113045887799,0.5856923220072148,False,False,False,,keep
T15_CHICKEN,T15,moral_consideration,chicken,T3,The committee debated how much moral weight to give the chicken.,False,142.7708282470703,0.4059066457590814,False,132.02788740793864,30.31113045887799,0.3544223087854224,False,False,False,,keep
T15_FROG,T15,moral_consideration,frog,T3,The committee debated how much moral weight to give the frog.,False,145.4620361328125,0.43606020357747427,False,132.02788740793864,30.31113045887799,0.4432084360264783,False,False,False,,keep
T15_ZEBRAFISH,T15,moral_consideration,zebrafish,T3,The committee debated how much moral weight to give the zebrafish.,False,196.2349395751953,1.004943673215253,False,132.02788740793864,30.31113045887799,2.1182664979903687,True,False,True,template_z=2.12,review
T15_CROW,T15,moral_consideration,crow,T3,The committee debated how much moral weight to give the crow.,False,225.32394409179688,1.3308705494769644,False,132.02788740793864,30.31113045887799,3.077947119472486,True,False,True,template_z=3.08,review
T15_SNAKE,T15,moral_consideration,snake,T3,The committee debated how much moral weight to give the snake.,False,134.43971252441406,0.31256091020080556,False,132.02788740793864,30.31113045887799,0.07956895965155317,False,False,False,,keep
T15_TUNA,T15,moral_consideration,tuna,T3,The committee debated how much moral weight to give the tuna.,False,120.0398941040039,0.15121857778026515,False,132.02788740793864,30.31113045887799,-0.3954980603642746,False,False,False,,keep
T15_GECKO,T15,moral_consideration,gecko,T3,The committee debated how much moral weight to give the gecko.,False,139.275146484375,0.36673938458071836,False,132.02788740793864,30.31113045887799,0.23909563802869238,False,False,False,,keep
T15_TROUT,T15,moral_consideration,trout,T3,The committee debated how much moral weight to give the trout.,False,172.44802856445312,0.7384239441808043,False,132.02788740793864,30.31113045887799,1.3335082045637008,False,False,False,,keep
T15_PIGEON,T15,moral_consideration,pigeon,T3,The committee debated how much moral weight to give the pigeon.,False,118.70171356201172,0.1362249741429595,False,132.02788740793864,30.31113045887799,-0.43964621722063624,False,False,False,,keep
T15_OCTOPUS,T15,moral_consideration,octopus,T4,The committee debated how much moral weight to give the octopus.,False,102.22856140136719,-0.048347963815042215,False,132.02788740793864,30.31113045887799,-0.9831149665301698,False,False,False,,keep
T15_CRAB,T15,moral_consideration,crab,T4,The committee debated how much moral weight to give the crab.,False,166.67669677734375,0.6737592307435004,False,132.02788740793864,30.31113045887799,1.1431051513044654,False,False,False,,keep
T15_BEE,T15,moral_consideration,bee,T4,The committee debated how much moral weight to give the bee.,False,155.83750915527344,0.5523118790178762,False,132.02788740793864,30.31113045887799,0.7855075474547691,False,False,False,,keep
T15_SHRIMP,T15,moral_consideration,shrimp,T4,The committee debated how much moral weight to give the shrimp.,False,153.06997680664062,0.5213031460504645,False,132.02788740793864,30.31113045887799,0.6942033860218123,False,False,False,,keep
T15_LOBSTER,T15,moral_consideration,lobster,T4,The committee debated how much moral weight to give the lobster.,False,102.09196472167969,-0.04987845720448976,False,132.02788740793864,30.31113045887799,-0.9876214523530202,False,False,False,,keep
T15_SQUID,T15,moral_consideration,squid,T4,The committee debated how much moral weight to give the squid.,False,116.47405242919922,0.11126521197671445,False,132.02788740793864,30.31113045887799,-0.5131393895005248,False,False,False,,keep
T15_CRAYFISH,T15,moral_consideration,crayfish,T4,The committee debated how much moral weight to give the crayfish.,False,86.01294708251953,-0.23003532677001715,False,132.02788740793864,30.31113045887799,-1.5180872382125734,False,False,False,,keep
T15_BUMBLEBEE,T15,moral_consideration,bumblebee,T4,The committee debated how much moral weight to give the bumblebee.,False,84.64044189453125,-0.24541351987108087,False,132.02788740793864,30.31113045887799,-1.563367805687624,False,False,False,,keep
T15_MUSSEL,T15,moral_consideration,mussel,T4,The committee debated how much moral weight to give the mussel.,False,130.96734619140625,0.2736548860531704,False,132.02788740793864,30.31113045887799,-0.03498850753755896,False,False,False,,keep
T15_MANTIS_SHRIMP,T15,moral_consideration,mantis shrimp,T4,The committee debated how much moral weight to give the mantis shrimp.,True,92.4132080078125,-0.15832379571882207,False,132.02788740793864,30.31113045887799,-1.3069350697384887,False,False,False,,keep
T15_ANT,T15,moral_consideration,ant,T5,The committee debated how much moral weight to give the ant.,False,170.52023315429688,0.7168240184856745,False,132.02788740793864,30.31113045887799,1.2699079567018923,False,False,False,,keep
T15_FLY,T15,moral_consideration,fly,T5,The committee debated how much moral weight to give the fly.,False,166.95692443847656,0.6768990331448861,False,132.02788740793864,30.31113045887799,1.1523501928746895,False,False,False,,keep
T15_EARTHWORM,T15,moral_consideration,earthworm,T5,The committee debated how much moral weight to give the earthworm.,False,119.02483367919922,0.13984536377822995,False,132.02788740793864,30.31113045887799,-0.4289861028568429,False,False,False,,keep
T15_MOTH,T15,moral_consideration,moth,T5,The committee debated how much moral weight to give the moth.,False,175.35031127929688,0.7709424835738428,False,132.02788740793864,30.31113045887799,1.429257939756889,False,False,False,,keep
T15_BEETLE,T15,moral_consideration,beetle,T5,The committee debated how much moral weight to give the beetle.,False,108.50576782226562,0.021984806742497857,False,132.02788740793864,30.31113045887799,-0.7760225115188171,False,False,False,,keep
T15_APHID,T15,moral_consideration,aphid,T5,The committee debated how much moral weight to give the aphid.,False,127.89981842041016,0.23928486339817678,False,132.02788740793864,30.31113045887799,-0.1361898723351437,False,False,False,,keep
T15_NEMATODE,T15,moral_consideration,nematode,T5,The committee debated how much moral weight to give the nematode.,False,119.259521484375,0.14247491623314484,False,132.02788740793864,30.31113045887799,-0.421243474930307,False,False,False,,keep
T15_COCKROACH,T15,moral_consideration,cockroach,T5,The committee debated how much moral weight to give the cockroach.,False,78.14009857177734,-0.3182464211346739,False,132.02788740793864,30.31113045887799,-1.777821810680037,False,False,False,,keep
T15_MITE,T15,moral_consideration,mite,T5,The committee debated how much moral weight to give the mite.,False,123.0322036743164,0.18474582036786802,False,132.02788740793864,30.31113045887799,-0.296778232861567,False,False,False,,keep
T15_WOODLOUSE,T15,moral_consideration,woodlouse,T5,The committee debated how much moral weight to give the woodlouse.,False,115.61068725585938,0.10159166285752028,False,132.02788740793864,30.31113045887799,-0.5416228264515531,False,False,False,,keep
T15_OAK_TREE,T15,moral_consideration,oak tree,T6,The committee debated how much moral weight to give the oak tree.,True,128.81761169433594,0.24956825053347456,False,132.02788740793864,30.31113045887799,-0.10591078805054673,False,False,False,,keep
T15_MUSHROOM,T15,moral_consideration,mushroom,T6,The committee debated how much moral weight to give the mushroom.,False,152.67584228515625,0.5168870776579901,False,132.02788740793864,30.31113045887799,0.681200422571832,False,False,False,,keep
T15_BACTERIUM,T15,moral_consideration,bacterium,T6,The committee debated how much moral weight to give the bacterium.,False,149.6064910888672,0.48249662448914055,False,132.02788740793864,30.31113045887799,0.5799389008198426,False,False,False,,keep
T15_MOSS,T15,moral_consideration,moss,T6,The committee debated how much moral weight to give the moss.,False,207.58041381835938,1.1320636981604786,False,132.02788740793864,30.31113045887799,2.4925670955400396,True,False,True,template_z=2.49,keep_expected_anomaly
T15_SEAWEED,T15,moral_consideration,seaweed,T6,The committee debated how much moral weight to give the seaweed.,False,124.81591033935547,0.20473130805176543,False,132.02788740793864,30.31113045887799,-0.2379316429114181,False,False,False,,keep
T15_ROCK,T15,moral_consideration,rock,T6,The committee debated how much moral weight to give the rock.,False,137.97848510742188,0.35221098117941435,False,132.02788740793864,30.31113045887799,0.1963172474730429,False,False,False,,keep
T15_TABLE,T15,moral_consideration,table,T6,The committee debated how much moral weight to give the table.,False,145.1204833984375,0.4322332862372828,False,132.02788740793864,30.31113045887799,0.4319402078474478,False,False,False,,keep
T15_CLOUD,T15,moral_consideration,cloud,T6,The committee debated how much moral weight to give the cloud.,False,137.7320556640625,0.34944986989259824,False,132.02788740793864,30.31113045887799,0.18818724903257905,False,False,False,,keep
T15_RIVER,T15,moral_consideration,river,T6,The committee debated how much moral weight to give the river.,False,133.80235290527344,0.3054196335165759,False,132.02788740793864,30.31113045887799,0.05854171291110884,False,False,False,,keep
T15_STATUE,T15,moral_consideration,statue,T6,The committee debated how much moral weight to give the statue.,False,101.95263671875,-0.051439553623060526,False,132.02788740793864,30.31113045887799,-0.9922180477561084,False,False,False,,keep
T16_CHILD,T16,moral_consideration,child,T1,It was decided that the child deserved to be treated with care.,False,23.977312088012695,-0.9251117333597291,False,35.286696656545004,8.490943188126218,-1.3319350180492804,False,False,False,,keep
T16_INFANT,T16,moral_consideration,infant,T1,It was decided that the infant deserved to be treated with care.,False,28.931392669677734,-0.8696038864752003,False,35.286696656545004,8.490943188126218,-0.7484803332278283,False,False,False,,keep
T16_ELDERLY_PERSON,T16,moral_consideration,elderly person,T1,It was decided that the elderly person deserved to be treated with care.,True,26.150177001953125,-0.9007659337798536,False,35.286696656545004,8.490943188126218,-1.076031184305701,False,False,False,,keep
T16_WORKER,T16,moral_consideration,worker,T1,It was decided that the worker deserved to be treated with care.,False,31.899169921875,-0.8363515155081162,False,35.286696656545004,8.490943188126218,-0.3989576492994489,False,False,False,,keep
T16_PATIENT,T16,moral_consideration,patient,T1,It was decided that the patient deserved to be treated with care.,False,23.448081970214844,-0.9310414762981314,False,35.286696656545004,8.490943188126218,-1.3942637966162987,False,False,False,,keep
T16_PRISONER,T16,moral_consideration,prisoner,T1,It was decided that the prisoner deserved to be treated with care.,False,23.874900817871094,-0.9262591973560373,False,35.286696656545004,8.490943188126218,-1.343996254106638,False,False,False,,keep
T16_REFUGEE,T16,moral_consideration,refugee,T1,It was decided that the refugee deserved to be treated with care.,False,41.28963851928711,-0.7311362925244116,False,35.286696656545004,8.490943188126218,0.7069817486397332,False,False,False,,keep
T16_SOLDIER,T16,moral_consideration,soldier,T1,It was decided that the soldier deserved to be treated with care.,False,28.94182586669922,-0.8694869880329489,False,35.286696656545004,8.490943188126218,-0.7472515890482565,False,False,False,,keep
T16_TEENAGER,T16,moral_consideration,teenager,T1,It was decided that the teenager deserved to be treated with care.,False,28.37673568725586,-0.8758185239535758,False,35.286696656545004,8.490943188126218,-0.813803698386779,False,False,False,,keep
T16_WOMAN,T16,moral_consideration,woman,T1,It was decided that the woman deserved to be treated with care.,False,21.059667587280273,-0.9578023934207553,False,35.286696656545004,8.490943188126218,-1.675553440183169,False,False,False,,keep
T16_DOG,T16,moral_consideration,dog,T2,It was decided that the dog deserved to be treated with care.,False,25.5651912689209,-0.9073203888323133,False,35.286696656545004,8.490943188126218,-1.1449264436510083,False,False,False,,keep
T16_CHIMPANZEE,T16,moral_consideration,chimpanzee,T2,It was decided that the chimpanzee deserved to be treated with care.,False,19.333059310913086,-0.9771481239259985,False,35.286696656545004,8.490943188126218,-1.8789004934035565,False,False,False,,keep
T16_PIG,T16,moral_consideration,pig,T2,It was decided that the pig deserved to be treated with care.,False,41.76458740234375,-0.7258147420481726,False,35.286696656545004,8.490943188126218,0.7629176879734002,False,False,False,,keep
T16_COW,T16,moral_consideration,cow,T2,It was decided that the cow deserved to be treated with care.,False,36.33456039428711,-0.7866553163532362,False,35.286696656545004,8.490943188126218,0.12340958059964924,False,False,False,,keep
T16_DOLPHIN,T16,moral_consideration,dolphin,T2,It was decided that the dolphin deserved to be treated with care.,False,27.956623077392578,-0.8805256630560071,False,35.286696656545004,8.490943188126218,-0.8632814301952746,False,False,False,,keep
T16_ELEPHANT,T16,moral_consideration,elephant,T2,It was decided that the elephant deserved to be treated with care.,False,36.33000564575195,-0.7867063498962155,False,35.286696656545004,8.490943188126218,0.12287315626677588,False,False,False,,keep
T16_RABBIT,T16,moral_consideration,rabbit,T2,It was decided that the rabbit deserved to be treated with care.,False,39.93834686279297,-0.7462767992498409,False,35.286696656545004,8.490943188126218,0.5478366894213658,False,False,False,,keep
T16_RAT,T16,moral_consideration,rat,T2,It was decided that the rat deserved to be treated with care.,False,45.16633605957031,-0.6876999515250195,False,35.286696656545004,8.490943188126218,1.1635502893060279,False,False,False,,keep
T16_HORSE,T16,moral_consideration,horse,T2,It was decided that the horse deserved to be treated with care.,False,28.349624633789062,-0.8761222889367865,False,35.286696656545004,8.490943188126218,-0.8169966361872237,False,False,False,,keep
T16_WHALE,T16,moral_consideration,whale,T2,It was decided that the whale deserved to be treated with care.,False,32.33072280883789,-0.8315161941649858,False,35.286696656545004,8.490943188126218,-0.3481325669262237,False,False,False,,keep
T16_SALMON,T16,moral_consideration,salmon,T3,It was decided that the salmon deserved to be treated with care.,False,31.628711700439453,-0.8393818565162272,False,35.286696656545004,8.490943188126218,-0.4308102027135098,False,False,False,,keep
T16_CHICKEN,T16,moral_consideration,chicken,T3,It was decided that the chicken deserved to be treated with care.,False,41.66461181640625,-0.7269349154940685,False,35.286696656545004,8.490943188126218,0.7511433086468129,False,False,False,,keep
T16_FROG,T16,moral_consideration,frog,T3,It was decided that the frog deserved to be treated with care.,False,40.01417541503906,-0.7454271805167243,False,35.286696656545004,8.490943188126218,0.5567672111038254,False,False,False,,keep
T16_ZEBRAFISH,T16,moral_consideration,zebrafish,T3,It was decided that the zebrafish deserved to be treated with care.,False,58.05217742919922,-0.5433209294374756,False,35.286696656545004,8.490943188126218,2.6811486389980312,True,False,True,template_z=2.68,review
T16_CROW,T16,moral_consideration,crow,T3,It was decided that the crow deserved to be treated with care.,False,36.23051452636719,-0.7878210951511915,False,35.286696656545004,8.490943188126218,0.11115583379971537,False,False,False,,keep
T16_SNAKE,T16,moral_consideration,snake,T3,It was decided that the snake deserved to be treated with care.,False,35.40779495239258,-0.797039231874704,False,35.286696656545004,8.490943188126218,0.014262054658064188,False,False,False,,keep
T16_TUNA,T16,moral_consideration,tuna,T3,It was decided that the tuna deserved to be treated with care.,False,29.797569274902344,-0.8598988367520064,False,35.286696656545004,8.490943188126218,-0.6464685088599682,False,False,False,,keep
T16_GECKO,T16,moral_consideration,gecko,T3,It was decided that the gecko deserved to be treated with care.,False,36.92802047729492,-0.7800059107013391,False,35.286696656545004,8.490943188126218,0.19330288572006393,False,False,False,,keep
T16_TROUT,T16,moral_consideration,trout,T3,It was decided that the trout deserved to be treated with care.,False,34.78437805175781,-0.8040242877887587,False,35.286696656545004,8.490943188126218,-0.05915934115418848,False,False,False,,keep
T16_PIGEON,T16,moral_consideration,pigeon,T3,It was decided that the pigeon deserved to be treated with care.,False,34.59206771850586,-0.8061790231339948,False,35.286696656545004,8.490943188126218,-0.08180821878663819,False,False,False,,keep
T16_OCTOPUS,T16,moral_consideration,octopus,T4,It was decided that the octopus deserved to be treated with care.,False,30.562938690185547,-0.8513232781567599,False,35.286696656545004,8.490943188126218,-0.5563290039397727,False,False,False,,keep
T16_CRAB,T16,moral_consideration,crab,T4,It was decided that the crab deserved to be treated with care.,False,45.46510314941406,-0.6843524246522108,False,35.286696656545004,8.490943188126218,1.198736850236214,False,False,False,,keep
T16_BEE,T16,moral_consideration,bee,T4,It was decided that the bee deserved to be treated with care.,False,42.65950393676758,-0.7157876766526122,False,35.286696656545004,8.490943188126218,0.8683142869843656,False,False,False,,keep
T16_SHRIMP,T16,moral_consideration,shrimp,T4,It was decided that the shrimp deserved to be treated with care.,False,41.71178436279297,-0.7264063721167812,False,35.286696656545004,8.490943188126218,0.7566989395515968,False,False,False,,keep
T16_LOBSTER,T16,moral_consideration,lobster,T4,It was decided that the lobster deserved to be treated with care.,False,28.058977127075195,-0.8793788401846107,False,35.286696656545004,8.490943188126218,-0.8512269331370739,False,False,False,,keep
T16_SQUID,T16,moral_consideration,squid,T4,It was decided that the squid deserved to be treated with care.,False,28.295961380004883,-0.8767235572499023,False,35.286696656545004,8.490943188126218,-0.8233166942296828,False,False,False,,keep
T16_CRAYFISH,T16,moral_consideration,crayfish,T4,It was decided that the crayfish deserved to be treated with care.,False,25.025245666503906,-0.9133701930958652,False,35.286696656545004,8.490943188126218,-1.2085172121267715,False,False,False,,keep
T16_BUMBLEBEE,T16,moral_consideration,bumblebee,T4,It was decided that the bumblebee deserved to be treated with care.,False,29.109363555908203,-0.867609817032861,False,35.286696656545004,8.490943188126218,-0.7275202487840476,False,False,False,,keep
T16_MUSSEL,T16,moral_consideration,mussel,T4,It was decided that the mussel deserved to be treated with care.,False,37.550418853759766,-0.7730322668107146,False,35.286696656545004,8.490943188126218,0.2666043273473273,False,False,False,,keep
T16_MANTIS_SHRIMP,T16,moral_consideration,mantis shrimp,T4,It was decided that the mantis shrimp deserved to be treated with care.,True,31.837299346923828,-0.8370447425044145,False,35.286696656545004,8.490943188126218,-0.406244304454284,False,False,False,,keep
T16_ANT,T16,moral_consideration,ant,T5,It was decided that the ant deserved to be treated with care.,False,46.97756576538086,-0.6674060827585465,False,35.286696656545004,8.490943188126218,1.3768634237459545,False,False,False,,keep
T16_FLY,T16,moral_consideration,fly,T5,It was decided that the fly deserved to be treated with care.,False,50.455467224121094,-0.62843804046111,False,35.286696656545004,8.490943188126218,1.7864647344229299,False,False,False,,keep
T16_EARTHWORM,T16,moral_consideration,earthworm,T5,It was decided that the earthworm deserved to be treated with care.,False,39.0140495300293,-0.7566330609167798,False,35.286696656545004,8.490943188126218,0.43897983897673976,False,False,False,,keep
T16_MOTH,T16,moral_consideration,moth,T5,It was decided that the moth deserved to be treated with care.,False,37.98432922363281,-0.768170531121218,False,35.286696656545004,8.490943188126218,0.3177070564858086,False,False,False,,keep
T16_BEETLE,T16,moral_consideration,beetle,T5,It was decided that the beetle deserved to be treated with care.,False,31.825679779052734,-0.8371749336031705,False,35.286696656545004,8.490943188126218,-0.40761277054970463,False,False,False,,keep
T16_APHID,T16,moral_consideration,aphid,T5,It was decided that the aphid deserved to be treated with care.,False,37.077911376953125,-0.7783264626240501,False,35.286696656545004,8.490943188126218,0.2109559186443463,False,False,False,,keep
T16_NEMATODE,T16,moral_consideration,nematode,T5,It was decided that the nematode deserved to be treated with care.,False,53.900047302246094,-0.5898433465706446,False,35.286696656545004,8.490943188126218,2.192141701257653,True,False,True,template_z=2.19,review
T16_COCKROACH,T16,moral_consideration,cockroach,T5,It was decided that the cockroach deserved to be treated with care.,False,27.70891571044922,-0.8833010927991867,False,35.286696656545004,8.490943188126218,-0.8924545575446313,False,False,False,,keep
T16_MITE,T16,moral_consideration,mite,T5,It was decided that the mite deserved to be treated with care.,False,29.853675842285156,-0.8592701924051567,False,35.286696656545004,8.490943188126218,-0.639860695553518,False,False,False,,keep
T16_WOODLOUSE,T16,moral_consideration,woodlouse,T5,It was decided that the woodlouse deserved to be treated with care.,False,30.52585792541504,-0.8517387484704363,False,35.286696656545004,8.490943188126218,-0.56069610002662,False,False,False,,keep
T16_OAK_TREE,T16,moral_consideration,oak tree,T6,It was decided that the oak tree deserved to be treated with care.,True,33.95870590209961,-0.8132755065577202,False,35.286696656545004,8.490943188126218,-0.15640085265232542,False,False,False,,keep
T16_MUSHROOM,T16,moral_consideration,mushroom,T6,It was decided that the mushroom deserved to be treated with care.,False,51.25177001953125,-0.6195158897385448,False,35.286696656545004,8.490943188126218,1.8802473422872377,False,False,False,,keep
T16_BACTERIUM,T16,moral_consideration,bacterium,T6,It was decided that the bacterium deserved to be treated with care.,False,52.065582275390625,-0.6103975547929689,False,35.286696656545004,8.490943188126218,1.9760920838934957,False,False,False,,keep
T16_MOSS,T16,moral_consideration,moss,T6,It was decided that the moss deserved to be treated with care.,False,46.86882400512695,-0.6686244765409302,False,35.286696656545004,8.490943188126218,1.3640566297485608,False,False,False,,keep
T16_SEAWEED,T16,moral_consideration,seaweed,T6,It was decided that the seaweed deserved to be treated with care.,False,41.36148452758789,-0.7303312960851563,False,35.286696656545004,8.490943188126218,0.7154432359808864,False,False,False,,keep
T16_ROCK,T16,moral_consideration,rock,T6,It was decided that the rock deserved to be treated with care.,False,39.11496353149414,-0.7555023730223305,False,35.286696656545004,8.490943188126218,0.4508647378894969,False,False,False,,keep
T16_TABLE,T16,moral_consideration,table,T6,It was decided that the table deserved to be treated with care.,False,36.59687805175781,-0.7837161860492438,False,35.286696656545004,8.490943188126218,0.15430339906701687,False,False,False,,keep
T16_CLOUD,T16,moral_consideration,cloud,T6,It was decided that the cloud deserved to be treated with care.,False,39.48430633544922,-0.7513640826833085,False,35.286696656545004,8.490943188126218,0.49436318037955723,False,False,False,,keep
T16_RIVER,T16,moral_consideration,river,T6,It was decided that the river deserved to be treated with care.,False,32.38448715209961,-0.8309137931978591,False,35.286696656545004,8.490943188126218,-0.3418006033185878,False,False,False,,keep
T16_STATUE,T16,moral_consideration,statue,T6,It was decided that the statue deserved to be treated with care.,False,28.39672088623047,-0.8755946003927148,False,35.286696656545004,8.490943188126218,-0.8114499906146487,False,False,False,,keep
T17_CHILD,T17,neutral_control,child,T1,The child moved across the room.,False,55.58226776123047,-0.5709949580303146,False,109.45115938186646,66.4862695907373,-0.8102258098135329,False,False,False,,keep
T17_INFANT,T17,neutral_control,infant,T1,The infant moved across the room.,False,109.41281127929688,0.032147747877698904,False,109.45115938186646,66.4862695907373,-0.0005767822861117226,False,False,False,,keep
T17_ELDERLY_PERSON,T17,neutral_control,elderly person,T1,The elderly person moved across the room.,True,75.64138793945312,-0.34624314926645194,False,109.45115938186646,66.4862695907373,-0.508522611518629,False,False,False,,keep
T17_WORKER,T17,neutral_control,worker,T1,The worker moved across the room.,False,95.509033203125,-0.12363671542411327,False,109.45115938186646,66.4862695907373,-0.2096993298701157,False,False,False,,keep
T17_PATIENT,T17,neutral_control,patient,T1,The patient moved across the room.,False,99.54219818115234,-0.07844723972423603,False,109.45115938186646,66.4862695907373,-0.14903770751028284,False,False,False,,keep
T17_PRISONER,T17,neutral_control,prisoner,T1,The prisoner moved across the room.,False,68.92180633544922,-0.42153249925877406,False,109.45115938186646,66.4862695907373,-0.6095898190092424,False,False,False,,keep
T17_REFUGEE,T17,neutral_control,refugee,T1,The refugee moved across the room.,False,288.80670166015625,2.0421611974235567,True,109.45115938186646,66.4862695907373,2.6976328102378173,True,False,True,global_z=2.04; template_z=2.70,review
T17_SOLDIER,T17,neutral_control,soldier,T1,The soldier moved across the room.,False,62.153831481933594,-0.49736406995983523,False,109.45115938186646,66.4862695907373,-0.711384894822287,False,False,False,,keep
T17_TEENAGER,T17,neutral_control,teenager,T1,The teenager moved across the room.,False,173.30972290039062,0.7480787724525739,False,109.45115938186646,66.4862695907373,0.9604774626642729,False,False,False,,keep
T17_WOMAN,T17,neutral_control,woman,T1,The woman moved across the room.,False,46.257904052734375,-0.6754695107742477,False,109.45115938186646,66.4862695907373,-0.9504707621306523,False,False,False,,keep
T17_DOG,T17,neutral_control,dog,T2,The dog moved across the room.,False,68.373779296875,-0.42767285173070246,False,109.45115938186646,66.4862695907373,-0.6178325289995554,False,False,False,,keep
T17_CHIMPANZEE,T17,neutral_control,chimpanzee,T2,The chimpanzee moved across the room.,False,31.1651668548584,-0.8445756307975446,False,109.45115938186646,66.4862695907373,-1.1774760865499765,False,False,False,,keep
T17_PIG,T17,neutral_control,pig,T2,The pig moved across the room.,False,131.7284393310547,0.2821825312466751,False,109.45115938186646,66.4862695907373,0.3350658727932578,False,False,False,,keep
T17_COW,T17,neutral_control,cow,T2,The cow moved across the room.,False,100.51588439941406,-0.06753760177509262,False,109.45115938186646,66.4862695907373,-0.13439278572033525,False,False,False,,keep
T17_DOLPHIN,T17,neutral_control,dolphin,T2,The dolphin moved across the room.,False,63.34148406982422,-0.48405705225716994,False,109.45115938186646,66.4862695907373,-0.6935217691694066,False,False,False,,keep
T17_ELEPHANT,T17,neutral_control,elephant,T2,The elephant moved across the room.,False,96.95230865478516,-0.10746557903213605,False,109.45115938186646,66.4862695907373,-0.1879914575448314,False,False,False,,keep
T17_RABBIT,T17,neutral_control,rabbit,T2,The rabbit moved across the room.,False,80.56861114501953,-0.29103622504469134,False,109.45115938186646,66.4862695907373,-0.43441372804695266,False,False,False,,keep
T17_RAT,T17,neutral_control,rat,T2,The rat moved across the room.,False,109.83590698242188,0.036888310958865286,False,109.45115938186646,66.4862695907373,0.005786873032939967,False,False,False,,keep
T17_HORSE,T17,neutral_control,horse,T2,The horse moved across the room.,False,55.68092346191406,-0.5698895731990509,False,109.45115938186646,66.4862695907373,-0.8087419590682455,False,False,False,,keep
T17_WHALE,T17,neutral_control,whale,T2,The whale moved across the room.,False,159.27139282226562,0.5907867252914958,False,109.45115938186646,66.4862695907373,0.7493311588553917,False,False,False,,keep
T17_SALMON,T17,neutral_control,salmon,T3,The salmon moved across the room.,False,185.71090698242188,0.8870274665371768,False,109.45115938186646,66.4862695907373,1.1469999455523632,False,False,False,,keep
T17_CHICKEN,T17,neutral_control,chicken,T3,The chicken moved across the room.,False,109.53245544433594,0.033488297326610676,False,109.45115938186646,66.4862695907373,0.0012227496439475784,False,False,False,,keep
T17_FROG,T17,neutral_control,frog,T3,The frog moved across the room.,False,128.15097045898438,0.24209888886104675,False,109.45115938186646,66.4862695907373,0.28125823861417437,False,False,False,,keep
T17_ZEBRAFISH,T17,neutral_control,zebrafish,T3,The zebrafish moved across the room.,False,426.216064453125,3.5817602702850833,True,109.45115938186646,66.4862695907373,4.764365740793337,True,False,True,global_z=3.58; template_z=4.76,rewrite_or_cut
T17_CROW,T17,neutral_control,crow,T3,The crow moved across the room.,False,141.7090301513672,0.39400976092908846,False,109.45115938186646,66.4862695907373,0.4851809398852905,False,False,False,,keep
T17_SNAKE,T17,neutral_control,snake,T3,The snake moved across the room.,False,73.46798706054688,-0.370594954049668,False,109.45115938186646,66.4862695907373,-0.5412120809727708,False,False,False,,keep
T17_TUNA,T17,neutral_control,tuna,T3,The tuna moved across the room.,False,92.90089416503906,-0.1528595308372165,False,109.45115938186646,66.4862695907373,-0.24892756532595628,False,False,False,,keep
T17_GECKO,T17,neutral_control,gecko,T3,The gecko moved across the room.,False,74.06613159179688,-0.3638930616383249,False,109.45115938186646,66.4862695907373,-0.5322155688367775,False,False,False,,keep
T17_TROUT,T17,neutral_control,trout,T3,The trout moved across the room.,False,239.52943420410156,1.4900355362137123,False,109.45115938186646,66.4862695907373,1.9564682395770523,False,False,False,,keep
T17_PIGEON,T17,neutral_control,pigeon,T3,The pigeon moved across the room.,False,84.40071868896484,-0.24809949131823408,False,109.45115938186646,66.4862695907373,-0.37677615012997484,False,False,False,,keep
T17_OCTOPUS,T17,neutral_control,octopus,T4,The octopus moved across the room.,False,68.0329818725586,-0.43149130622205817,False,109.45115938186646,66.4862695907373,-0.6229583606398958,False,False,False,,keep
T17_CRAB,T17,neutral_control,crab,T4,The crab moved across the room.,False,104.26387786865234,-0.02554332166898047,False,109.45115938186646,66.4862695907373,-0.07802034232248152,False,False,False,,keep
T17_BEE,T17,neutral_control,bee,T4,The bee moved across the room.,False,118.17147064208984,0.13028388329361834,False,109.45115938186646,66.4862695907373,0.13115958097667546,False,False,False,,keep
T17_SHRIMP,T17,neutral_control,shrimp,T4,The shrimp moved across the room.,False,140.78201293945312,0.38362302445800867,False,109.45115938186646,66.4862695907373,0.4712379525945249,False,False,False,,keep
T17_LOBSTER,T17,neutral_control,lobster,T4,The lobster moved across the room.,False,78.80633544921875,-0.3107815900782895,False,109.45115938186646,66.4862695907373,-0.460919587176193,False,False,False,,keep
T17_SQUID,T17,neutral_control,squid,T4,The squid moved across the room.,False,75.5955581665039,-0.3467566475791425,False,109.45115938186646,66.4862695907373,-0.5092119233604774,False,False,False,,keep
T17_CRAYFISH,T17,neutral_control,crayfish,T4,The crayfish moved across the room.,False,67.73492431640625,-0.43483088314596047,False,109.45115938186646,66.4862695907373,-0.6274413547676619,False,False,False,,keep
T17_BUMBLEBEE,T17,neutral_control,bumblebee,T4,The bumblebee moved across the room.,False,42.884403228759766,-0.7132677992992759,False,109.45115938186646,66.4862695907373,-1.001210574196219,False,False,False,,keep
T17_MUSSEL,T17,neutral_control,mussel,T4,The mussel moved across the room.,False,122.31855010986328,0.17674971046790583,False,109.45115938186646,66.4862695907373,0.19353455694240776,False,False,False,,keep
T17_MANTIS_SHRIMP,T17,neutral_control,mantis shrimp,T4,The mantis shrimp moved across the room.,True,50.20785903930664,-0.6312123589211092,False,109.45115938186646,66.4862695907373,-0.8910606762454523,False,False,False,,keep
T17_ANT,T17,neutral_control,ant,T5,The ant moved across the room.,False,115.20989227294922,0.09710096752531251,False,109.45115938186646,66.4862695907373,0.0866153707604773,False,False,False,,keep
T17_FLY,T17,neutral_control,fly,T5,The fly moved across the room.,False,121.64389038085938,0.16919050582450454,False,109.45115938186646,66.4862695907373,0.18338720271187506,False,False,False,,keep
T17_EARTHWORM,T17,neutral_control,earthworm,T5,The earthworm moved across the room.,False,97.07846069335938,-0.1060521123099223,False,109.45115938186646,66.4862695907373,-0.18609404264472104,False,False,False,,keep
T17_MOTH,T17,neutral_control,moth,T5,The moth moved across the room.,False,71.11619567871094,-0.39694552985790993,False,109.45115938186646,66.4862695907373,-0.5765846683703285,False,False,False,,keep
T17_BEETLE,T17,neutral_control,beetle,T5,The beetle moved across the room.,False,63.9281120300293,-0.47748419691974164,False,109.45115938186646,66.4862695907373,-0.68469847431746,False,False,False,,keep
T17_APHID,T17,neutral_control,aphid,T5,The aphid moved across the room.,False,102.45372009277344,-0.04582518002877234,False,109.45115938186646,66.4862695907373,-0.1052463814283226,False,False,False,,keep
T17_NEMATODE,T17,neutral_control,nematode,T5,The nematode moved across the room.,False,191.8419647216797,0.9557227185866597,False,109.45115938186646,66.4862695907373,1.239215342460599,False,False,False,,keep
T17_COCKROACH,T17,neutral_control,cockroach,T5,The cockroach moved across the room.,False,32.146453857421875,-0.8335808300892839,False,109.45115938186646,66.4862695907373,-1.1627168436475865,False,False,False,,keep
T17_MITE,T17,neutral_control,mite,T5,The mite moved across the room.,False,65.23516082763672,-0.4628394079761156,False,109.45115938186646,66.4862695907373,-0.6650395461560052,False,False,False,,keep
T17_WOODLOUSE,T17,neutral_control,woodlouse,T5,The woodlouse moved across the room.,False,54.65274429321289,-0.5814097757725313,False,109.45115938186646,66.4862695907373,-0.824206492949154,False,False,False,,keep
T17_OAK_TREE,T17,neutral_control,oak tree,T6,The oak tree moved across the room.,True,97.32601928710938,-0.10327834949151334,False,109.45115938186646,66.4862695907373,-0.1823705882341507,False,False,False,,keep
T17_MUSHROOM,T17,neutral_control,mushroom,T6,The mushroom moved across the room.,False,136.8074951171875,0.339090659051065,False,109.45115938186646,66.4862695907373,0.4114584244794546,False,False,False,,keep
T17_BACTERIUM,T17,neutral_control,bacterium,T6,The bacterium moved across the room.,False,217.27516174316406,1.2406882097168284,False,109.45115938186646,66.4862695907373,1.621748415500204,False,False,False,,keep
T17_MOSS,T17,neutral_control,moss,T6,The moss moved across the room.,False,228.2281951904297,1.3634111435669687,False,109.45115938186646,66.4862695907373,1.7864896998990443,False,False,False,,keep
T17_SEAWEED,T17,neutral_control,seaweed,T6,The seaweed moved across the room.,False,116.574951171875,0.11239572890452074,False,109.45115938186646,66.4862695907373,0.10714681142226408,False,False,False,,keep
T17_ROCK,T17,neutral_control,rock,T6,The rock moved across the room.,False,93.71308898925781,-0.14375931835581415,False,109.45115938186646,66.4862695907373,-0.2367115870612966,False,False,False,,keep
T17_TABLE,T17,neutral_control,table,T6,The table moved across the room.,False,46.943641662597656,-0.667786184347922,False,109.45115938186646,66.4862695907373,-0.9401567888233152,False,False,False,,keep
T17_CLOUD,T17,neutral_control,cloud,T6,The cloud moved across the room.,False,91.83979797363281,-0.1647485512016247,False,109.45115938186646,66.4862695907373,-0.2648871942529202,False,False,False,,keep
T17_RIVER,T17,neutral_control,river,T6,The river moved across the room.,False,112.26529693603516,0.06410833763082877,False,109.45115938186646,66.4862695907373,0.04232659722814038,False,False,False,,keep
T17_STATUE,T17,neutral_control,statue,T6,The statue moved across the room.,False,113.73519134521484,0.08057772533177505,False,109.45115938186646,66.4862695907373,0.06443483729376244,False,False,False,,keep
T18_CHILD,T18,neutral_control,child,T1,The child was observed near the window.,False,106.01957702636719,-0.005871643258578491,False,169.79213886260987,86.19450912829005,-0.739868031980146,False,False,False,,keep
T18_INFANT,T18,neutral_control,infant,T1,The infant was observed near the window.,False,133.95697021484375,0.3071520385115795,False,169.79213886260987,86.19450912829005,-0.4157476968101278,False,False,False,,keep
T18_ELDERLY_PERSON,T18,neutral_control,elderly person,T1,The elderly person was observed near the window.,True,112.44032287597656,0.06606941051104079,False,169.79213886260987,86.19450912829005,-0.6653766761554626,False,False,False,,keep
T18_WORKER,T18,neutral_control,worker,T1,The worker was observed near the window.,False,169.03897094726562,0.7002272606355839,False,169.79213886260987,86.19450912829005,-0.008738003417633608,False,False,False,,keep
T18_PATIENT,T18,neutral_control,patient,T1,The patient was observed near the window.,False,183.83522033691406,0.8660113919283923,False,169.79213886260987,86.19450912829005,0.16292315620015618,False,False,False,,keep
T18_PRISONER,T18,neutral_control,prisoner,T1,The prisoner was observed near the window.,False,111.126220703125,0.05134559223662033,False,169.79213886260987,86.19450912829005,-0.6806224520887727,False,False,False,,keep
T18_REFUGEE,T18,neutral_control,refugee,T1,The refugee was observed near the window.,False,371.7962341308594,2.972014918102073,True,169.79213886260987,86.19450912829005,2.3435842643710743,True,False,True,global_z=2.97; template_z=2.34,review
T18_SOLDIER,T18,neutral_control,soldier,T1,The soldier was observed near the window.,False,152.26361083984375,0.5122682428267441,False,169.79213886260987,86.19450912829005,-0.20336014671975267,False,False,False,,keep
T18_TEENAGER,T18,neutral_control,teenager,T1,The teenager was observed near the window.,False,234.31134033203125,1.4315695603569716,False,169.79213886260987,86.19450912829005,0.748530296441417,False,False,False,,keep
T18_WOMAN,T18,neutral_control,woman,T1,The woman was observed near the window.,False,123.03349304199219,0.18476026704921392,False,169.79213886260987,86.19450912829005,-0.5424782424484038,False,False,False,,keep
T18_DOG,T18,neutral_control,dog,T2,The dog was observed near the window.,False,129.05172729492188,0.25219139173927146,False,169.79213886260987,86.19450912829005,-0.47265669216876505,False,False,False,,keep
T18_CHIMPANZEE,T18,neutral_control,chimpanzee,T2,The chimpanzee was observed near the window.,False,38.047183990478516,-0.7674662767764368,False,169.79213886260987,86.19450912829005,-1.5284611073780234,False,False,False,,keep
T18_PIG,T18,neutral_control,pig,T2,The pig was observed near the window.,False,183.67959594726562,0.8642677031349411,False,169.79213886260987,86.19450912829005,0.16111765384017626,False,False,False,,keep
T18_COW,T18,neutral_control,cow,T2,The cow was observed near the window.,False,194.5767822265625,0.9863648990711652,False,169.79213886260987,86.19450912829005,0.2875431812838994,False,False,False,,keep
T18_DOLPHIN,T18,neutral_control,dolphin,T2,The dolphin was observed near the window.,False,90.9892807006836,-0.1742781464072895,False,169.79213886260987,86.19450912829005,-0.9142445262335424,False,False,False,,keep
T18_ELEPHANT,T18,neutral_control,elephant,T2,The elephant was observed near the window.,False,164.43496704101562,0.6486418373322743,False,169.79213886260987,86.19450912829005,-0.062152124024753716,False,False,False,,keep
T18_RABBIT,T18,neutral_control,rabbit,T2,The rabbit was observed near the window.,False,139.66725158691406,0.3711327144096542,False,169.79213886260987,86.19450912829005,-0.3494989133340104,False,False,False,,keep
T18_RAT,T18,neutral_control,rat,T2,The rat was observed near the window.,False,142.90582275390625,0.4074191876509986,False,169.79213886260987,86.19450912829005,-0.3119260888032509,False,False,False,,keep
T18_HORSE,T18,neutral_control,horse,T2,The horse was observed near the window.,False,144.44461059570312,0.4246604897457514,False,169.79213886260987,86.19450912829005,-0.29407358453866284,False,False,False,,keep
T18_WHALE,T18,neutral_control,whale,T2,The whale was observed near the window.,False,202.70559692382812,1.0774439588746045,False,169.79213886260987,86.19450912829005,0.381850983248023,False,False,False,,keep
T18_SALMON,T18,neutral_control,salmon,T3,The salmon was observed near the window.,False,391.2562561035156,3.190054149039396,True,169.79213886260987,86.19450912829005,2.569352960886213,True,False,True,global_z=3.19; template_z=2.57,rewrite_or_cut
T18_CHICKEN,T18,neutral_control,chicken,T3,The chicken was observed near the window.,False,196.25149536132812,1.005129172023067,False,169.79213886260987,86.19450912829005,0.3069726455467913,False,False,False,,keep
T18_FROG,T18,neutral_control,frog,T3,The frog was observed near the window.,False,182.70431518554688,0.8533401991715888,False,169.79213886260987,86.19450912829005,0.1498027711222161,False,False,False,,keep
T18_ZEBRAFISH,T18,neutral_control,zebrafish,T3,The zebrafish was observed near the window.,False,286.17767333984375,2.012704328675986,True,169.79213886260987,86.19450912829005,1.3502662252418904,False,False,True,global_z=2.01,review
T18_CROW,T18,neutral_control,crow,T3,The crow was observed near the window.,False,206.75506591796875,1.1228161124326839,False,169.79213886260987,86.19450912829005,0.4288315744143754,False,False,False,,keep
T18_SNAKE,T18,neutral_control,snake,T3,The snake was observed near the window.,False,163.29722595214844,0.6358940515193412,False,169.79213886260987,86.19450912829005,-0.07535181737382539,False,False,False,,keep
T18_TUNA,T18,neutral_control,tuna,T3,The tuna was observed near the window.,False,197.38861083984375,1.017869948203631,False,169.79213886260987,86.19450912829005,0.32016508077283534,False,False,False,,keep
T18_GECKO,T18,neutral_control,gecko,T3,The gecko was observed near the window.,False,99.41554260253906,-0.07986634834567363,False,169.79213886260987,86.19450912829005,-0.8164858408245449,False,False,False,,keep
T18_TROUT,T18,neutral_control,trout,T3,The trout was observed near the window.,False,364.88873291015625,2.89462002841608,True,169.79213886260987,86.19450912829005,2.2634457347760844,True,False,True,global_z=2.89; template_z=2.26,review
T18_PIGEON,T18,neutral_control,pigeon,T3,The pigeon was observed near the window.,False,82.95598602294922,-0.2642869550246318,False,169.79213886260987,86.19450912829005,-1.007444136730515,False,False,False,,keep
T18_OCTOPUS,T18,neutral_control,octopus,T4,The octopus was observed near the window.,False,108.3710708618164,0.020475598700122055,False,169.79213886260987,86.19450912829005,-0.712586783334141,False,False,False,,keep
T18_CRAB,T18,neutral_control,crab,T4,The crab was observed near the window.,False,219.40162658691406,1.2645141211057258,False,169.79213886260987,86.19450912829005,0.5755527611447557,False,False,False,,keep
T18_BEE,T18,neutral_control,bee,T4,The bee was observed near the window.,False,173.38461303710938,0.748917876737137,False,169.79213886260987,86.19450912829005,0.041678689406450926,False,False,False,,keep
T18_SHRIMP,T18,neutral_control,shrimp,T4,The shrimp was observed near the window.,False,346.0084533691406,2.6830765041184654,True,169.79213886260987,86.19450912829005,2.0444030169515113,True,False,True,global_z=2.68; template_z=2.04,review
T18_LOBSTER,T18,neutral_control,lobster,T4,The lobster was observed near the window.,False,137.00563049316406,0.34131066091232243,False,169.79213886260987,86.19450912829005,-0.38037815518674256,False,False,False,,keep
T18_SQUID,T18,neutral_control,squid,T4,The squid was observed near the window.,False,107.577880859375,0.01158832517275868,False,169.79213886260987,86.19450912829005,-0.7217891096825728,False,False,False,,keep
T18_CRAYFISH,T18,neutral_control,crayfish,T4,The crayfish was observed near the window.,False,86.56413269042969,-0.2238595842029574,False,169.79213886260987,86.19450912829005,-0.9655836202780088,False,False,False,,keep
T18_BUMBLEBEE,T18,neutral_control,bumblebee,T4,The bumblebee was observed near the window.,False,53.679443359375,-0.5923150968139352,False,169.79213886260987,86.19450912829005,-1.3471008382960363,False,False,False,,keep
T18_MUSSEL,T18,neutral_control,mussel,T4,The mussel was observed near the window.,False,122.67029571533203,0.18069083352571913,False,169.79213886260987,86.19450912829005,-0.5466919369207464,False,False,False,,keep
T18_MANTIS_SHRIMP,T18,neutral_control,mantis shrimp,T4,The mantis shrimp was observed near the window.,True,61.15702819824219,-0.5085327223733457,False,169.79213886260987,86.19450912829005,-1.2603483883489321,False,False,False,,keep
T18_ANT,T18,neutral_control,ant,T5,The ant was observed near the window.,False,170.78298950195312,0.7197680640806573,False,169.79213886260987,86.19450912829005,0.01149551925481111,False,False,False,,keep
T18_FLY,T18,neutral_control,fly,T5,The fly was observed near the window.,False,135.5135955810547,0.32459320061217056,False,169.79213886260987,86.19450912829005,-0.39768824752555576,False,False,False,,keep
T18_EARTHWORM,T18,neutral_control,earthworm,T5,The earthworm was observed near the window.,False,172.4000244140625,0.7378860831214654,False,169.79213886260987,86.19450912829005,0.030255819980030338,False,False,False,,keep
T18_MOTH,T18,neutral_control,moth,T5,The moth was observed near the window.,False,138.30838012695312,0.3559072800042419,False,169.79213886260987,86.19450912829005,-0.36526408763227597,False,False,False,,keep
T18_BEETLE,T18,neutral_control,beetle,T5,The beetle was observed near the window.,False,78.3466796875,-0.3159317892364349,False,169.79213886260987,86.19450912829005,-1.0609197743559793,False,False,False,,keep
T18_APHID,T18,neutral_control,aphid,T5,The aphid was observed near the window.,False,91.21143341064453,-0.1717890430497195,False,169.79213886260987,86.19450912829005,-0.9116671844491568,False,False,False,,keep
T18_NEMATODE,T18,neutral_control,nematode,T5,The nematode was observed near the window.,False,129.14793395996094,0.25326933642431015,False,169.79213886260987,86.19450912829005,-0.4715405344690226,False,False,False,,keep
T18_COCKROACH,T18,neutral_control,cockroach,T5,The cockroach was observed near the window.,False,45.504600524902344,-0.6839098774964261,False,169.79213886260987,86.19450912829005,-1.441942643384866,False,False,False,,keep
T18_MITE,T18,neutral_control,mite,T5,The mite was observed near the window.,False,107.77288055419922,0.013773193388849485,False,169.79213886260987,86.19450912829005,-0.7195267881403272,False,False,False,,keep
T18_WOODLOUSE,T18,neutral_control,woodlouse,T5,The woodlouse was observed near the window.,False,76.99081420898438,-0.33112354321314735,False,169.79213886260987,86.19450912829005,-1.076650074258234,False,False,False,,keep
T18_OAK_TREE,T18,neutral_control,oak tree,T6,The oak tree was observed near the window.,True,146.33151245117188,0.4458022248372486,False,169.79213886260987,86.19450912829005,-0.2721823773776553,False,False,False,,keep
T18_MUSHROOM,T18,neutral_control,mushroom,T6,The mushroom was observed near the window.,False,263.19622802734375,1.7552094158333118,False,169.79213886260987,86.19450912829005,1.0836431474505324,False,False,False,,keep
T18_BACTERIUM,T18,neutral_control,bacterium,T6,The bacterium was observed near the window.,False,254.99879455566406,1.6633615190356426,False,169.79213886260987,86.19450912829005,0.9885392533094474,False,False,False,,keep
T18_MOSS,T18,neutral_control,moss,T6,The moss was observed near the window.,False,435.2394104003906,3.6828620785763433,True,169.79213886260987,86.19450912829005,3.079630874661572,True,False,True,global_z=3.68; template_z=3.08,rewrite_or_cut
T18_SEAWEED,T18,neutral_control,seaweed,T6,The seaweed was observed near the window.,False,181.32122802734375,0.837843440703503,False,169.79213886260987,86.19450912829005,0.13375665435456252,False,False,False,,keep
T18_ROCK,T18,neutral_control,rock,T6,The rock was observed near the window.,False,137.90811157226562,0.3514224830212227,False,169.79213886260987,86.19450912829005,-0.3699078701508556,False,False,False,,keep
T18_TABLE,T18,neutral_control,table,T6,The table was observed near the window.,False,150.68536376953125,0.4945848209928144,False,169.79213886260987,86.19450912829005,-0.22167044381725654,False,False,False,,keep
T18_CLOUD,T18,neutral_control,cloud,T6,The cloud was observed near the window.,False,280.0158386230469,1.9436642369072765,False,169.79213886260987,86.19450912829005,1.2787786701863157,False,False,False,,keep
T18_RIVER,T18,neutral_control,river,T6,The river was observed near the window.,False,238.8771209716797,1.4827267122191992,False,169.79213886260987,86.19450912829005,0.8015009634342858,False,False,False,,keep
T18_STATUE,T18,neutral_control,statue,T6,The statue was observed near the window.,False,237.73953247070312,1.4699806360726975,False,169.79213886260987,86.19450912829005,0.7883030403591232,False,False,False,,keep
T19_CHILD,T19,neutral_control,child,T1,Someone noticed the child on the other side of the field.,False,34.64137268066406,-0.8056265871683277,False,40.1899172782898,9.46470217565527,-0.5862355195811105,False,False,False,,keep
T19_INFANT,T19,neutral_control,infant,T1,Someone noticed the infant on the other side of the field.,False,49.405364990234375,-0.6402038793591311,False,40.1899172782898,9.46470217565527,0.9736648381444251,False,False,False,,keep
T19_ELDERLY_PERSON,T19,neutral_control,elderly person,T1,Someone noticed the elderly person on the other side of the field.,True,44.621673583984375,-0.693802605852134,False,40.1899172782898,9.46470217565527,0.468240439418555,False,False,False,,keep
T19_WORKER,T19,neutral_control,worker,T1,Someone noticed the worker on the other side of the field.,False,40.27820587158203,-0.7424688592070388,False,40.1899172782898,9.46470217565527,0.009328195610774302,False,False,False,,keep
T19_PATIENT,T19,neutral_control,patient,T1,Someone noticed the patient on the other side of the field.,False,35.221778869628906,-0.7991234434796424,False,40.1899172782898,9.46470217565527,-0.5249122810688898,False,False,False,,keep
T19_PRISONER,T19,neutral_control,prisoner,T1,Someone noticed the prisoner on the other side of the field.,False,42.34473419189453,-0.7193145047924208,False,40.1899172782898,9.46470217565527,0.22766875001595588,False,False,False,,keep
T19_REFUGEE,T19,neutral_control,refugee,T1,Someone noticed the refugee on the other side of the field.,False,50.636436462402344,-0.6264103760733923,False,40.1899172782898,9.46470217565527,1.1037345909290908,False,False,False,,keep
T19_SOLDIER,T19,neutral_control,soldier,T1,Someone noticed the soldier on the other side of the field.,False,37.263526916503906,-0.7762467388934944,False,40.1899172782898,9.46470217565527,-0.30918990449726313,False,False,False,,keep
T19_TEENAGER,T19,neutral_control,teenager,T1,Someone noticed the teenager on the other side of the field.,False,38.23782730102539,-0.7653302195369643,False,40.1899172782898,9.46470217565527,-0.20624948794326514,False,False,False,,keep
T19_WOMAN,T19,neutral_control,woman,T1,Someone noticed the woman on the other side of the field.,False,28.933372497558594,-0.869581703553252,False,40.1899172782898,9.46470217565527,-1.1893184351521213,False,False,False,,keep
T19_DOG,T19,neutral_control,dog,T2,Someone noticed the dog on the other side of the field.,False,28.350360870361328,-0.8761140397962546,False,40.1899172782898,9.46470217565527,-1.2509169531379132,False,False,False,,keep
T19_CHIMPANZEE,T19,neutral_control,chimpanzee,T2,Someone noticed the chimpanzee on the other side of the field.,False,23.33743667602539,-0.9322811981692476,False,40.1899172782898,9.46470217565527,-1.7805611090026356,False,False,False,,keep
T19_PIG,T19,neutral_control,pig,T2,Someone noticed the pig on the other side of the field.,False,39.40795135498047,-0.7522195997656136,False,40.1899172782898,9.46470217565527,-0.08261917900815417,False,False,False,,keep
T19_COW,T19,neutral_control,cow,T2,Someone noticed the cow on the other side of the field.,False,31.12946128845215,-0.8449756927425075,False,40.1899172782898,9.46470217565527,-0.9572890748894975,False,False,False,,keep
T19_DOLPHIN,T19,neutral_control,dolphin,T2,Someone noticed the dolphin on the other side of the field.,False,33.78873825073242,-0.815179903995729,False,40.1899172782898,9.46470217565527,-0.6763212311130331,False,False,False,,keep
T19_ELEPHANT,T19,neutral_control,elephant,T2,Someone noticed the elephant on the other side of the field.,False,32.585018157958984,-0.8286669495736277,False,40.1899172782898,9.46470217565527,-0.8035011539921278,False,False,False,,keep
T19_RABBIT,T19,neutral_control,rabbit,T2,Someone noticed the rabbit on the other side of the field.,False,34.51323699951172,-0.8070622795541506,False,40.1899172782898,9.46470217565527,-0.5997737882740156,False,False,False,,keep
T19_RAT,T19,neutral_control,rat,T2,Someone noticed the rat on the other side of the field.,False,41.00606918334961,-0.7343135366206464,False,40.1899172782898,9.46470217565527,0.08623112380219264,False,False,False,,keep
T19_HORSE,T19,neutral_control,horse,T2,Someone noticed the horse on the other side of the field.,False,26.238384246826172,-0.8997776183574844,False,40.1899172782898,9.46470217565527,-1.474059381112826,False,False,False,,keep
T19_WHALE,T19,neutral_control,whale,T2,Someone noticed the whale on the other side of the field.,False,40.604896545410156,-0.738808463377272,False,40.1899172782898,9.46470217565527,0.0438449366307322,False,False,False,,keep
T19_SALMON,T19,neutral_control,salmon,T3,Someone noticed the salmon on the other side of the field.,False,51.182254791259766,-0.6202947710230594,False,40.1899172782898,9.46470217565527,1.161403423896847,False,False,False,,keep
T19_CHICKEN,T19,neutral_control,chicken,T3,Someone noticed the chicken on the other side of the field.,False,39.3165168762207,-0.7532440746330082,False,40.1899172782898,9.46470217565527,-0.09227975543864658,False,False,False,,keep
T19_FROG,T19,neutral_control,frog,T3,Someone noticed the frog on the other side of the field.,False,42.20451736450195,-0.7208855600179549,False,40.1899172782898,9.46470217565527,0.21285403902026936,False,False,False,,keep
T19_ZEBRAFISH,T19,neutral_control,zebrafish,T3,Someone noticed the zebrafish on the other side of the field.,False,61.10895919799805,-0.5090713100409179,False,40.1899172782898,9.46470217565527,2.2102166060243684,True,False,True,template_z=2.21,review
T19_CROW,T19,neutral_control,crow,T3,Someone noticed the crow on the other side of the field.,False,34.4837760925293,-0.8073923734004056,False,40.1899172782898,9.46470217565527,-0.6028865018529173,False,False,False,,keep
T19_SNAKE,T19,neutral_control,snake,T3,Someone noticed the snake on the other side of the field.,False,35.42334747314453,-0.796864974123677,False,40.1899172782898,9.46470217565527,-0.5036154034942216,False,False,False,,keep
T19_TUNA,T19,neutral_control,tuna,T3,Someone noticed the tuna on the other side of the field.,False,44.892337799072266,-0.6907699567943405,False,40.1899172782898,9.46470217565527,0.4968376641451906,False,False,False,,keep
T19_GECKO,T19,neutral_control,gecko,T3,Someone noticed the gecko on the other side of the field.,False,37.03307342529297,-0.7788288481049361,False,40.1899172782898,9.46470217565527,-0.3335386359136304,False,False,False,,keep
T19_TROUT,T19,neutral_control,trout,T3,Someone noticed the trout on the other side of the field.,False,54.05889892578125,-0.5880634983321679,False,40.1899172782898,9.46470217565527,1.465337354530256,False,False,False,,keep
T19_PIGEON,T19,neutral_control,pigeon,T3,Someone noticed the pigeon on the other side of the field.,False,34.14456558227539,-0.811193047360874,False,40.1899172782898,9.46470217565527,-0.6387260353066385,False,False,False,,keep
T19_OCTOPUS,T19,neutral_control,octopus,T4,Someone noticed the octopus on the other side of the field.,False,36.38260269165039,-0.7861170278772894,False,40.1899172782898,9.46470217565527,-0.4022645949105963,False,False,False,,keep
T19_CRAB,T19,neutral_control,crab,T4,Someone noticed the crab on the other side of the field.,False,48.266517639160156,-0.6529640602536924,False,40.1899172782898,9.46470217565527,0.8533390920260193,False,False,False,,keep
T19_BEE,T19,neutral_control,bee,T4,Someone noticed the bee on the other side of the field.,False,41.50624465942383,-0.7287093355416253,False,40.1899172782898,9.46470217565527,0.13907752792473863,False,False,False,,keep
T19_SHRIMP,T19,neutral_control,shrimp,T4,Someone noticed the shrimp on the other side of the field.,False,53.928688049316406,-0.5895224421814586,False,40.1899172782898,9.46470217565527,1.4515798295655753,False,False,False,,keep
T19_LOBSTER,T19,neutral_control,lobster,T4,Someone noticed the lobster on the other side of the field.,False,42.55426788330078,-0.7169667908487329,False,40.1899172782898,9.46470217565527,0.24980718475140948,False,False,False,,keep
T19_SQUID,T19,neutral_control,squid,T4,Someone noticed the squid on the other side of the field.,False,35.53361511230469,-0.7956294836769787,False,40.1899172782898,9.46470217565527,-0.49196499578844277,False,False,False,,keep
T19_CRAYFISH,T19,neutral_control,crayfish,T4,Someone noticed the crayfish on the other side of the field.,False,35.700042724609375,-0.7937647505001798,False,40.1899172782898,9.46470217565527,-0.47438096522773837,False,False,False,,keep
T19_BUMBLEBEE,T19,neutral_control,bumblebee,T4,Someone noticed the bumblebee on the other side of the field.,False,23.815372467041016,-0.9269261809726126,False,40.1899172782898,9.46470217565527,-1.7300644549985664,False,False,False,,keep
T19_MUSSEL,T19,neutral_control,mussel,T4,Someone noticed the mussel on the other side of the field.,False,56.1254997253418,-0.564908331825995,False,40.1899172782898,9.46470217565527,1.683685566783165,False,False,False,,keep
T19_MANTIS_SHRIMP,T19,neutral_control,mantis shrimp,T4,Someone noticed the mantis shrimp on the other side of the field.,True,37.097320556640625,-0.7781089930539677,False,40.1899172782898,9.46470217565527,-0.3267505584701679,False,False,False,,keep
T19_ANT,T19,neutral_control,ant,T5,Someone noticed the ant on the other side of the field.,False,50.47248840332031,-0.6282473271706801,False,40.1899172782898,9.46470217565527,1.086412539369589,False,False,False,,keep
T19_FLY,T19,neutral_control,fly,T5,Someone noticed the fly on the other side of the field.,False,44.74413299560547,-0.6924305130575618,False,40.1899172782898,9.46470217565527,0.48117897772101514,False,False,False,,keep
T19_EARTHWORM,T19,neutral_control,earthworm,T5,Someone noticed the earthworm on the other side of the field.,False,47.290645599365234,-0.6638981891744665,False,40.1899172782898,9.46470217565527,0.7502326210897208,False,False,False,,keep
T19_MOTH,T19,neutral_control,moth,T5,Someone noticed the moth on the other side of the field.,False,49.02211380004883,-0.6444980057933812,False,40.1899172782898,9.46470217565527,0.9331721545847321,False,False,False,,keep
T19_BEETLE,T19,neutral_control,beetle,T5,Someone noticed the beetle on the other side of the field.,False,38.26909255981445,-0.7649799088851571,False,40.1899172782898,9.46470217565527,-0.20294613426041164,False,False,False,,keep
T19_APHID,T19,neutral_control,aphid,T5,Someone noticed the aphid on the other side of the field.,False,42.93437957763672,-0.7127078408013102,False,40.1899172782898,9.46470217565527,0.2899681625911186,False,False,False,,keep
T19_NEMATODE,T19,neutral_control,nematode,T5,Someone noticed the nematode on the other side of the field.,False,47.023441314697266,-0.6668920715459266,False,40.1899172782898,9.46470217565527,0.7220009578309168,False,False,False,,keep
T19_COCKROACH,T19,neutral_control,cockroach,T5,Someone noticed the cockroach on the other side of the field.,False,32.756507873535156,-0.8267454982129648,False,40.1899172782898,9.46470217565527,-0.7853822832243534,False,False,False,,keep
T19_MITE,T19,neutral_control,mite,T5,Someone noticed the mite on the other side of the field.,False,50.93904495239258,-0.6230198083481716,False,40.1899172782898,9.46470217565527,1.1357069112804477,False,False,False,,keep
T19_WOODLOUSE,T19,neutral_control,woodlouse,T5,Someone noticed the woodlouse on the other side of the field.,False,39.630218505859375,-0.7497292141582199,False,40.1899172782898,9.46470217565527,-0.05913538134037198,False,False,False,,keep
T19_OAK_TREE,T19,neutral_control,oak tree,T6,Someone noticed the oak tree on the other side of the field.,True,23.2027587890625,-0.9337901925033194,False,40.1899172782898,9.46470217565527,-1.7947905992140978,False,False,False,,keep
T19_MUSHROOM,T19,neutral_control,mushroom,T6,Someone noticed the mushroom on the other side of the field.,False,50.911834716796875,-0.6233246846145626,False,40.1899172782898,9.46470217565527,1.1328319940257143,False,False,False,,keep
T19_BACTERIUM,T19,neutral_control,bacterium,T6,Someone noticed the bacterium on the other side of the field.,False,71.78129577636719,-0.3894934358164399,False,40.1899172782898,9.46470217565527,3.3378100981703867,True,False,True,template_z=3.34,review
T19_MOSS,T19,neutral_control,moss,T6,Someone noticed the moss on the other side of the field.,False,48.605079650878906,-0.6491706523755576,False,40.1899172782898,9.46470217565527,0.8891101078948108,False,False,False,,keep
T19_SEAWEED,T19,neutral_control,seaweed,T6,Someone noticed the seaweed on the other side of the field.,False,31.553430557250977,-0.8402253418210209,False,40.1899172782898,9.46470217565527,-0.9124942930854442,False,False,False,,keep
T19_ROCK,T19,neutral_control,rock,T6,Someone noticed the rock on the other side of the field.,False,36.21672821044922,-0.7879755635132744,False,40.1899172782898,9.46470217565527,-0.4197901840018017,False,False,False,,keep
T19_TABLE,T19,neutral_control,table,T6,Someone noticed the table on the other side of the field.,False,29.914457321166992,-0.8585891681530129,False,40.1899172782898,9.46470217565527,-1.0856612037463718,False,False,False,,keep
T19_CLOUD,T19,neutral_control,cloud,T6,Someone noticed the cloud on the other side of the field.,False,33.05278396606445,-0.8234258816446499,False,40.1899172782898,9.46470217565527,-0.7540790169376057,False,False,False,,keep
T19_RIVER,T19,neutral_control,river,T6,Someone noticed the river on the other side of the field.,False,32.523338317871094,-0.8293580394868867,False,40.1899172782898,9.46470217565527,-0.8100179824081917,False,False,False,,keep
T19_STATUE,T19,neutral_control,statue,T6,Someone noticed the statue on the other side of the field.,False,33.24699783325195,-0.8212498182106811,False,40.1899172782898,9.46470217565527,-0.7335592093849657,False,False,False,,keep
T20_CHILD,T20,neutral_control,child,T1,The child remained still for several minutes.,False,47.44037628173828,-0.6622205362469306,False,66.56326516469319,25.10518742717716,-0.761710659935316,False,False,False,,keep
T20_INFANT,T20,neutral_control,infant,T1,The infant remained still for several minutes.,False,54.01423263549805,-0.5885639604383185,False,66.56326516469319,25.10518742717716,-0.49985814945999646,False,False,False,,keep
T20_ELDERLY_PERSON,T20,neutral_control,elderly person,T1,The elderly person remained still for several minutes.,True,61.28740692138672,-0.5070718978909803,False,66.56326516469319,25.10518742717716,-0.21015012369894476,False,False,False,,keep
T20_WORKER,T20,neutral_control,worker,T1,The worker remained still for several minutes.,False,82.24038696289062,-0.2723048631715952,False,66.56326516469319,25.10518742717716,0.6244574689462964,False,False,False,,keep
T20_PATIENT,T20,neutral_control,patient,T1,The patient remained still for several minutes.,False,46.01908874511719,-0.6781453097061337,False,66.56326516469319,25.10518742717716,-0.8183239611004172,False,False,False,,keep
T20_PRISONER,T20,neutral_control,prisoner,T1,The prisoner remained still for several minutes.,False,53.966087341308594,-0.5891034029391065,False,66.56326516469319,25.10518742717716,-0.5017758923300352,False,False,False,,keep
T20_REFUGEE,T20,neutral_control,refugee,T1,The refugee remained still for several minutes.,False,134.89930725097656,0.31771042549237843,False,66.56326516469319,25.10518742717716,2.7219889229867866,True,False,True,template_z=2.72,review
T20_SOLDIER,T20,neutral_control,soldier,T1,The soldier remained still for several minutes.,False,48.160221099853516,-0.6541550566315117,False,66.56326516469319,25.10518742717716,-0.7330375094080277,False,False,False,,keep
T20_TEENAGER,T20,neutral_control,teenager,T1,The teenager remained still for several minutes.,False,107.33208465576172,0.008834309001633149,False,66.56326516469319,25.10518742717716,1.623920140382421,False,False,False,,keep
T20_WOMAN,T20,neutral_control,woman,T1,The woman remained still for several minutes.,False,43.26537322998047,-0.7089992323781762,False,66.56326516469319,25.10518742717716,-0.9280110734999738,False,False,False,,keep
T20_DOG,T20,neutral_control,dog,T2,The dog remained still for several minutes.,False,41.27998352050781,-0.7312444716678626,False,66.56326516469319,25.10518742717716,-1.0070939210282663,False,False,False,,keep
T20_CHIMPANZEE,T20,neutral_control,chimpanzee,T2,The chimpanzee remained still for several minutes.,False,27.223251342773438,-0.8887427046005754,False,66.56326516469319,25.10518742717716,-1.5670073739155974,False,False,False,,keep
T20_PIG,T20,neutral_control,pig,T2,The pig remained still for several minutes.,False,63.389102935791016,-0.48352350810557043,False,66.56326516469319,25.10518742717716,-0.12643451629705998,False,False,False,,keep
T20_COW,T20,neutral_control,cow,T2,The cow remained still for several minutes.,False,76.36482238769531,-0.33813744974823284,False,66.56326516469319,25.10518742717716,0.3904195995920598,False,False,False,,keep
T20_DOLPHIN,T20,neutral_control,dolphin,T2,The dolphin remained still for several minutes.,False,42.729148864746094,-0.7150073421516309,False,66.56326516469319,25.10518742717716,-0.9493701797320945,False,False,False,,keep
T20_ELEPHANT,T20,neutral_control,elephant,T2,The elephant remained still for several minutes.,False,55.44480514526367,-0.5725351537767607,False,66.56326516469319,25.10518742717716,-0.4428750054816733,False,False,False,,keep
T20_RABBIT,T20,neutral_control,rabbit,T2,The rabbit remained still for several minutes.,False,54.73173904418945,-0.5805246814609618,False,66.56326516469319,25.10518742717716,-0.47127814340456736,False,False,False,,keep
T20_RAT,T20,neutral_control,rat,T2,The rat remained still for several minutes.,False,61.46818923950195,-0.5050463278446412,False,66.56326516469319,25.10518742717716,-0.2029491291379748,False,False,False,,keep
T20_HORSE,T20,neutral_control,horse,T2,The horse remained still for several minutes.,False,44.68950271606445,-0.6930426163816871,False,66.56326516469319,25.10518742717716,-0.8712845706521075,False,False,False,,keep
T20_WHALE,T20,neutral_control,whale,T2,The whale remained still for several minutes.,False,61.23032760620117,-0.5077114413613306,False,66.56326516469319,25.10518742717716,-0.21242373011399812,False,False,False,,keep
T20_SALMON,T20,neutral_control,salmon,T3,The salmon remained still for several minutes.,False,92.64859771728516,-0.15568637879832245,False,66.56326516469319,25.10518742717716,1.0390415378597717,False,False,False,,keep
T20_CHICKEN,T20,neutral_control,chicken,T3,The chicken remained still for several minutes.,False,64.2700424194336,-0.4736530481551323,False,66.56326516469319,25.10518742717716,-0.09134457776551438,False,False,False,,keep
T20_FROG,T20,neutral_control,frog,T3,The frog remained still for several minutes.,False,66.42800903320312,-0.4494741761314589,False,66.56326516469319,25.10518742717716,-0.005387577044879889,False,False,False,,keep
T20_ZEBRAFISH,T20,neutral_control,zebrafish,T3,The zebrafish remained still for several minutes.,False,143.41473388671875,0.41312126713322095,False,66.56326516469319,25.10518742717716,3.061178847795871,True,False,True,template_z=3.06,review
T20_CROW,T20,neutral_control,crow,T3,The crow remained still for several minutes.,False,100.04884338378906,-0.07277054878852095,False,66.56326516469319,25.10518742717716,1.333811122351816,False,False,False,,keep
T20_SNAKE,T20,neutral_control,snake,T3,The snake remained still for several minutes.,False,55.4146728515625,-0.5728727701553143,False,66.56326516469319,25.10518742717716,-0.4440752472161187,False,False,False,,keep
T20_TUNA,T20,neutral_control,tuna,T3,The tuna remained still for several minutes.,False,70.01861572265625,-0.40924333146608144,False,66.56326516469319,25.10518742717716,0.13763492377764652,False,False,False,,keep
T20_GECKO,T20,neutral_control,gecko,T3,The gecko remained still for several minutes.,False,54.23353576660156,-0.586106785101356,False,66.56326516469319,25.10518742717716,-0.4911227782647146,False,False,False,,keep
T20_TROUT,T20,neutral_control,trout,T3,The trout remained still for several minutes.,False,105.85061645507812,-0.007764756898139779,False,66.56326516469319,25.10518742717716,1.5649096986169133,False,False,False,,keep
T20_PIGEON,T20,neutral_control,pigeon,T3,The pigeon remained still for several minutes.,False,52.90078353881836,-0.6010395673553623,False,66.56326516469319,25.10518742717716,-0.544209505127405,False,False,False,,keep
T20_OCTOPUS,T20,neutral_control,octopus,T4,The octopus remained still for several minutes.,False,51.487300872802734,-0.616876891376596,False,66.56326516469319,25.10518742717716,-0.6005119195234626,False,False,False,,keep
T20_CRAB,T20,neutral_control,crab,T4,The crab remained still for several minutes.,False,73.70560455322266,-0.36793257599926904,False,66.56326516469319,25.10518742717716,0.2844965571058695,False,False,False,,keep
T20_BEE,T20,neutral_control,bee,T4,The bee remained still for several minutes.,False,73.27133178710938,-0.3727983721465402,False,66.56326516469319,25.10518742717716,0.2671984282879517,False,False,False,,keep
T20_SHRIMP,T20,neutral_control,shrimp,T4,The shrimp remained still for several minutes.,False,77.47018432617188,-0.32575245515205664,False,66.56326516469319,25.10518742717716,0.43444882429643195,False,False,False,,keep
T20_LOBSTER,T20,neutral_control,lobster,T4,The lobster remained still for several minutes.,False,59.30270767211914,-0.5293094009400643,False,66.56326516469319,25.10518742717716,-0.2892054685365252,False,False,False,,keep
T20_SQUID,T20,neutral_control,squid,T4,The squid remained still for several minutes.,False,45.210044860839844,-0.6872102175757263,False,66.56326516469319,25.10518742717716,-0.850550124980856,False,False,False,,keep
T20_CRAYFISH,T20,neutral_control,crayfish,T4,The crayfish remained still for several minutes.,False,36.1461067199707,-0.7887668398794171,False,66.56326516469319,25.10518742717716,-1.2115885823578816,False,False,False,,keep
T20_BUMBLEBEE,T20,neutral_control,bumblebee,T4,The bumblebee remained still for several minutes.,False,34.111202239990234,-0.8115668659261139,False,66.56326516469319,25.10518742717716,-1.2926437222919345,False,False,False,,keep
T20_MUSSEL,T20,neutral_control,mussel,T4,The mussel remained still for several minutes.,False,62.486595153808594,-0.4936356294060962,False,66.56326516469319,25.10518742717716,-0.16238357202908088,False,False,False,,keep
T20_MANTIS_SHRIMP,T20,neutral_control,mantis shrimp,T4,The mantis shrimp remained still for several minutes.,True,39.53887176513672,-0.7507527059674165,False,66.56326516469319,25.10518742717716,-1.0764465900900508,False,False,False,,keep
T20_ANT,T20,neutral_control,ant,T5,The ant remained still for several minutes.,False,67.00081634521484,-0.44305617383106055,False,66.56326516469319,25.10518742717716,0.01742871594927783,False,False,False,,keep
T20_FLY,T20,neutral_control,fly,T5,The fly remained still for several minutes.,False,64.61212921142578,-0.46982014698243074,False,66.56326516469319,25.10518742717716,-0.07771843802907619,False,False,False,,keep
T20_EARTHWORM,T20,neutral_control,earthworm,T5,The earthworm remained still for several minutes.,False,80.24669647216797,-0.2946431083151532,False,66.56326516469319,25.10518742717716,0.5450439813351893,False,False,False,,keep
T20_MOTH,T20,neutral_control,moth,T5,The moth remained still for several minutes.,False,84.37432861328125,-0.248395178127556,False,66.56326516469319,25.10518742717716,0.709457497589005,False,False,False,,keep
T20_BEETLE,T20,neutral_control,beetle,T5,The beetle remained still for several minutes.,False,45.01264190673828,-0.6894220130381127,False,66.56326516469319,25.10518742717716,-0.8584131594502927,False,False,False,,keep
T20_APHID,T20,neutral_control,aphid,T5,The aphid remained still for several minutes.,False,55.8391227722168,-0.5681170337845687,False,66.56326516469319,25.10518742717716,-0.42716838595943607,False,False,False,,keep
T20_NEMATODE,T20,neutral_control,nematode,T5,The nematode remained still for several minutes.,False,61.39694595336914,-0.5058445711014923,False,66.56326516469319,25.10518742717716,-0.20578692058404421,False,False,False,,keep
T20_COCKROACH,T20,neutral_control,cockroach,T5,The cockroach remained still for several minutes.,False,29.07638931274414,-0.8679792759487006,False,66.56326516469319,25.10518742717716,-1.4931924312729217,False,False,False,,keep
T20_MITE,T20,neutral_control,mite,T5,The mite remained still for several minutes.,False,50.44235610961914,-0.6285849435492337,False,66.56326516469319,25.10518742717716,-0.6421345828162452,False,False,False,,keep
T20_WOODLOUSE,T20,neutral_control,woodlouse,T5,The woodlouse remained still for several minutes.,False,49.14043426513672,-0.6431722877007624,False,66.56326516469319,25.10518742717716,-0.6939932613566433,False,False,False,,keep
T20_OAK_TREE,T20,neutral_control,oak tree,T6,The oak tree remained still for several minutes.,True,77.7614517211914,-0.32248895838435454,False,66.56326516469319,25.10518742717716,0.44605070521703505,False,False,False,,keep
T20_MUSHROOM,T20,neutral_control,mushroom,T6,The mushroom remained still for several minutes.,False,100.87181854248047,-0.06354954837373558,False,66.56326516469319,25.10518742717716,1.3665922024006554,False,False,False,,keep
T20_BACTERIUM,T20,neutral_control,bacterium,T6,The bacterium remained still for several minutes.,False,117.26722717285156,0.12015231453743468,False,66.56326516469319,25.10518742717716,2.019660763546809,True,False,True,template_z=2.02,review
T20_MOSS,T20,neutral_control,moss,T6,The moss remained still for several minutes.,False,122.9264144897461,0.1835605086309333,False,66.56326516469319,25.10518742717716,2.245079806257013,True,False,True,template_z=2.25,review
T20_SEAWEED,T20,neutral_control,seaweed,T6,The seaweed remained still for several minutes.,False,80.28692626953125,-0.2941923547604975,False,66.56326516469319,25.10518742717716,0.5466464309277277,False,False,False,,keep
T20_ROCK,T20,neutral_control,rock,T6,The rock remained still for several minutes.,False,65.45167541503906,-0.4604134767931883,False,66.56326516469319,25.10518742717716,-0.044277293403147365,False,False,False,,keep
T20_TABLE,T20,neutral_control,table,T6,The table remained still for several minutes.,False,45.68690490722656,-0.6818672535274332,False,66.56326516469319,25.10518742717716,-0.8315556423557033,False,False,False,,keep
T20_CLOUD,T20,neutral_control,cloud,T6,The cloud remained still for several minutes.,False,78.72817993164062,-0.3116572812244859,False,66.56326516469319,25.10518742717716,0.48455781508241313,False,False,False,,keep
T20_RIVER,T20,neutral_control,river,T6,The river remained still for several minutes.,False,61.53150177001953,-0.5043369445005657,False,66.56326516469319,25.10518742717716,-0.2004272387636755,False,False,False,,keep
T20_STATUE,T20,neutral_control,statue,T6,The statue remained still for several minutes.,False,91.00811004638672,-0.1740671735696467,False,66.56326516469319,25.10518742717716,0.9736969681107104,False,False,False,,keep
T21_CHILD,T21,cross_framing,child,T1,"The child was clearly frightened, and those responsible agreed its distress mattered.",False,202.07183837890625,1.0703430303181576,False,322.63246154785156,117.81450187606313,-1.023308856288091,False,False,False,,keep
T21_INFANT,T21,cross_framing,infant,T1,"The infant was clearly frightened, and those responsible agreed its distress mattered.",False,287.0319519042969,2.0222760671591864,True,322.63246154785156,117.81450187606313,-0.3021742576393967,False,False,True,global_z=2.02,review
T21_ELDERLY_PERSON,T21,cross_framing,elderly person,T1,"The elderly person was clearly frightened, and those responsible agreed its distress mattered.",True,254.88172912597656,1.6620498629494225,False,322.63246154785156,117.81450187606313,-0.5750627583448639,False,False,False,,keep
T21_WORKER,T21,cross_framing,worker,T1,"The worker was clearly frightened, and those responsible agreed its distress mattered.",False,351.5343933105469,2.7449917320006874,True,322.63246154785156,117.81450187606313,0.24531726826888567,False,False,True,global_z=2.74,review
T21_PATIENT,T21,cross_framing,patient,T1,"The patient was clearly frightened, and those responsible agreed its distress mattered.",False,333.1336364746094,2.538821005430595,True,322.63246154785156,117.81450187606313,0.08913312673345335,False,False,True,global_z=2.54,review
T21_PRISONER,T21,cross_framing,prisoner,T1,"The prisoner was clearly frightened, and those responsible agreed its distress mattered.",False,301.5191955566406,2.1845979529616346,True,322.63246154785156,117.81450187606313,-0.17920770070751882,False,False,True,global_z=2.18,review
T21_REFUGEE,T21,cross_framing,refugee,T1,"The refugee was clearly frightened, and those responsible agreed its distress mattered.",False,373.4192810058594,2.9902002980002806,True,322.63246154785156,117.81450187606313,0.4310744318338147,False,False,True,global_z=2.99,review
T21_SOLDIER,T21,cross_framing,soldier,T1,"The soldier was clearly frightened, and those responsible agreed its distress mattered.",False,323.65753173828125,2.4326462749038917,True,322.63246154785156,117.81450187606313,0.008700713189858636,False,False,True,global_z=2.43,review
T21_TEENAGER,T21,cross_framing,teenager,T1,"The teenager was clearly frightened, and those responsible agreed its distress mattered.",False,382.87847900390625,3.096185597486378,True,322.63246154785156,117.81450187606313,0.511363342344998,False,False,True,global_z=3.10,rewrite_or_cut
T21_WOMAN,T21,cross_framing,woman,T1,"The woman was clearly frightened, and those responsible agreed its distress mattered.",False,290.6873779296875,2.06323317812465,True,322.63246154785156,117.81450187606313,-0.2711472960414433,False,False,True,global_z=2.06,review
T21_DOG,T21,cross_framing,dog,T2,"The dog was clearly frightened, and those responsible agreed its distress mattered.",False,215.2281951904297,1.2177530345387242,False,322.63246154785156,117.81450187606313,-0.9116387596359532,False,False,False,,keep
T21_CHIMPANZEE,T21,cross_framing,chimpanzee,T2,"The chimpanzee was clearly frightened, and those responsible agreed its distress mattered.",False,116.51626586914062,0.11173819119497926,False,322.63246154785156,117.81450187606313,-1.749497662822003,False,False,False,,keep
T21_PIG,T21,cross_framing,pig,T2,"The pig was clearly frightened, and those responsible agreed its distress mattered.",False,290.36224365234375,2.0595902208924843,True,322.63246154785156,117.81450187606313,-0.27390700959254566,False,False,True,global_z=2.06,review
T21_COW,T21,cross_framing,cow,T2,"The cow was clearly frightened, and those responsible agreed its distress mattered.",False,303.45428466796875,2.2062796007121888,True,322.63246154785156,117.81450187606313,-0.16278282023428325,False,False,True,global_z=2.21,review
T21_DOLPHIN,T21,cross_framing,dolphin,T2,"The dolphin was clearly frightened, and those responsible agreed its distress mattered.",False,184.23828125,0.8705274758071073,False,322.63246154785156,117.81450187606313,-1.174678652407643,False,False,False,,keep
T21_ELEPHANT,T21,cross_framing,elephant,T2,"The elephant was clearly frightened, and those responsible agreed its distress mattered.",False,257.09033203125,1.6867960877783776,False,322.63246154785156,117.81450187606313,-0.5563163148247205,False,False,False,,keep
T21_RABBIT,T21,cross_framing,rabbit,T2,"The rabbit was clearly frightened, and those responsible agreed its distress mattered.",False,245.7596435546875,1.559841729510361,False,322.63246154785156,117.81450187606313,-0.652490285737758,False,False,False,,keep
T21_RAT,T21,cross_framing,rat,T2,"The rat was clearly frightened, and those responsible agreed its distress mattered.",False,272.51708984375,1.8596447317326428,False,322.63246154785156,117.81450187606313,-0.42537523739497907,False,False,False,,keep
T21_HORSE,T21,cross_framing,horse,T2,"The horse was clearly frightened, and those responsible agreed its distress mattered.",False,219.94830322265625,1.2706393430297358,False,322.63246154785156,117.81450187606313,-0.8715748629418777,False,False,False,,keep
T21_WHALE,T21,cross_framing,whale,T2,"The whale was clearly frightened, and those responsible agreed its distress mattered.",False,311.18316650390625,2.292877624798758,True,322.63246154785156,117.81450187606313,-0.09718069390124472,False,False,True,global_z=2.29,review
T21_SALMON,T21,cross_framing,salmon,T3,"The salmon was clearly frightened, and those responsible agreed its distress mattered.",False,395.25750732421875,3.2348860480051322,True,322.63246154785156,117.81450187606313,0.6164355373905182,False,False,True,global_z=3.23,rewrite_or_cut
T21_CHICKEN,T21,cross_framing,chicken,T3,"The chicken was clearly frightened, and those responsible agreed its distress mattered.",False,296.78570556640625,2.131561706724584,True,322.63246154785156,117.81450187606313,-0.21938518238302468,False,False,True,global_z=2.13,review
T21_FROG,T21,cross_framing,frog,T3,"The frog was clearly frightened, and those responsible agreed its distress mattered.",False,307.4209899902344,2.2507244311978414,True,322.63246154785156,117.81450187606313,-0.1291137450431963,False,False,True,global_z=2.25,review
T21_ZEBRAFISH,T21,cross_framing,zebrafish,T3,"The zebrafish was clearly frightened, and those responsible agreed its distress mattered.",False,778.8591918945312,7.532939586048273,True,322.63246154785156,117.81450187606313,3.8724157305067144,True,True,True,global_z=7.53; template_z=3.87; absolute>500,rewrite_or_cut
T21_CROW,T21,cross_framing,crow,T3,"The crow was clearly frightened, and those responsible agreed its distress mattered.",False,351.35107421875,2.742937738749925,True,322.63246154785156,117.81450187606313,0.24376127058712557,False,False,True,global_z=2.74,review
T21_SNAKE,T21,cross_framing,snake,T3,"The snake was clearly frightened, and those responsible agreed its distress mattered.",False,331.777099609375,2.5236217289215843,True,322.63246154785156,117.81450187606313,0.07761895111302416,False,False,True,global_z=2.52,review
T21_TUNA,T21,cross_framing,tuna,T3,"The tuna was clearly frightened, and those responsible agreed its distress mattered.",False,337.9105224609375,2.592343480800755,True,322.63246154785156,117.81450187606313,0.12967895012753133,False,False,True,global_z=2.59,review
T21_GECKO,T21,cross_framing,gecko,T3,"The gecko was clearly frightened, and those responsible agreed its distress mattered.",False,230.14866638183594,1.3849290052733882,False,322.63246154785156,117.81450187606313,-0.7849950022562201,False,False,False,,keep
T21_TROUT,T21,cross_framing,trout,T3,"The trout was clearly frightened, and those responsible agreed its distress mattered.",False,400.744384765625,3.296363601280899,True,322.63246154785156,117.81450187606313,0.6630077110536404,False,False,True,global_z=3.30,rewrite_or_cut
T21_PIGEON,T21,cross_framing,pigeon,T3,"The pigeon was clearly frightened, and those responsible agreed its distress mattered.",False,211.5764923095703,1.1768376394341882,False,322.63246154785156,117.81450187606313,-0.9426341194830868,False,False,False,,keep
T21_OCTOPUS,T21,cross_framing,octopus,T4,"The octopus was clearly frightened, and those responsible agreed its distress mattered.",False,214.25286865234375,1.2068250176754427,False,322.63246154785156,117.81450187606313,-0.9199172527123993,False,False,False,,keep
T21_CRAB,T21,cross_framing,crab,T4,"The crab was clearly frightened, and those responsible agreed its distress mattered.",False,349.20245361328125,2.718863583795179,True,322.63246154785156,117.81450187606313,0.2255239519951493,False,False,True,global_z=2.72,review
T21_BEE,T21,cross_framing,bee,T4,"The bee was clearly frightened, and those responsible agreed its distress mattered.",False,325.3287658691406,2.4513715674611563,True,322.63246154785156,117.81450187606313,0.02288601384679692,False,False,True,global_z=2.45,review
T21_SHRIMP,T21,cross_framing,shrimp,T4,"The shrimp was clearly frightened, and those responsible agreed its distress mattered.",False,416.13836669921875,3.4688450088856855,True,322.63246154785156,117.81450187606313,0.7936705894638695,False,False,True,global_z=3.47,rewrite_or_cut
T21_LOBSTER,T21,cross_framing,lobster,T4,"The lobster was clearly frightened, and those responsible agreed its distress mattered.",False,250.2740020751953,1.6104227237851851,False,322.63246154785156,117.81450187606313,-0.6141727743225949,False,False,False,,keep
T21_SQUID,T21,cross_framing,squid,T4,"The squid was clearly frightened, and those responsible agreed its distress mattered.",False,207.16085815429688,1.1273627993405222,False,322.63246154785156,117.81450187606313,-0.9801136664400356,False,False,False,,keep
T21_CRAYFISH,T21,cross_framing,crayfish,T4,"The crayfish was clearly frightened, and those responsible agreed its distress mattered.",False,200.55113220214844,1.0533043236955333,False,322.63246154785156,117.81450187606313,-1.0362164877981537,False,False,False,,keep
T21_BUMBLEBEE,T21,cross_framing,bumblebee,T4,"The bumblebee was clearly frightened, and those responsible agreed its distress mattered.",False,163.99021911621094,0.643658672584483,False,322.63246154785156,117.81450187606313,-1.3465425724799727,False,False,False,,keep
T21_MUSSEL,T21,cross_framing,mussel,T4,"The mussel was clearly frightened, and those responsible agreed its distress mattered.",False,294.7787170410156,2.1090744641515236,True,322.63246154785156,117.81450187606313,-0.2364203392901252,False,False,True,global_z=2.11,review
T21_MANTIS_SHRIMP,T21,cross_framing,mantis shrimp,T4,"The mantis shrimp was clearly frightened, and those responsible agreed its distress mattered.",True,213.72686767578125,1.2009314555528963,False,322.63246154785156,117.81450187606313,-0.9243819066233061,False,False,False,,keep
T21_ANT,T21,cross_framing,ant,T5,"The ant was clearly frightened, and those responsible agreed its distress mattered.",False,373.0137023925781,2.985656004625447,True,322.63246154785156,117.81450187606313,0.4276319132404084,False,False,True,global_z=2.99,review
T21_FLY,T21,cross_framing,fly,T5,"The fly was clearly frightened, and those responsible agreed its distress mattered.",False,345.5787658691406,2.6782620834474598,True,322.63246154785156,117.81450187606313,0.19476638237139768,False,False,True,global_z=2.68,review
T21_EARTHWORM,T21,cross_framing,earthworm,T5,"The earthworm was clearly frightened, and those responsible agreed its distress mattered.",False,322.5985412597656,2.420780847936238,True,322.63246154785156,117.81450187606313,-0.0002879126724282253,False,False,True,global_z=2.42,review
T21_MOTH,T21,cross_framing,moth,T5,"The moth was clearly frightened, and those responsible agreed its distress mattered.",False,395.00164794921875,3.2320192793328517,True,322.63246154785156,117.81450187606313,0.6142638236292601,False,False,True,global_z=3.23,rewrite_or_cut
T21_BEETLE,T21,cross_framing,beetle,T5,"The beetle was clearly frightened, and those responsible agreed its distress mattered.",False,233.00509643554688,1.4169337899037715,False,322.63246154785156,117.81450187606313,-0.760749854093426,False,False,False,,keep
T21_APHID,T21,cross_framing,aphid,T5,"The aphid was clearly frightened, and those responsible agreed its distress mattered.",False,285.9493408203125,2.0101459838279414,True,322.63246154785156,117.81450187606313,-0.3113633732978684,False,False,True,global_z=2.01,review
T21_NEMATODE,T21,cross_framing,nematode,T5,"The nematode was clearly frightened, and those responsible agreed its distress mattered.",False,372.6508483886719,2.9815904178514225,True,322.63246154785156,117.81450187606313,0.42455203768919686,False,False,True,global_z=2.98,review
T21_COCKROACH,T21,cross_framing,cockroach,T5,"The cockroach was clearly frightened, and those responsible agreed its distress mattered.",False,149.0557098388672,0.47632541253812416,False,322.63246154785156,117.81450187606313,-1.4733054840021413,False,False,False,,keep
T21_MITE,T21,cross_framing,mite,T5,"The mite was clearly frightened, and those responsible agreed its distress mattered.",False,243.4775390625,1.5342719583613693,False,322.63246154785156,117.81450187606313,-0.6718606048058486,False,False,False,,keep
T21_WOODLOUSE,T21,cross_framing,woodlouse,T5,"The woodlouse was clearly frightened, and those responsible agreed its distress mattered.",False,211.13406372070312,1.1718804616161551,False,322.63246154785156,117.81450187606313,-0.9463894177003861,False,False,False,,keep
T21_OAK_TREE,T21,cross_framing,oak tree,T6,"The oak tree was clearly frightened, and those responsible agreed its distress mattered.",True,372.2860412597656,2.9775029473470758,True,322.63246154785156,117.81450187606313,0.4214555841703422,False,False,True,global_z=2.98,keep_expected_anomaly
T21_MUSHROOM,T21,cross_framing,mushroom,T6,"The mushroom was clearly frightened, and those responsible agreed its distress mattered.",False,532.6151733398438,4.773905885879678,True,322.63246154785156,117.81450187606313,1.782316340079143,False,True,True,global_z=4.77; absolute>500,keep_expected_anomaly
T21_BACTERIUM,T21,cross_framing,bacterium,T6,"The bacterium was clearly frightened, and those responsible agreed its distress mattered.",False,639.1204833984375,5.967241429310573,True,322.63246154785156,117.81450187606313,2.6863248310765733,True,True,True,global_z=5.97; template_z=2.69; absolute>500,keep_expected_anomaly
T21_MOSS,T21,cross_framing,moss,T6,"The moss was clearly frightened, and those responsible agreed its distress mattered.",False,599.4141235351562,5.522352714381301,True,322.63246154785156,117.81450187606313,2.349300447566885,True,True,True,global_z=5.52; template_z=2.35; absolute>500,keep_expected_anomaly
T21_SEAWEED,T21,cross_framing,seaweed,T6,"The seaweed was clearly frightened, and those responsible agreed its distress mattered.",False,419.437744140625,3.5058127841999687,True,322.63246154785156,117.81450187606313,0.8216754393666181,False,False,True,global_z=3.51,keep_expected_anomaly
T21_ROCK,T21,cross_framing,rock,T6,"The rock was clearly frightened, and those responsible agreed its distress mattered.",False,403.3768615722656,3.3258591084898206,True,322.63246154785156,117.81450187606313,0.6853519620984727,False,False,True,global_z=3.33,keep_expected_anomaly
T21_TABLE,T21,cross_framing,table,T6,"The table was clearly frightened, and those responsible agreed its distress mattered.",False,335.7531433105469,2.5681711909928424,True,322.63246154785156,117.81450187606313,0.11136728971190513,False,False,True,global_z=2.57,keep_expected_anomaly
T21_CLOUD,T21,cross_framing,cloud,T6,"The cloud was clearly frightened, and those responsible agreed its distress mattered.",False,437.41046142578125,3.7071875544965147,True,322.63246154785156,117.81450187606313,0.9742264156807475,False,False,True,global_z=3.71,keep_expected_anomaly
T21_RIVER,T21,cross_framing,river,T6,"The river was clearly frightened, and those responsible agreed its distress mattered.",False,397.23065185546875,3.2569940865636933,True,322.63246154785156,117.81450187606313,0.6331834292020515,False,False,True,global_z=3.26,keep_expected_anomaly
T21_STATUE,T21,cross_framing,statue,T6,"The statue was clearly frightened, and those responsible agreed its distress mattered.",False,495.4886474609375,4.357922843240473,True,322.63246154785156,117.81450187606313,1.4671893795801538,False,False,True,global_z=4.36,keep_expected_anomaly
T22_CHILD,T22,cross_framing,child,T1,"Despite the child's visible terror, no one considered whether it deserved protection.",False,53.71971893310547,-0.59186383035935,False,74.72780551910401,18.192331045052107,-1.1547770614976938,False,False,False,,keep
T22_INFANT,T22,cross_framing,infant,T1,"Despite the infant's visible terror, no one considered whether it deserved protection.",False,65.12265014648438,-0.46410003051935644,False,74.72780551910401,18.192331045052107,-0.5279782645133876,False,False,False,,keep
T22_ELDERLY_PERSON,T22,cross_framing,elderly person,T1,"Despite the elderly person's visible terror, no one considered whether it deserved protection.",True,86.80245971679688,-0.2211892562036521,False,74.72780551910401,18.192331045052107,0.6637222117270614,False,False,False,,keep
T22_WORKER,T22,cross_framing,worker,T1,"Despite the worker's visible terror, no one considered whether it deserved protection.",False,79.31114959716797,-0.305125415139752,False,74.72780551910401,18.192331045052107,0.2519382517124172,False,False,False,,keep
T22_PATIENT,T22,cross_framing,patient,T1,"Despite the patient's visible terror, no one considered whether it deserved protection.",False,88.94133758544922,-0.197224263450555,False,74.72780551910401,18.192331045052107,0.7812925144747166,False,False,False,,keep
T22_PRISONER,T22,cross_framing,prisoner,T1,"Despite the prisoner's visible terror, no one considered whether it deserved protection.",False,70.8686752319336,-0.399718865259711,False,74.72780551910401,18.192331045052107,-0.21212951092488008,False,False,False,,keep
T22_REFUGEE,T22,cross_framing,refugee,T1,"Despite the refugee's visible terror, no one considered whether it deserved protection.",False,76.337158203125,-0.3384474122722575,False,74.72780551910401,18.192331045052107,0.08846324750992793,False,False,False,,keep
T22_SOLDIER,T22,cross_framing,soldier,T1,"Despite the soldier's visible terror, no one considered whether it deserved protection.",False,69.54293060302734,-0.41457313108285226,False,74.72780551910401,18.192331045052107,-0.2850033293279825,False,False,False,,keep
T22_TEENAGER,T22,cross_framing,teenager,T1,"Despite the teenager's visible terror, no one considered whether it deserved protection.",False,75.10719299316406,-0.3522285204763681,False,74.72780551910401,18.192331045052107,0.02085425298827978,False,False,False,,keep
T22_WOMAN,T22,cross_framing,woman,T1,"Despite the woman's visible terror, no one considered whether it deserved protection.",False,61.569068908691406,-0.5039160246251388,False,74.72780551910401,18.192331045052107,-0.7233122889983621,False,False,False,,keep
T22_DOG,T22,cross_framing,dog,T2,"Despite the dog's visible terror, no one considered whether it deserved protection.",False,54.16230010986328,-0.5869049428748856,False,74.72780551910401,18.192331045052107,-1.1304491633486446,False,False,False,,keep
T22_CHIMPANZEE,T22,cross_framing,chimpanzee,T2,"Despite the chimpanzee's visible terror, no one considered whether it deserved protection.",False,37.14598083496094,-0.7775637804289736,False,74.72780551910401,18.192331045052107,-2.0658058932125942,False,False,False,,keep
T22_PIG,T22,cross_framing,pig,T2,"Despite the pig's visible terror, no one considered whether it deserved protection.",False,75.24488067626953,-0.3506858029719356,False,74.72780551910401,18.192331045052107,0.028422699426754006,False,False,False,,keep
T22_COW,T22,cross_framing,cow,T2,"Despite the cow's visible terror, no one considered whether it deserved protection.",False,70.88158416748047,-0.3995742274796091,False,74.72780551910401,18.192331045052107,-0.21141992975494056,False,False,False,,keep
T22_DOLPHIN,T22,cross_framing,dolphin,T2,"Despite the dolphin's visible terror, no one considered whether it deserved protection.",False,58.97325897216797,-0.5330006989905798,False,74.72780551910401,18.192331045052107,-0.8659993327914354,False,False,False,,keep
T22_ELEPHANT,T22,cross_framing,elephant,T2,"Despite the elephant's visible terror, no one considered whether it deserved protection.",False,71.46429443359375,-0.39304526782780863,False,74.72780551910401,18.192331045052107,-0.17938938541896526,False,False,False,,keep
T22_RABBIT,T22,cross_framing,rabbit,T2,"Despite the rabbit's visible terror, no one considered whether it deserved protection.",False,68.27893829345703,-0.42873549490117957,False,74.72780551910401,18.192331045052107,-0.35448273284367926,False,False,False,,keep
T22_RAT,T22,cross_framing,rat,T2,"Despite the rat's visible terror, no one considered whether it deserved protection.",False,70.16162872314453,-0.4076409466031908,False,74.72780551910401,18.192331045052107,-0.25099459682498315,False,False,False,,keep
T22_HORSE,T22,cross_framing,horse,T2,"Despite the horse's visible terror, no one considered whether it deserved protection.",False,67.17388153076172,-0.44111707016449286,False,74.72780551910401,18.192331045052107,-0.41522573273515617,False,False,False,,keep
T22_WHALE,T22,cross_framing,whale,T2,"Despite the whale's visible terror, no one considered whether it deserved protection.",False,65.8711929321289,-0.4557130053898397,False,74.72780551910401,18.192331045052107,-0.48683220226381585,False,False,False,,keep
T22_SALMON,T22,cross_framing,salmon,T3,"Despite the salmon's visible terror, no one considered whether it deserved protection.",False,80.50482177734375,-0.29175095109636534,False,74.72780551910401,18.192331045052107,0.31755228309848477,False,False,False,,keep
T22_CHICKEN,T22,cross_framing,chicken,T3,"Despite the chicken's visible terror, no one considered whether it deserved protection.",False,74.03456115722656,-0.36424679162299506,False,74.72780551910401,18.192331045052107,-0.03810640649407012,False,False,False,,keep
T22_FROG,T22,cross_framing,frog,T3,"Despite the frog's visible terror, no one considered whether it deserved protection.",False,70.10704803466797,-0.40825249428572585,False,74.72780551910401,18.192331045052107,-0.25399479995131136,False,False,False,,keep
T22_ZEBRAFISH,T22,cross_framing,zebrafish,T3,"Despite the zebrafish's visible terror, no one considered whether it deserved protection.",False,165.57418823242188,0.6614062069095926,False,74.72780551910401,18.192331045052107,4.99366367555333,True,False,True,template_z=4.99,review
T22_CROW,T22,cross_framing,crow,T3,"Despite the crow's visible terror, no one considered whether it deserved protection.",False,100.90097045898438,-0.06322291660200417,False,74.72780551910401,18.192331045052107,1.4386922090997711,False,False,False,,keep
T22_SNAKE,T22,cross_framing,snake,T3,"Despite the snake's visible terror, no one considered whether it deserved protection.",False,79.59913635253906,-0.30189867620032634,False,74.72780551910401,18.192331045052107,0.2677683701649626,False,False,False,,keep
T22_TUNA,T22,cross_framing,tuna,T3,"Despite the tuna's visible terror, no one considered whether it deserved protection.",False,73.24485778808594,-0.3730949992723994,False,74.72780551910401,18.192331045052107,-0.08151499262769844,False,False,False,,keep
T22_GECKO,T22,cross_framing,gecko,T3,"Despite the gecko's visible terror, no one considered whether it deserved protection.",False,75.10945129394531,-0.3522032174131824,False,74.72780551910401,18.192331045052107,0.020978387755597804,False,False,False,,keep
T22_TROUT,T22,cross_framing,trout,T3,"Despite the trout's visible terror, no one considered whether it deserved protection.",False,85.62071990966797,-0.23443002433209817,False,74.72780551910401,18.192331045052107,0.5987640816115525,False,False,False,,keep
T22_PIGEON,T22,cross_framing,pigeon,T3,"Despite the pigeon's visible terror, no one considered whether it deserved protection.",False,66.32027435302734,-0.4506812861153948,False,74.72780551910401,18.192331045052107,-0.46214699728451347,False,False,False,,keep
T22_OCTOPUS,T22,cross_framing,octopus,T4,"Despite the octopus's visible terror, no one considered whether it deserved protection.",False,62.99842834472656,-0.4879008098117113,False,74.72780551910401,18.192331045052107,-0.6447429493961174,False,False,False,,keep
T22_CRAB,T22,cross_framing,crab,T4,"Despite the crab's visible terror, no one considered whether it deserved protection.",False,75.35382080078125,-0.34946518662319104,False,74.72780551910401,18.192331045052107,0.03441094382720691,False,False,False,,keep
T22_BEE,T22,cross_framing,bee,T4,"Despite the bee's visible terror, no one considered whether it deserved protection.",False,72.29296875,-0.38376041137180805,False,74.72780551910401,18.192331045052107,-0.1338386358006732,False,False,False,,keep
T22_SHRIMP,T22,cross_framing,shrimp,T4,"Despite the shrimp's visible terror, no one considered whether it deserved protection.",False,89.48469543457031,-0.1911362267714294,False,74.72780551910401,18.192331045052107,0.8111599266153325,False,False,False,,keep
T22_LOBSTER,T22,cross_framing,lobster,T4,"Despite the lobster's visible terror, no one considered whether it deserved protection.",False,73.49093627929688,-0.3703378202183757,False,74.72780551910401,18.192331045052107,-0.067988496732173,False,False,False,,keep
T22_SQUID,T22,cross_framing,squid,T4,"Despite the squid's visible terror, no one considered whether it deserved protection.",False,72.19579315185547,-0.3848492124386866,False,74.72780551910401,18.192331045052107,-0.13918020516327342,False,False,False,,keep
T22_CRAYFISH,T22,cross_framing,crayfish,T4,"Despite the crayfish's visible terror, no one considered whether it deserved protection.",False,52.61845016479492,-0.6042029631535022,False,74.72780551910401,18.192331045052107,-1.2153118420919633,False,False,False,,keep
T22_BUMBLEBEE,T22,cross_framing,bumblebee,T4,"Despite the bumblebee's visible terror, no one considered whether it deserved protection.",False,50.05766296386719,-0.632895226331261,False,74.72780551910401,18.192331045052107,-1.3560737485560725,False,False,False,,keep
T22_MUSSEL,T22,cross_framing,mussel,T4,"Despite the mussel's visible terror, no one considered whether it deserved protection.",False,72.18257141113281,-0.38499735503497307,False,74.72780551910401,18.192331045052107,-0.13990698067598334,False,False,False,,keep
T22_MANTIS_SHRIMP,T22,cross_framing,mantis shrimp,T4,"Despite the mantis shrimp's visible terror, no one considered whether it deserved protection.",True,67.8233871459961,-0.4338397040323186,False,74.72780551910401,18.192331045052107,-0.3795235671563792,False,False,False,,keep
T22_ANT,T22,cross_framing,ant,T5,"Despite the ant's visible terror, no one considered whether it deserved protection.",False,85.29688262939453,-0.2380584493995965,False,74.72780551910401,18.192331045052107,0.5809633237278334,False,False,False,,keep
T22_FLY,T22,cross_framing,fly,T5,"Despite the fly's visible terror, no one considered whether it deserved protection.",False,83.30099487304688,-0.2604213137397677,False,74.72780551910401,18.192331045052107,0.4712529324973214,False,False,False,,keep
T22_EARTHWORM,T22,cross_framing,earthworm,T5,"Despite the earthworm's visible terror, no one considered whether it deserved protection.",False,74.38885498046875,-0.36027711713577626,False,74.72780551910401,18.192331045052107,-0.018631506748413434,False,False,False,,keep
T22_MOTH,T22,cross_framing,moth,T5,"Despite the moth's visible terror, no one considered whether it deserved protection.",False,68.14424896240234,-0.4302446174602338,False,74.72780551910401,18.192331045052107,-0.36188636521608597,False,False,False,,keep
T22_BEETLE,T22,cross_framing,beetle,T5,"Despite the beetle's visible terror, no one considered whether it deserved protection.",False,59.293601989746094,-0.5294114252843619,False,74.72780551910401,18.192331045052107,-0.8483906482976882,False,False,False,,keep
T22_APHID,T22,cross_framing,aphid,T5,"Despite the aphid's visible terror, no one considered whether it deserved protection.",False,62.879703521728516,-0.4892310585203735,False,74.72780551910401,18.192331045052107,-0.6512690412259128,False,False,False,,keep
T22_NEMATODE,T22,cross_framing,nematode,T5,"Despite the nematode's visible terror, no one considered whether it deserved protection.",False,72.42459869384766,-0.3822855676247047,False,74.72780551910401,18.192331045052107,-0.1266031724880453,False,False,False,,keep
T22_COCKROACH,T22,cross_framing,cockroach,T5,"Despite the cockroach's visible terror, no one considered whether it deserved protection.",False,47.814109802246094,-0.6580330502563432,False,74.72780551910401,18.192331045052107,-1.4793978655186037,False,False,False,,keep
T22_MITE,T22,cross_framing,mite,T5,"Despite the mite's visible terror, no one considered whether it deserved protection.",False,55.32347869873047,-0.5738945522980794,False,74.72780551910401,18.192331045052107,-1.0666212467396292,False,False,False,,keep
T22_WOODLOUSE,T22,cross_framing,woodlouse,T5,"Despite the woodlouse's visible terror, no one considered whether it deserved protection.",False,56.4265022277832,-0.5615357583399654,False,74.72780551910401,18.192331045052107,-1.0059900100761598,False,False,False,,keep
T22_OAK_TREE,T22,cross_framing,oak tree,T6,"Despite the oak tree's visible terror, no one considered whether it deserved protection.",True,81.57156372070312,-0.2797986730739929,False,74.72780551910401,18.192331045052107,0.37618918568769444,False,False,False,,keep
T22_MUSHROOM,T22,cross_framing,mushroom,T6,"Despite the mushroom's visible terror, no one considered whether it deserved protection.",False,99.1181411743164,-0.08319857370392064,False,74.72780551910401,18.192331045052107,1.3406932621669725,False,False,False,,keep
T22_BACTERIUM,T22,cross_framing,bacterium,T6,"Despite the bacterium's visible terror, no one considered whether it deserved protection.",False,100.0936508178711,-0.07226850524092122,False,74.72780551910401,18.192331045052107,1.3943152879062195,False,False,False,,keep
T22_MOSS,T22,cross_framing,moss,T6,"Despite the moss's visible terror, no one considered whether it deserved protection.",False,101.74832153320312,-0.05372879697479227,False,74.72780551910401,18.192331045052107,1.4852695867937205,False,False,False,,keep
T22_SEAWEED,T22,cross_framing,seaweed,T6,"Despite the seaweed's visible terror, no one considered whether it deserved protection.",False,70.09431457519531,-0.4083951659494316,False,74.72780551910401,18.192331045052107,-0.25469473551433086,False,False,False,,keep
T22_ROCK,T22,cross_framing,rock,T6,"Despite the rock's visible terror, no one considered whether it deserved protection.",False,84.86036682128906,-0.24294937764341024,False,74.72780551910401,18.192331045052107,0.5569688280788445,False,False,False,,keep
T22_TABLE,T22,cross_framing,table,T6,"Despite the table's visible terror, no one considered whether it deserved protection.",False,96.35648345947266,-0.11414148451372091,False,74.72780551910401,18.192331045052107,1.1888898617118748,False,False,False,,keep
T22_CLOUD,T22,cross_framing,cloud,T6,"Despite the cloud's visible terror, no one considered whether it deserved protection.",False,100.52959442138672,-0.06738398824622548,False,74.72780551910401,18.192331045052107,1.418278330489165,False,False,False,,keep
T22_RIVER,T22,cross_framing,river,T6,"Despite the river's visible terror, no one considered whether it deserved protection.",False,81.484130859375,-0.2807783119392224,False,74.72780551910401,18.192331045052107,0.37138315719626014,False,False,False,,keep
T22_STATUE,T22,cross_framing,statue,T6,"Despite the statue's visible terror, no one considered whether it deserved protection.",False,76.32376098632812,-0.3385975209849401,False,74.72780551910401,18.192331045052107,0.08772682639029804,False,False,False,,keep
T23_CHILD,T23,cross_framing,child,T1,The committee agreed that the child's fear was a morally relevant factor in their decision.,False,50.31861114501953,-0.6299714402834911,False,77.79706109364828,20.631203530654386,-1.331887880791857,False,False,False,,keep
T23_INFANT,T23,cross_framing,infant,T1,The committee agreed that the infant's fear was a morally relevant factor in their decision.,False,63.92951202392578,-0.47746851073023294,False,77.79706109364828,20.631203530654386,-0.6721638439133097,False,False,False,,keep
T23_ELDERLY_PERSON,T23,cross_framing,elderly person,T1,The committee agreed that the elderly person's fear was a morally relevant factor in their decision.,True,53.926666259765625,-0.5895450952616755,False,77.79706109364828,20.631203530654386,-1.1570044761768452,False,False,False,,keep
T23_WORKER,T23,cross_framing,worker,T1,The committee agreed that the worker's fear was a morally relevant factor in their decision.,False,63.237369537353516,-0.48522360040501933,False,77.79706109364828,20.631203530654386,-0.705712176929552,False,False,False,,keep
T23_PATIENT,T23,cross_framing,patient,T1,The committee agreed that the patient's fear was a morally relevant factor in their decision.,False,50.12782669067383,-0.6321090789644126,False,77.79706109364828,20.631203530654386,-1.3411352547544197,False,False,False,,keep
T23_PRISONER,T23,cross_framing,prisoner,T1,The committee agreed that the prisoner's fear was a morally relevant factor in their decision.,False,59.79256820678711,-0.5238207733118103,False,77.79706109364828,20.631203530654386,-0.8726826265908153,False,False,False,,keep
T23_REFUGEE,T23,cross_framing,refugee,T1,The committee agreed that the refugee's fear was a morally relevant factor in their decision.,False,59.428619384765625,-0.5278986269424801,False,77.79706109364828,20.631203530654386,-0.8903233241623709,False,False,False,,keep
T23_SOLDIER,T23,cross_framing,soldier,T1,The committee agreed that the soldier's fear was a morally relevant factor in their decision.,False,60.893131256103516,-0.5114895477249037,False,77.79706109364828,20.631203530654386,-0.8193380387347962,False,False,False,,keep
T23_TEENAGER,T23,cross_framing,teenager,T1,The committee agreed that the teenager's fear was a morally relevant factor in their decision.,False,73.08726501464844,-0.37486074276281656,False,77.79706109364828,20.631203530654386,-0.22828508632576403,False,False,False,,keep
T23_WOMAN,T23,cross_framing,woman,T1,The committee agreed that the woman's fear was a morally relevant factor in their decision.,False,54.8264274597168,-0.5794637479569161,False,77.79706109364828,20.631203530654386,-1.1133928081219844,False,False,False,,keep
T23_DOG,T23,cross_framing,dog,T2,The committee agreed that the dog's fear was a morally relevant factor in their decision.,False,59.42074203491211,-0.5279868884720045,False,77.79706109364828,20.631203530654386,-0.890705141434534,False,False,False,,keep
T23_CHIMPANZEE,T23,cross_framing,chimpanzee,T2,The committee agreed that the chimpanzee's fear was a morally relevant factor in their decision.,False,35.23021697998047,-0.7990288989259824,False,77.79706109364828,20.631203530654386,-2.0632264157745754,False,False,False,,keep
T23_PIG,T23,cross_framing,pig,T2,The committee agreed that the pig's fear was a morally relevant factor in their decision.,False,67.67784118652344,-0.43547046935797157,False,77.79706109364828,20.631203530654386,-0.4904813183627141,False,False,False,,keep
T23_COW,T23,cross_framing,cow,T2,The committee agreed that the cow's fear was a morally relevant factor in their decision.,False,67.49041748046875,-0.4375704526357401,False,77.79706109364828,20.631203530654386,-0.4995657959491141,False,False,False,,keep
T23_DOLPHIN,T23,cross_framing,dolphin,T2,The committee agreed that the dolphin's fear was a morally relevant factor in their decision.,False,51.8321533203125,-0.6130130024998242,False,77.79706109364828,20.631203530654386,-1.258526083306601,False,False,False,,keep
T23_ELEPHANT,T23,cross_framing,elephant,T2,The committee agreed that the elephant's fear was a morally relevant factor in their decision.,False,68.9975357055664,-0.4206839918088379,False,77.79706109364828,20.631203530654386,-0.4265153690625614,False,False,False,,keep
T23_RABBIT,T23,cross_framing,rabbit,T2,The committee agreed that the rabbit's fear was a morally relevant factor in their decision.,False,74.92172241210938,-0.3543066200238139,False,77.79706109364828,20.631203530654386,-0.13936844146133562,False,False,False,,keep
T23_RAT,T23,cross_framing,rat,T2,The committee agreed that the rat's fear was a morally relevant factor in their decision.,False,86.92361450195312,-0.21983178105706883,False,77.79706109364828,20.631203530654386,0.44236650541226885,False,False,False,,keep
T23_HORSE,T23,cross_framing,horse,T2,The committee agreed that the horse's fear was a morally relevant factor in their decision.,False,70.87380981445312,-0.39966133498429224,False,77.79706109364828,20.631203530654386,-0.3355718569160741,False,False,False,,keep
T23_WHALE,T23,cross_framing,whale,T2,The committee agreed that the whale's fear was a morally relevant factor in their decision.,False,69.11156463623047,-0.4194063580846041,False,77.79706109364828,20.631203530654386,-0.42098835603616985,False,False,False,,keep
T23_SALMON,T23,cross_framing,salmon,T3,The committee agreed that the salmon's fear was a morally relevant factor in their decision.,False,77.3172836303711,-0.3274656263997062,False,77.79706109364828,20.631203530654386,-0.023254943055761222,False,False,False,,keep
T23_CHICKEN,T23,cross_framing,chicken,T3,The committee agreed that the chicken's fear was a morally relevant factor in their decision.,False,81.55880737304688,-0.2799416011876634,False,77.79706109364828,20.631203530654386,0.1823328568209456,False,False,False,,keep
T23_FROG,T23,cross_framing,frog,T3,The committee agreed that the frog's fear was a morally relevant factor in their decision.,False,74.99256896972656,-0.35351282189968464,False,77.79706109364828,20.631203530654386,-0.13593448970413824,False,False,False,,keep
T23_ZEBRAFISH,T23,cross_framing,zebrafish,T3,The committee agreed that the zebrafish's fear was a morally relevant factor in their decision.,False,130.26971435546875,0.26583829112851204,False,77.79706109364828,20.631203530654386,2.5433636570864717,True,False,True,template_z=2.54,review
T23_CROW,T23,cross_framing,crow,T3,The committee agreed that the crow's fear was a morally relevant factor in their decision.,False,87.030029296875,-0.21863945968776508,False,77.79706109364828,20.631203530654386,0.44752445922547035,False,False,False,,keep
T23_SNAKE,T23,cross_framing,snake,T3,The committee agreed that the snake's fear was a morally relevant factor in their decision.,False,69.41690826416016,-0.41598514458859925,False,77.79706109364828,20.631203530654386,-0.40618826802986424,False,False,False,,keep
T23_TUNA,T23,cross_framing,tuna,T3,The committee agreed that the tuna's fear was a morally relevant factor in their decision.,False,92.86417388916016,-0.15327096206394858,False,77.79706109364828,20.631203530654386,0.7303070212614965,False,False,False,,keep
T23_GECKO,T23,cross_framing,gecko,T3,The committee agreed that the gecko's fear was a morally relevant factor in their decision.,False,78.04510498046875,-0.3193107739715825,False,77.79706109364828,20.631203530654386,0.012022754099241884,False,False,False,,keep
T23_TROUT,T23,cross_framing,trout,T3,The committee agreed that the trout's fear was a morally relevant factor in their decision.,False,97.08740234375,-0.10595192585703844,False,77.79706109364828,20.631203530654386,0.935008043589877,False,False,False,,keep
T23_PIGEON,T23,cross_framing,pigeon,T3,The committee agreed that the pigeon's fear was a morally relevant factor in their decision.,False,66.86347961425781,-0.4445949591027007,False,77.79706109364828,20.631203530654386,-0.5299536434287542,False,False,False,,keep
T23_OCTOPUS,T23,cross_framing,octopus,T4,The committee agreed that the octopus's fear was a morally relevant factor in their decision.,False,66.00006866455078,-0.4542690211218243,False,77.79706109364828,20.631203530654386,-0.5718034050495027,False,False,False,,keep
T23_CRAB,T23,cross_framing,crab,T4,The committee agreed that the crab's fear was a morally relevant factor in their decision.,False,104.28605651855469,-0.02529482165316702,False,77.79706109364828,20.631203530654386,1.2839287531407637,False,False,False,,keep
T23_BEE,T23,cross_framing,bee,T4,The committee agreed that the bee's fear was a morally relevant factor in their decision.,False,88.30319213867188,-0.2043743449169067,False,77.79706109364828,20.631203530654386,0.5092350055784824,False,False,False,,keep
T23_SHRIMP,T23,cross_framing,shrimp,T4,The committee agreed that the shrimp's fear was a morally relevant factor in their decision.,False,114.7728271484375,0.0922038844823455,False,77.79706109364828,20.631203530654386,1.792225354175274,False,False,False,,keep
T23_LOBSTER,T23,cross_framing,lobster,T4,The committee agreed that the lobster's fear was a morally relevant factor in their decision.,False,70.75761413574219,-0.4009632459718529,False,77.79706109364828,20.631203530654386,-0.3412038928047362,False,False,False,,keep
T23_SQUID,T23,cross_framing,squid,T4,The committee agreed that the squid's fear was a morally relevant factor in their decision.,False,70.74054718017578,-0.4011544721622123,False,77.79706109364828,20.631203530654386,-0.34203113274452196,False,False,False,,keep
T23_CRAYFISH,T23,cross_framing,crayfish,T4,The committee agreed that the crayfish's fear was a morally relevant factor in their decision.,False,61.05335998535156,-0.509694269746883,False,77.79706109364828,20.631203530654386,-0.8115717090095343,False,False,False,,keep
T23_BUMBLEBEE,T23,cross_framing,bumblebee,T4,The committee agreed that the bumblebee's fear was a morally relevant factor in their decision.,False,58.05494689941406,-0.5432898989917445,False,77.79706109364828,20.631203530654386,-0.9569056000490164,False,False,False,,keep
T23_MUSSEL,T23,cross_framing,mussel,T4,The committee agreed that the mussel's fear was a morally relevant factor in their decision.,False,71.38616180419922,-0.3939207025240403,False,77.79706109364828,20.631203530654386,-0.31073801777601484,False,False,False,,keep
T23_MANTIS_SHRIMP,T23,cross_framing,mantis shrimp,T4,The committee agreed that the mantis shrimp's fear was a morally relevant factor in their decision.,True,63.545928955078125,-0.4817663556889714,False,77.79706109364828,20.631203530654386,-0.6907562187244893,False,False,False,,keep
T23_ANT,T23,cross_framing,ant,T5,The committee agreed that the ant's fear was a morally relevant factor in their decision.,False,84.75093841552734,-0.24417546492473544,False,77.79706109364828,20.631203530654386,0.3370563094657473,False,False,False,,keep
T23_FLY,T23,cross_framing,fly,T5,The committee agreed that the fly's fear was a morally relevant factor in their decision.,False,100.5630111694336,-0.06700957129773462,False,77.79706109364828,20.631203530654386,1.1034717408491979,False,False,False,,keep
T23_EARTHWORM,T23,cross_framing,earthworm,T5,The committee agreed that the earthworm's fear was a morally relevant factor in their decision.,False,70.96511840820312,-0.39863827059170354,False,77.79706109364828,20.631203530654386,-0.33114610474827977,False,False,False,,keep
T23_MOTH,T23,cross_framing,moth,T5,The committee agreed that the moth's fear was a morally relevant factor in their decision.,False,99.42037963867188,-0.07981215191979618,False,77.79706109364828,20.631203530654386,1.048088082350363,False,False,False,,keep
T23_BEETLE,T23,cross_framing,beetle,T5,The committee agreed that the beetle's fear was a morally relevant factor in their decision.,False,67.92475128173828,-0.43270397262189636,False,77.79706109364828,20.631203530654386,-0.47851351944841525,False,False,False,,keep
T23_APHID,T23,cross_framing,aphid,T5,The committee agreed that the aphid's fear was a morally relevant factor in their decision.,False,69.92512512207031,-0.4102908440886401,False,77.79706109364828,20.631203530654386,-0.38155485984526494,False,False,False,,keep
T23_NEMATODE,T23,cross_framing,nematode,T5,The committee agreed that the nematode's fear was a morally relevant factor in their decision.,False,78.09480285644531,-0.3187539356148543,False,77.79706109364828,20.631203530654386,0.014431623552869253,False,False,False,,keep
T23_COCKROACH,T23,cross_framing,cockroach,T5,The committee agreed that the cockroach's fear was a morally relevant factor in their decision.,False,53.378597259521484,-0.5956859178918725,False,77.79706109364828,20.631203530654386,-1.1835695284497194,False,False,False,,keep
T23_MITE,T23,cross_framing,mite,T5,The committee agreed that the mite's fear was a morally relevant factor in their decision.,False,76.64236450195312,-0.33502773747604103,False,77.79706109364828,20.631203530654386,-0.05596845525659605,False,False,False,,keep
T23_WOODLOUSE,T23,cross_framing,woodlouse,T5,The committee agreed that the woodlouse's fear was a morally relevant factor in their decision.,False,64.45835876464844,-0.4715430633287397,False,77.79706109364828,20.631203530654386,-0.6465304997442757,False,False,False,,keep
T23_OAK_TREE,T23,cross_framing,oak tree,T6,The committee agreed that the oak tree's fear was a morally relevant factor in their decision.,True,85.5015869140625,-0.2357648463984645,False,77.79706109364828,20.631203530654386,0.373440444662699,False,False,False,,keep
T23_MUSHROOM,T23,cross_framing,mushroom,T6,The committee agreed that the mushroom's fear was a morally relevant factor in their decision.,False,124.6198959350586,0.20253507055390538,False,77.79706109364828,20.631203530654386,2.2695154343196564,True,False,True,template_z=2.27,keep_expected_anomaly
T23_BACTERIUM,T23,cross_framing,bacterium,T6,The committee agreed that the bacterium's fear was a morally relevant factor in their decision.,False,91.55741882324219,-0.167912459899694,False,77.79706109364828,20.631203530654386,0.6669682507444805,False,False,False,,keep
T23_MOSS,T23,cross_framing,moss,T6,The committee agreed that the moss's fear was a morally relevant factor in their decision.,False,116.3458251953125,0.10982849379103275,False,77.79706109364828,20.631203530654386,1.8684689937931855,False,False,False,,keep
T23_SEAWEED,T23,cross_framing,seaweed,T6,The committee agreed that the seaweed's fear was a morally relevant factor in their decision.,False,97.17646789550781,-0.10495399356099228,False,77.79706109364828,20.631203530654386,0.9393250749072927,False,False,False,,keep
T23_ROCK,T23,cross_framing,rock,T6,The committee agreed that the rock's fear was a morally relevant factor in their decision.,False,113.13117980957031,0.0738100962461421,False,77.79706109364828,20.631203530654386,1.7126542648576786,False,False,False,,keep
T23_TABLE,T23,cross_framing,table,T6,The committee agreed that the table's fear was a morally relevant factor in their decision.,False,102.02529907226562,-0.05062541046839685,False,77.79706109364828,20.631203530654386,1.174349229923421,False,False,False,,keep
T23_CLOUD,T23,cross_framing,cloud,T6,The committee agreed that the cloud's fear was a morally relevant factor in their decision.,False,126.86317443847656,0.2276698170794109,False,77.79706109364828,20.631203530654386,2.3782477484614293,True,False,True,template_z=2.38,keep_expected_anomaly
T23_RIVER,T23,cross_framing,river,T6,The committee agreed that the river's fear was a morally relevant factor in their decision.,False,89.23355865478516,-0.19395008126765623,False,77.79706109364828,20.631203530654386,0.5543301215629144,False,False,False,,keep
T23_STATUE,T23,cross_framing,statue,T6,The committee agreed that the statue's fear was a morally relevant factor in their decision.,False,88.85202026367188,-0.1982250166962131,False,77.79706109364828,20.631203530654386,0.5358368528330325,False,False,False,,keep
T24_CHILD,T24,cross_framing,child,T1,"It was impossible to ignore that the child was suffering, and everyone felt they had a responsibility to help.",False,14.822216987609863,-1.0276897210749925,False,20.435494041442873,2.7070369804519556,-2.073587133965137,False,False,False,,keep
T24_INFANT,T24,cross_framing,infant,T1,"It was impossible to ignore that the infant was suffering, and everyone felt they had a responsibility to help.",False,17.54612922668457,-0.9971697283132606,False,20.435494041442873,2.7070369804519556,-1.067353285390252,False,False,False,,keep
T24_ELDERLY_PERSON,T24,cross_framing,elderly person,T1,"It was impossible to ignore that the elderly person was suffering, and everyone felt they had a responsibility to help.",True,17.919979095458984,-0.9929809387020192,False,20.435494041442873,2.7070369804519556,-0.9292503073097688,False,False,False,,keep
T24_WORKER,T24,cross_framing,worker,T1,"It was impossible to ignore that the worker was suffering, and everyone felt they had a responsibility to help.",False,19.03987693786621,-0.9804330770074156,False,20.435494041442873,2.7070369804519556,-0.5155515471915183,False,False,False,,keep
T24_PATIENT,T24,cross_framing,patient,T1,"It was impossible to ignore that the patient was suffering, and everyone felt they had a responsibility to help.",False,16.000072479248047,-1.0144924746426423,False,20.435494041442873,2.7070369804519556,-1.6384783784720613,False,False,False,,keep
T24_PRISONER,T24,cross_framing,prisoner,T1,"It was impossible to ignore that the prisoner was suffering, and everyone felt they had a responsibility to help.",False,18.065948486328125,-0.991345429052019,False,20.435494041442873,2.7070369804519556,-0.875328106791928,False,False,False,,keep
T24_REFUGEE,T24,cross_framing,refugee,T1,"It was impossible to ignore that the refugee was suffering, and everyone felt they had a responsibility to help.",False,19.26019859313965,-0.9779644896470231,False,20.435494041442873,2.7070369804519556,-0.43416305606102273,False,False,False,,keep
T24_SOLDIER,T24,cross_framing,soldier,T1,"It was impossible to ignore that the soldier was suffering, and everyone felt they had a responsibility to help.",False,18.568012237548828,-0.9857200708509085,False,20.435494041442873,2.7070369804519556,-0.689861947723469,False,False,False,,keep
T24_TEENAGER,T24,cross_framing,teenager,T1,"It was impossible to ignore that the teenager was suffering, and everyone felt they had a responsibility to help.",False,18.353710174560547,-0.9881212118705797,False,20.435494041442873,2.7070369804519556,-0.7690267557906652,False,False,False,,keep
T24_WOMAN,T24,cross_framing,woman,T1,"It was impossible to ignore that the woman was suffering, and everyone felt they had a responsibility to help.",False,14.972467422485352,-1.0260062445961744,False,20.435494041442873,2.7070369804519556,-2.0180834833092813,False,False,False,,keep
T24_DOG,T24,cross_framing,dog,T2,"It was impossible to ignore that the dog was suffering, and everyone felt they had a responsibility to help.",False,16.463973999023438,-1.0092947040160414,False,20.435494041442873,2.7070369804519556,-1.4671096372523018,False,False,False,,keep
T24_CHIMPANZEE,T24,cross_framing,chimpanzee,T2,"It was impossible to ignore that the chimpanzee was suffering, and everyone felt they had a responsibility to help.",False,14.542437553405762,-1.0308245013312356,False,20.435494041442873,2.7070369804519556,-2.1769397797636407,False,False,False,,keep
T24_PIG,T24,cross_framing,pig,T2,"It was impossible to ignore that the pig was suffering, and everyone felt they had a responsibility to help.",False,19.749244689941406,-0.9724849873633471,False,20.435494041442873,2.7070369804519556,-0.25350571730530735,False,False,False,,keep
T24_COW,T24,cross_framing,cow,T2,"It was impossible to ignore that the cow was suffering, and everyone felt they had a responsibility to help.",False,20.080902099609375,-0.9687689418912362,False,20.435494041442873,2.7070369804519556,-0.13098895375056765,False,False,False,,keep
T24_DOLPHIN,T24,cross_framing,dolphin,T2,"It was impossible to ignore that the dolphin was suffering, and everyone felt they had a responsibility to help.",False,17.740877151489258,-0.9949876810467817,False,20.435494041442873,2.7070369804519556,-0.9954119243334949,False,False,False,,keep
T24_ELEPHANT,T24,cross_framing,elephant,T2,"It was impossible to ignore that the elephant was suffering, and everyone felt they had a responsibility to help.",False,18.158740997314453,-0.9903057381533842,False,20.435494041442873,2.7070369804519556,-0.8410498491780124,False,False,False,,keep
T24_RABBIT,T24,cross_framing,rabbit,T2,"It was impossible to ignore that the rabbit was suffering, and everyone felt they had a responsibility to help.",False,20.167192459106445,-0.9678021041534123,False,20.435494041442873,2.7070369804519556,-0.09911264023132506,False,False,False,,keep
T24_RAT,T24,cross_framing,rat,T2,"It was impossible to ignore that the rat was suffering, and everyone felt they had a responsibility to help.",False,21.14983558654785,-0.9567921087847419,False,20.435494041442873,2.7070369804519556,0.2638831867696597,False,False,False,,keep
T24_HORSE,T24,cross_framing,horse,T2,"It was impossible to ignore that the horse was suffering, and everyone felt they had a responsibility to help.",False,18.660842895507812,-0.984679952535666,False,20.435494041442873,2.7070369804519556,-0.6555695983284172,False,False,False,,keep
T24_WHALE,T24,cross_framing,whale,T2,"It was impossible to ignore that the whale was suffering, and everyone felt they had a responsibility to help.",False,18.007091522216797,-0.9920048901362958,False,20.435494041442873,2.7070369804519556,-0.89707031590704,False,False,False,,keep
T24_SALMON,T24,cross_framing,salmon,T3,"It was impossible to ignore that the salmon was suffering, and everyone felt they had a responsibility to help.",False,20.96115493774414,-0.9589061754397395,False,20.435494041442873,2.7070369804519556,0.1941831235026224,False,False,False,,keep
T24_CHICKEN,T24,cross_framing,chicken,T3,"It was impossible to ignore that the chicken was suffering, and everyone felt they had a responsibility to help.",False,21.163373947143555,-0.9566404186306101,False,20.435494041442873,2.7070369804519556,0.268884359894913,False,False,False,,keep
T24_FROG,T24,cross_framing,frog,T3,"It was impossible to ignore that the frog was suffering, and everyone felt they had a responsibility to help.",False,20.918010711669922,-0.9593895836232363,False,20.435494041442873,2.7070369804519556,0.17824531903752952,False,False,False,,keep
T24_ZEBRAFISH,T24,cross_framing,zebrafish,T3,"It was impossible to ignore that the zebrafish was suffering, and everyone felt they had a responsibility to help.",False,24.294336318969727,-0.9215596448983957,False,20.435494041442873,2.7070369804519556,1.4254856159676836,False,False,False,,keep
T24_CROW,T24,cross_framing,crow,T3,"It was impossible to ignore that the crow was suffering, and everyone felt they had a responsibility to help.",False,23.119722366333008,-0.9347205716044923,False,20.435494041442873,2.7070369804519556,0.9915743095766604,False,False,False,,keep
T24_SNAKE,T24,cross_framing,snake,T3,"It was impossible to ignore that the snake was suffering, and everyone felt they had a responsibility to help.",False,21.187278747558594,-0.9563725780132907,False,20.435494041442873,2.7070369804519556,0.2777149745439408,False,False,False,,keep
T24_TUNA,T24,cross_framing,tuna,T3,"It was impossible to ignore that the tuna was suffering, and everyone felt they had a responsibility to help.",False,20.831466674804688,-0.9603592636815026,False,20.435494041442873,2.7070369804519556,0.1462752951737309,False,False,False,,keep
T24_GECKO,T24,cross_framing,gecko,T3,"It was impossible to ignore that the gecko was suffering, and everyone felt they had a responsibility to help.",False,21.6286678314209,-0.951427047297822,False,20.435494041442873,2.7070369804519556,0.4407674511261455,False,False,False,,keep
T24_TROUT,T24,cross_framing,trout,T3,"It was impossible to ignore that the trout was suffering, and everyone felt they had a responsibility to help.",False,25.688385009765625,-0.9059400682680395,False,20.435494041442873,2.7070369804519556,1.9404577795777846,False,False,False,,keep
T24_PIGEON,T24,cross_framing,pigeon,T3,"It was impossible to ignore that the pigeon was suffering, and everyone felt they had a responsibility to help.",False,19.1937198638916,-0.9787093485695516,False,20.435494041442873,2.7070369804519556,-0.45872080304715657,False,False,False,,keep
T24_OCTOPUS,T24,cross_framing,octopus,T4,"It was impossible to ignore that the octopus was suffering, and everyone felt they had a responsibility to help.",False,18.957347869873047,-0.9813577714677038,False,20.435494041442873,2.7070369804519556,-0.5460384110907271,False,False,False,,keep
T24_CRAB,T24,cross_framing,crab,T4,"It was impossible to ignore that the crab was suffering, and everyone felt they had a responsibility to help.",False,22.050769805908203,-0.9466976184192906,False,20.435494041442873,2.7070369804519556,0.5966951231658649,False,False,False,,keep
T24_BEE,T24,cross_framing,bee,T4,"It was impossible to ignore that the bee was suffering, and everyone felt they had a responsibility to help.",False,20.869516372680664,-0.9599329369859864,False,20.435494041442873,2.7070369804519556,0.1603311422680783,False,False,False,,keep
T24_SHRIMP,T24,cross_framing,shrimp,T4,"It was impossible to ignore that the shrimp was suffering, and everyone felt they had a responsibility to help.",False,23.639978408813477,-0.9288913784230906,False,20.435494041442873,2.7070369804519556,1.1837608390689944,False,False,False,,keep
T24_LOBSTER,T24,cross_framing,lobster,T4,"It was impossible to ignore that the lobster was suffering, and everyone felt they had a responsibility to help.",False,20.37810516357422,-0.9654389390993501,False,20.435494041442873,2.7070369804519556,-0.021199886918084273,False,False,False,,keep
T24_SQUID,T24,cross_framing,squid,T4,"It was impossible to ignore that the squid was suffering, and everyone felt they had a responsibility to help.",False,20.00010108947754,-0.9696742743791881,False,20.435494041442873,2.7070369804519556,-0.1608374599643046,False,False,False,,keep
T24_CRAYFISH,T24,cross_framing,crayfish,T4,"It was impossible to ignore that the crayfish was suffering, and everyone felt they had a responsibility to help.",False,18.608123779296875,-0.9852706422877372,False,20.435494041442873,2.7070369804519556,-0.6750444398587075,False,False,False,,keep
T24_BUMBLEBEE,T24,cross_framing,bumblebee,T4,"It was impossible to ignore that the bumblebee was suffering, and everyone felt they had a responsibility to help.",False,18.012832641601562,-0.9919405639368118,False,20.435494041442873,2.7070369804519556,-0.8949495028460352,False,False,False,,keep
T24_MUSSEL,T24,cross_framing,mussel,T4,"It was impossible to ignore that the mussel was suffering, and everyone felt they had a responsibility to help.",False,21.79042625427246,-0.949614629913826,False,20.435494041442873,2.7070369804519556,0.5005222398562781,False,False,False,,keep
T24_MANTIS_SHRIMP,T24,cross_framing,mantis shrimp,T4,"It was impossible to ignore that the mantis shrimp was suffering, and everyone felt they had a responsibility to help.",True,19.907123565673828,-0.9707160382483709,False,20.435494041442873,2.7070369804519556,-0.19518406271673092,False,False,False,,keep
T24_ANT,T24,cross_framing,ant,T5,"It was impossible to ignore that the ant was suffering, and everyone felt they had a responsibility to help.",False,23.71417236328125,-0.9280600744916211,False,20.435494041442873,2.7070369804519556,1.2111686487899338,False,False,False,,keep
T24_FLY,T24,cross_framing,fly,T5,"It was impossible to ignore that the fly was suffering, and everyone felt they had a responsibility to help.",False,25.555238723754883,-0.9074319018253055,False,20.435494041442873,2.7070369804519556,1.8912725312888925,False,False,False,,keep
T24_EARTHWORM,T24,cross_framing,earthworm,T5,"It was impossible to ignore that the earthworm was suffering, and everyone felt they had a responsibility to help.",False,22.91105842590332,-0.9370585404495209,False,20.435494041442873,2.7070369804519556,0.9144922667614012,False,False,False,,keep
T24_MOTH,T24,cross_framing,moth,T5,"It was impossible to ignore that the moth was suffering, and everyone felt they had a responsibility to help.",False,23.583599090576172,-0.9295230787986865,False,20.435494041442873,2.7070369804519556,1.1629338911386815,False,False,False,,keep
T24_BEETLE,T24,cross_framing,beetle,T5,"It was impossible to ignore that the beetle was suffering, and everyone felt they had a responsibility to help.",False,18.978864669799805,-0.9811166871300369,False,20.435494041442873,2.7070369804519556,-0.5380899419408283,False,False,False,,keep
T24_APHID,T24,cross_framing,aphid,T5,"It was impossible to ignore that the aphid was suffering, and everyone felt they had a responsibility to help.",False,19.594175338745117,-0.9742224572451539,False,20.435494041442873,2.7070369804519556,-0.31078951221319934,False,False,False,,keep
T24_NEMATODE,T24,cross_framing,nematode,T5,"It was impossible to ignore that the nematode was suffering, and everyone felt they had a responsibility to help.",False,20.500638961791992,-0.9640660128423924,False,20.435494041442873,2.7070369804519556,0.02406502785870452,False,False,False,,keep
T24_COCKROACH,T24,cross_framing,cockroach,T5,"It was impossible to ignore that the cockroach was suffering, and everyone felt they had a responsibility to help.",False,17.22126007080078,-1.0008097150000017,False,20.435494041442873,2.7070369804519556,-1.1873624164917969,False,False,False,,keep
T24_MITE,T24,cross_framing,mite,T5,"It was impossible to ignore that the mite was suffering, and everyone felt they had a responsibility to help.",False,21.864505767822266,-0.94878460823218,False,20.435494041442873,2.7070369804519556,0.5278877742338087,False,False,False,,keep
T24_WOODLOUSE,T24,cross_framing,woodlouse,T5,"It was impossible to ignore that the woodlouse was suffering, and everyone felt they had a responsibility to help.",False,21.637332916259766,-0.9513299596153453,False,20.435494041442873,2.7070369804519556,0.44396839921124354,False,False,False,,keep
T24_OAK_TREE,T24,cross_framing,oak tree,T6,"It was impossible to ignore that the oak tree was suffering, and everyone felt they had a responsibility to help.",True,20.905719757080078,-0.9595272972542909,False,20.435494041442873,2.7070369804519556,0.17370494715543142,False,False,False,,keep
T24_MUSHROOM,T24,cross_framing,mushroom,T6,"It was impossible to ignore that the mushroom was suffering, and everyone felt they had a responsibility to help.",False,26.539915084838867,-0.8963991251514358,False,20.435494041442873,2.7070369804519556,2.255019450224439,True,False,True,template_z=2.26,keep_expected_anomaly
T24_BACTERIUM,T24,cross_framing,bacterium,T6,"It was impossible to ignore that the bacterium was suffering, and everyone felt they had a responsibility to help.",False,22.841419219970703,-0.9378388108380111,False,20.435494041442873,2.7070369804519556,0.8887670157081294,False,False,False,,keep
T24_MOSS,T24,cross_framing,moss,T6,"It was impossible to ignore that the moss was suffering, and everyone felt they had a responsibility to help.",False,25.598377227783203,-0.9069485577542999,False,20.435494041442873,2.7070369804519556,1.907208221986815,False,False,False,,keep
T24_SEAWEED,T24,cross_framing,seaweed,T6,"It was impossible to ignore that the seaweed was suffering, and everyone felt they had a responsibility to help.",False,22.49787139892578,-0.941688082066794,False,20.435494041442873,2.7070369804519556,0.7618578439732223,False,False,False,,keep
T24_ROCK,T24,cross_framing,rock,T6,"It was impossible to ignore that the rock was suffering, and everyone felt they had a responsibility to help.",False,23.5042724609375,-0.9304118916347444,False,20.435494041442873,2.7070369804519556,1.1336300322658603,False,False,False,,keep
T24_TABLE,T24,cross_framing,table,T6,"It was impossible to ignore that the table was suffering, and everyone felt they had a responsibility to help.",False,21.923063278198242,-0.9481285023682748,False,20.435494041442873,2.7070369804519556,0.5495193628670013,False,False,False,,keep
T24_CLOUD,T24,cross_framing,cloud,T6,"It was impossible to ignore that the cloud was suffering, and everyone felt they had a responsibility to help.",False,23.408294677734375,-0.9314872718201359,False,20.435494041442873,2.7070369804519556,1.0981751109270683,False,False,False,,keep
T24_RIVER,T24,cross_framing,river,T6,"It was impossible to ignore that the river was suffering, and everyone felt they had a responsibility to help.",False,19.65534210205078,-0.9735371160852707,False,20.435494041442873,2.7070369804519556,-0.28819404575028756,False,False,False,,keep
T24_STATUE,T24,cross_framing,statue,T6,"It was impossible to ignore that the statue was suffering, and everyone felt they had a responsibility to help.",False,21.224328994750977,-0.9559574496329006,False,20.435494041442873,2.7070369804519556,0.2914016169725186,False,False,False,,keep
T25_CHILD,T25,cross_framing,child,T1,"The child trembled with fear, yet the question of whether its experience counted remained unresolved.",False,79.00149536132812,-0.30859492671244565,False,82.09575303395589,15.823846796468704,-0.19554396048110664,False,False,False,,keep
T25_INFANT,T25,cross_framing,infant,T1,"The infant trembled with fear, yet the question of whether its experience counted remained unresolved.",False,88.01729583740234,-0.20757766142622125,False,82.09575303395589,15.823846796468704,0.37421638869556834,False,False,False,,keep
T25_ELDERLY_PERSON,T25,cross_framing,elderly person,T1,"The elderly person trembled with fear, yet the question of whether its experience counted remained unresolved.",True,93.30732727050781,-0.14830566333036613,False,82.09575303395589,15.823846796468704,0.708523937368626,False,False,False,,keep
T25_WORKER,T25,cross_framing,worker,T1,"The worker trembled with fear, yet the question of whether its experience counted remained unresolved.",False,100.10931396484375,-0.07209300798173132,False,82.09575303395589,15.823846796468704,1.1383806455272192,False,False,False,,keep
T25_PATIENT,T25,cross_framing,patient,T1,"The patient trembled with fear, yet the question of whether its experience counted remained unresolved.",False,88.04818725585938,-0.20723153945717115,False,82.09575303395589,15.823846796468704,0.37616859531475305,False,False,False,,keep
T25_PRISONER,T25,cross_framing,prisoner,T1,"The prisoner trembled with fear, yet the question of whether its experience counted remained unresolved.",False,113.46495056152344,0.07754982059832882,False,82.09575303395589,15.823846796468704,1.9824002299218413,False,False,False,,keep
T25_REFUGEE,T25,cross_framing,refugee,T1,"The refugee trembled with fear, yet the question of whether its experience counted remained unresolved.",False,102.24226379394531,-0.04819443576949665,False,82.09575303395589,15.823846796468704,1.2731740277266448,False,False,False,,keep
T25_SOLDIER,T25,cross_framing,soldier,T1,"The soldier trembled with fear, yet the question of whether its experience counted remained unresolved.",False,94.16976928710938,-0.1386424576930823,False,82.09575303395589,15.823846796468704,0.7630266147323899,False,False,False,,keep
T25_TEENAGER,T25,cross_framing,teenager,T1,"The teenager trembled with fear, yet the question of whether its experience counted remained unresolved.",False,100.99705505371094,-0.06214633965011061,False,82.09575303395589,15.823846796468704,1.1944821169510513,False,False,False,,keep
T25_WOMAN,T25,cross_framing,woman,T1,"The woman trembled with fear, yet the question of whether its experience counted remained unresolved.",False,87.80857849121094,-0.20991622865450077,False,82.09575303395589,15.823846796468704,0.36102633770000486,False,False,False,,keep
T25_DOG,T25,cross_framing,dog,T2,"The dog trembled with fear, yet the question of whether its experience counted remained unresolved.",False,66.64750671386719,-0.4470148209697964,False,82.09575303395589,15.823846796468704,-0.9762636430185975,False,False,False,,keep
T25_CHIMPANZEE,T25,cross_framing,chimpanzee,T2,"The chimpanzee trembled with fear, yet the question of whether its experience counted remained unresolved.",False,43.11700439453125,-0.7106616265328113,False,82.09575303395589,15.823846796468704,-2.463291583948048,False,False,False,,keep
T25_PIG,T25,cross_framing,pig,T2,"The pig trembled with fear, yet the question of whether its experience counted remained unresolved.",False,80.20209503173828,-0.2951428438130705,False,82.09575303395589,15.823846796468704,-0.11967115370708722,False,False,False,,keep
T25_COW,T25,cross_framing,cow,T2,"The cow trembled with fear, yet the question of whether its experience counted remained unresolved.",False,96.6090087890625,-0.11131207205296777,False,82.09575303395589,15.823846796468704,0.9171762051150187,False,False,False,,keep
T25_DOLPHIN,T25,cross_framing,dolphin,T2,"The dolphin trembled with fear, yet the question of whether its experience counted remained unresolved.",False,73.53163146972656,-0.369881852181104,False,82.09575303395589,15.823846796468704,-0.5412161577638959,False,False,False,,keep
T25_ELEPHANT,T25,cross_framing,elephant,T2,"The elephant trembled with fear, yet the question of whether its experience counted remained unresolved.",False,82.19538116455078,-0.2728091292855558,False,82.09575303395589,15.823846796468704,0.006296075276533098,False,False,False,,keep
T25_RABBIT,T25,cross_framing,rabbit,T2,"The rabbit trembled with fear, yet the question of whether its experience counted remained unresolved.",False,65.34465026855469,-0.46161263682821785,False,82.09575303395589,15.823846796468704,-1.0585986442398712,False,False,False,,keep
T25_RAT,T25,cross_framing,rat,T2,"The rat trembled with fear, yet the question of whether its experience counted remained unresolved.",False,85.73695373535156,-0.23312768592792962,False,82.09575303395589,15.823846796468704,0.2301084400165108,False,False,False,,keep
T25_HORSE,T25,cross_framing,horse,T2,"The horse trembled with fear, yet the question of whether its experience counted remained unresolved.",False,72.70657348632812,-0.3791261895426788,False,82.09575303395589,15.823846796468704,-0.5933563227952308,False,False,False,,keep
T25_WHALE,T25,cross_framing,whale,T2,"The whale trembled with fear, yet the question of whether its experience counted remained unresolved.",False,94.42265319824219,-0.13580902751621524,False,82.09575303395589,15.823846796468704,0.7790078052978374,False,False,False,,keep
T25_SALMON,T25,cross_framing,salmon,T3,"The salmon trembled with fear, yet the question of whether its experience counted remained unresolved.",False,93.05029296875,-0.15118559643416904,False,82.09575303395589,15.823846796468704,0.6922804597197415,False,False,False,,keep
T25_CHICKEN,T25,cross_framing,chicken,T3,"The chicken trembled with fear, yet the question of whether its experience counted remained unresolved.",False,83.08832550048828,-0.2628041613286221,False,82.09575303395589,15.823846796468704,0.06272636984540948,False,False,False,,keep
T25_FROG,T25,cross_framing,frog,T3,"The frog trembled with fear, yet the question of whether its experience counted remained unresolved.",False,80.23594665527344,-0.29476355431525,False,82.09575303395589,15.823846796468704,-0.11753187468280403,False,False,False,,keep
T25_ZEBRAFISH,T25,cross_framing,zebrafish,T3,"The zebrafish trembled with fear, yet the question of whether its experience counted remained unresolved.",False,100.511474609375,-0.06758701113496195,False,82.09575303395589,15.823846796468704,1.163795492479668,False,False,False,,keep
T25_CROW,T25,cross_framing,crow,T3,"The crow trembled with fear, yet the question of whether its experience counted remained unresolved.",False,86.86833953857422,-0.22045110772186705,False,82.09575303395589,15.823846796468704,0.3016072239579187,False,False,False,,keep
T25_SNAKE,T25,cross_framing,snake,T3,"The snake trembled with fear, yet the question of whether its experience counted remained unresolved.",False,74.24441528320312,-0.3618954873798011,False,82.09575303395589,15.823846796468704,-0.4961712440558316,False,False,False,,keep
T25_TUNA,T25,cross_framing,tuna,T3,"The tuna trembled with fear, yet the question of whether its experience counted remained unresolved.",False,88.93480682373047,-0.1972974371738217,False,82.09575303395589,15.823846796468704,0.4321991913686124,False,False,False,,keep
T25_GECKO,T25,cross_framing,gecko,T3,"The gecko trembled with fear, yet the question of whether its experience counted remained unresolved.",False,64.46764373779297,-0.471439030126385,False,82.09575303395589,15.823846796468704,-1.1140217371225345,False,False,False,,keep
T25_TROUT,T25,cross_framing,trout,T3,"The trout trembled with fear, yet the question of whether its experience counted remained unresolved.",False,109.41583251953125,0.032181599273041914,False,82.09575303395589,15.823846796468704,1.7265131441788346,False,False,False,,keep
T25_PIGEON,T25,cross_framing,pigeon,T3,"The pigeon trembled with fear, yet the question of whether its experience counted remained unresolved.",False,70.32803344726562,-0.4057764698763565,False,82.09575303395589,15.823846796468704,-0.7436699645825933,False,False,False,,keep
T25_OCTOPUS,T25,cross_framing,octopus,T4,"The octopus trembled with fear, yet the question of whether its experience counted remained unresolved.",False,64.83393859863281,-0.4673348903743315,False,82.09575303395589,15.823846796468704,-1.0908734555730957,False,False,False,,keep
T25_CRAB,T25,cross_framing,crab,T4,"The crab trembled with fear, yet the question of whether its experience counted remained unresolved.",False,83.78341674804688,-0.25501603235004766,False,82.09575303395589,15.823846796468704,0.1066531884312487,False,False,False,,keep
T25_BEE,T25,cross_framing,bee,T4,"The bee trembled with fear, yet the question of whether its experience counted remained unresolved.",False,93.5631103515625,-0.1454397494913012,False,82.09575303395589,15.823846796468704,0.7246883431761802,False,False,False,,keep
T25_SHRIMP,T25,cross_framing,shrimp,T4,"The shrimp trembled with fear, yet the question of whether its experience counted remained unresolved.",False,99.49070739746094,-0.07902416666153393,False,82.09575303395589,15.823846796468704,1.0992873343153802,False,False,False,,keep
T25_LOBSTER,T25,cross_framing,lobster,T4,"The lobster trembled with fear, yet the question of whether its experience counted remained unresolved.",False,74.47084045410156,-0.3593585133621501,False,82.09575303395589,15.823846796468704,-0.4818621336472951,False,False,False,,keep
T25_SQUID,T25,cross_framing,squid,T4,"The squid trembled with fear, yet the question of whether its experience counted remained unresolved.",False,63.34580612182617,-0.48400862595549865,False,82.09575303395589,15.823846796468704,-1.184917116128425,False,False,False,,keep
T25_CRAYFISH,T25,cross_framing,crayfish,T4,"The crayfish trembled with fear, yet the question of whether its experience counted remained unresolved.",False,58.26866149902344,-0.5408953401878345,False,82.09575303395589,15.823846796468704,-1.5057711213590474,False,False,False,,keep
T25_BUMBLEBEE,T25,cross_framing,bumblebee,T4,"The bumblebee trembled with fear, yet the question of whether its experience counted remained unresolved.",False,54.17134094238281,-0.5868036451388212,False,82.09575303395589,15.823846796468704,-1.7647044015747655,False,False,False,,keep
T25_MUSSEL,T25,cross_framing,mussel,T4,"The mussel trembled with fear, yet the question of whether its experience counted remained unresolved.",False,81.82286834716797,-0.27698293794469153,False,82.09575303395589,15.823846796468704,-0.017245154752687328,False,False,False,,keep
T25_MANTIS_SHRIMP,T25,cross_framing,mantis shrimp,T4,"The mantis shrimp trembled with fear, yet the question of whether its experience counted remained unresolved.",True,55.14451599121094,-0.5758997345722232,False,82.09575303395589,15.823846796468704,-1.703203866253272,False,False,False,,keep
T25_ANT,T25,cross_framing,ant,T5,"The ant trembled with fear, yet the question of whether its experience counted remained unresolved.",False,96.50790405273438,-0.11244489703045654,False,82.09575303395589,15.823846796468704,0.9107868146192332,False,False,False,,keep
T25_FLY,T25,cross_framing,fly,T5,"The fly trembled with fear, yet the question of whether its experience counted remained unresolved.",False,91.44598388671875,-0.16916102929459295,False,82.09575303395589,15.823846796468704,0.5908949304823583,False,False,False,,keep
T25_EARTHWORM,T25,cross_framing,earthworm,T5,"The earthworm trembled with fear, yet the question of whether its experience counted remained unresolved.",False,73.85301208496094,-0.3662809527431522,False,82.09575303395589,15.823846796468704,-0.5209062660309897,False,False,False,,keep
T25_MOTH,T25,cross_framing,moth,T5,"The moth trembled with fear, yet the question of whether its experience counted remained unresolved.",False,78.47870635986328,-0.31445250035660977,False,82.09575303395589,15.823846796468704,-0.22858200794131783,False,False,False,,keep
T25_BEETLE,T25,cross_framing,beetle,T5,"The beetle trembled with fear, yet the question of whether its experience counted remained unresolved.",False,61.74311828613281,-0.5019658936100883,False,82.09575303395589,15.823846796468704,-1.2862001894738406,False,False,False,,keep
T25_APHID,T25,cross_framing,aphid,T5,"The aphid trembled with fear, yet the question of whether its experience counted remained unresolved.",False,76.59884643554688,-0.33551533434229486,False,82.09575303395589,15.823846796468704,-0.3473811816501989,False,False,False,,keep
T25_NEMATODE,T25,cross_framing,nematode,T5,"The nematode trembled with fear, yet the question of whether its experience counted remained unresolved.",False,70.65081024169922,-0.40215992699055686,False,82.09575303395589,15.823846796468704,-0.7232718402462514,False,False,False,,keep
T25_COCKROACH,T25,cross_framing,cockroach,T5,"The cockroach trembled with fear, yet the question of whether its experience counted remained unresolved.",False,49.01276397705078,-0.6446027656039692,False,82.09575303395589,15.823846796468704,-2.090704585454404,False,False,False,,keep
T25_MITE,T25,cross_framing,mite,T5,"The mite trembled with fear, yet the question of whether its experience counted remained unresolved.",False,65.1070327758789,-0.4642750148786169,False,82.09575303395589,15.823846796468704,-1.0736150619120146,False,False,False,,keep
T25_WOODLOUSE,T25,cross_framing,woodlouse,T5,"The woodlouse trembled with fear, yet the question of whether its experience counted remained unresolved.",False,57.132598876953125,-0.5536243196700215,False,82.09575303395589,15.823846796468704,-1.577565460414696,False,False,False,,keep
T25_OAK_TREE,T25,cross_framing,oak tree,T6,"The oak tree trembled with fear, yet the question of whether its experience counted remained unresolved.",True,73.93313598632812,-0.3653832068999899,False,82.09575303395589,15.823846796468704,-0.515842775313608,False,False,False,,keep
T25_MUSHROOM,T25,cross_framing,mushroom,T6,"The mushroom trembled with fear, yet the question of whether its experience counted remained unresolved.",False,98.78691101074219,-0.08690983211002348,False,82.09575303395589,15.823846796468704,1.0548103878578468,False,False,False,,keep
T25_BACTERIUM,T25,cross_framing,bacterium,T6,"The bacterium trembled with fear, yet the question of whether its experience counted remained unresolved.",False,82.68435668945312,-0.26733041772260435,False,82.09575303395589,15.823846796468704,0.03719725443933092,False,False,False,,keep
T25_MOSS,T25,cross_framing,moss,T6,"The moss trembled with fear, yet the question of whether its experience counted remained unresolved.",False,108.40823364257812,0.020891987959505375,False,82.09575303395589,15.823846796468704,1.6628371689300105,False,False,False,,keep
T25_SEAWEED,T25,cross_framing,seaweed,T6,"The seaweed trembled with fear, yet the question of whether its experience counted remained unresolved.",False,89.57212829589844,-0.1901565879061999,False,82.09575303395589,15.823846796468704,0.4724752051827878,False,False,False,,keep
T25_ROCK,T25,cross_framing,rock,T6,"The rock trembled with fear, yet the question of whether its experience counted remained unresolved.",False,93.85812377929688,-0.1421342804127066,False,82.09575303395589,15.823846796468704,0.7433319404966631,False,False,False,,keep
T25_TABLE,T25,cross_framing,table,T6,"The table trembled with fear, yet the question of whether its experience counted remained unresolved.",False,87.49560546875,-0.2134229254720788,False,82.09575303395589,15.823846796468704,0.34124777016920815,False,False,False,,keep
T25_CLOUD,T25,cross_framing,cloud,T6,"The cloud trembled with fear, yet the question of whether its experience counted remained unresolved.",False,100.80546569824219,-0.06429299682145817,False,82.09575303395589,15.823846796468704,1.1823744823200395,False,False,False,,keep
T25_RIVER,T25,cross_framing,river,T6,"The river trembled with fear, yet the question of whether its experience counted remained unresolved.",False,89.9727554321289,-0.18566777320706676,False,82.09575303395589,15.823846796468704,0.49779314091506965,False,False,False,,keep
T25_STATUE,T25,cross_framing,statue,T6,"The statue trembled with fear, yet the question of whether its experience counted remained unresolved.",False,91.97767639160156,-0.16320369661415285,False,82.09575303395589,15.823846796468704,0.6244956415939867,False,False,False,,keep
